image_name,size,main_duration_ms,minio_get_ms,minio_put_ms
0b2ea7dd-e924-46b3-9bee-da0e7e68341f.png,437895,3.3323450088500977,0.03599214553833008,0.0
2013f6d1-e482-42d0-8861-6c9f2dc0eb55.png,507864,3.304370641708374,0.03696489334106445,0.0
20b1eded-0838-4fd6-b86e-fd60d9072a4b.png,588654,3.358412027359009,0.017289161682128906,0.0
00d83a64-a624-4ef2-a9b0-2666cde02218.png,581972,3.120605945587158,0.05343437194824219,0.0
11b30384-1954-4335-bbc1-e985d25bc652.png,561086,3.3530170917510986,0.01930379867553711,0.0
00d83a64-a624-4ef2-a9b0-2666cde02218.png,581972,3.0776095390319824,0.034348487854003906,0.0
0a8426c1-93b5-4f84-8d0e-f2e7a83fb6c3.png,410010,2.992553234100342,0.016721010208129883,0.0
04f48a9f-5c84-4e8a-9b32-9c1ccf2e78da.png,675902,3.166289806365967,0.03663468360900879,0.0
2e4673a1-7057-4436-b7d2-d4df4b08946a.png,613870,3.070690631866455,0.023799657821655273,0.0
19a98fb2-0e2c-4c72-acf0-6c530ed8d718.png,817224,2.9816315174102783,0.031012773513793945,0.0
071fa44f-8cd9-477b-8fcb-b02a4ecd10d8.png,606955,2.942835569381714,0.020448684692382812,0.0
0a8426c1-93b5-4f84-8d0e-f2e7a83fb6c3.png,410010,1.3937737941741943,0.025782108306884766,0.0
04305dd9-2607-4bd2-99d6-58a989fced80.png,488295,2.112109422683716,0.02169013023376465,0.0
2ccc7c34-aa70-4ea3-8a76-9a7e311ab5fb.png,541543,5.380425453186035,0.028349637985229492,0.0
2036aaef-025e-4187-89d0-344f697a4546.png,859635,5.577840805053711,0.04316067695617676,0.0
1f98a9d5-4e20-4de9-a7d3-1f4eed9477fd.png,600693,2.4982686042785645,0.015241384506225586,0.0
2d2c2284-d7ba-4fce-9290-a3928b8d548d.png,698377,2.7302796840667725,0.02073049545288086,0.0
12ae73f1-6a75-4664-895b-7caebfd435dc.png,594643,5.9019153118133545,0.09074020385742188,0.0
1fdaac27-9006-4725-9195-175566572458.png,436643,5.56624436378479,0.02552318572998047,0.0
1775215d-5a39-4cc7-a4e3-9ff9a032653d.png,547343,2.8965771198272705,0.02360391616821289,0.0
1dae0fcc-6723-45c0-bbad-b4ecc903ab78.png,640960,3.0368130207061768,0.01343083381652832,0.0
198ba48e-1352-4cad-aaeb-304af1138fbb.png,484563,3.2274982929229736,0.012011051177978516,0.0
19a98fb2-0e2c-4c72-acf0-6c530ed8d718.png,817224,3.3743255138397217,0.018498659133911133,0.0
00d83a64-a624-4ef2-a9b0-2666cde02218.png,581972,3.571727752685547,0.015694618225097656,0.0
11b30384-1954-4335-bbc1-e985d25bc652.png,561086,3.811741590499878,0.013700485229492188,0.0
277e33c1-e61e-4be1-a3dd-0ee39dd997db.png,447135,4.030007362365723,0.021048545837402344,0.0
1869588e-218e-40cb-be35-27539b278535.png,466842,3.241588592529297,0.04032301902770996,0.0
19a98fb2-0e2c-4c72-acf0-6c530ed8d718.png,817224,7.239537715911865,0.04664421081542969,0.0
25d9cece-f660-460f-b9e1-736f33c71c10.png,419408,2.915497064590454,0.04637622833251953,0.0
2013f6d1-e482-42d0-8861-6c9f2dc0eb55.png,507864,7.6837639808654785,0.022408485412597656,0.0
198ba48e-1352-4cad-aaeb-304af1138fbb.png,484563,7.645218849182129,0.026060104370117188,0.0
07d9f765-5d5b-44ba-93c1-fb8f822ba594.png,458180,7.886712074279785,0.041229963302612305,0.0
2013f6d1-e482-42d0-8861-6c9f2dc0eb55.png,507864,7.961707353591919,0.03911781311035156,0.0
25d9cece-f660-460f-b9e1-736f33c71c10.png,419408,8.493827819824219,0.04418230056762695,0.0
1869588e-218e-40cb-be35-27539b278535.png,466842,8.25382924079895,0.03893876075744629,0.0
113af5b7-17a4-4819-9895-e1c5ecf1d0b5.png,753130,8.307563304901123,0.033840179443359375,0.0
0b2ea7dd-e924-46b3-9bee-da0e7e68341f.png,437895,8.591428518295288,0.032514333724975586,0.0
0c10ba0e-8d8f-45f7-ab7d-e34bf486bc30.png,1002197,4.310291290283203,0.012843132019042969,0.0
296039b7-61ef-49f4-bb48-59a533fb3813.png,883630,4.4686102867126465,0.006518125534057617,0.0
22390b77-31da-4a4f-86b5-bc4e8947983a.png,501583,4.693103790283203,0.00591588020324707,0.0
1869588e-218e-40cb-be35-27539b278535.png,466842,4.660258054733276,0.005321025848388672,0.0
22390b77-31da-4a4f-86b5-bc4e8947983a.png,501583,4.867753505706787,0.006646394729614258,0.0
0c10ba0e-8d8f-45f7-ab7d-e34bf486bc30.png,1002197,5.050010919570923,0.006636857986450195,0.0
07d9f765-5d5b-44ba-93c1-fb8f822ba594.png,458180,5.090260982513428,0.00505828857421875,0.0
2b8fd115-c1d6-411b-99ce-c2abbf7040da.png,908959,5.031506776809692,0.005681037902832031,0.0
198ba48e-1352-4cad-aaeb-304af1138fbb.png,484563,5.039017200469971,0.005154848098754883,0.0
19a98fb2-0e2c-4c72-acf0-6c530ed8d718.png,817224,5.043172121047974,0.005650043487548828,0.0
22390b77-31da-4a4f-86b5-bc4e8947983a.png,501583,5.0306525230407715,0.005914449691772461,0.0
0a3c75bb-4bd0-47c8-a2ba-e2aee92ad43f.png,679566,4.936810255050659,0.005045175552368164,0.0
12ae73f1-6a75-4664-895b-7caebfd435dc.png,594643,4.916938781738281,0.0050427913665771484,0.0
0a3c75bb-4bd0-47c8-a2ba-e2aee92ad43f.png,679566,4.843042373657227,0.004896640777587891,0.0
0181d6f8-f366-448d-b0fd-8d0a8b45cea9.png,406667,4.848745107650757,0.005587339401245117,0.0
04f48a9f-5c84-4e8a-9b32-9c1ccf2e78da.png,675902,4.803114175796509,0.005774736404418945,0.0
14c0c190-e885-4937-89c2-f3d26416ef98.png,389301,4.779104471206665,0.005327463150024414,0.0
25d9cece-f660-460f-b9e1-736f33c71c10.png,419408,4.7714622020721436,0.005086421966552734,0.0
2013f6d1-e482-42d0-8861-6c9f2dc0eb55.png,507864,4.745349168777466,0.005059242248535156,0.0
113af5b7-17a4-4819-9895-e1c5ecf1d0b5.png,753130,4.681893587112427,0.0051648616790771484,0.0
1dae0fcc-6723-45c0-bbad-b4ecc903ab78.png,640960,4.687890291213989,0.00553584098815918,0.0
12ae73f1-6a75-4664-895b-7caebfd435dc.png,594643,4.685537338256836,0.005297660827636719,0.0
2e4673a1-7057-4436-b7d2-d4df4b08946a.png,613870,4.619328260421753,0.005907297134399414,0.0
2e4673a1-7057-4436-b7d2-d4df4b08946a.png,613870,4.591974973678589,0.005253791809082031,0.0
2e4673a1-7057-4436-b7d2-d4df4b08946a.png,613870,4.62264347076416,0.006239891052246094,0.0
2036aaef-025e-4187-89d0-344f697a4546.png,859635,4.5446178913116455,0.005471944808959961,0.0
0191d8b3-42e7-451a-a775-23fa86522749.png,446310,4.505054712295532,0.005283355712890625,0.0
25d9cece-f660-460f-b9e1-736f33c71c10.png,419408,4.491053819656372,0.00521397590637207,0.0
1869588e-218e-40cb-be35-27539b278535.png,466842,4.433513641357422,0.00564885139465332,0.0
277e33c1-e61e-4be1-a3dd-0ee39dd997db.png,447135,4.439445972442627,0.006005048751831055,0.0
071fa44f-8cd9-477b-8fcb-b02a4ecd10d8.png,606955,4.366217136383057,0.00658416748046875,0.0
277e33c1-e61e-4be1-a3dd-0ee39dd997db.png,447135,4.432129383087158,0.005688667297363281,0.0
1e88df35-4ac6-4350-bb32-41c09a22d7a4.png,490546,4.380491256713867,0.006592512130737305,0.0
2b79ac47-479a-411a-a05c-96492192124d.png,733663,4.365198135375977,0.007145404815673828,0.0
1e88df35-4ac6-4350-bb32-41c09a22d7a4.png,490546,4.308321714401245,0.005669355392456055,0.0
2013f6d1-e482-42d0-8861-6c9f2dc0eb55.png,507864,4.369791746139526,0.0058133602142333984,0.0
23d4f5f9-c0ae-4050-bc7b-598fbf80e326.png,1271343,4.345956802368164,0.006016969680786133,0.0
14b66200-2f5d-4088-8bbd-916a1708a9ac.png,480967,4.383064031600952,0.005595684051513672,0.0
28a6709a-88dc-4f90-99d3-5416b4e4a51d.png,1475530,4.356214761734009,0.006528377532958984,0.0
11b30384-1954-4335-bbc1-e985d25bc652.png,561086,4.344327688217163,0.005864381790161133,0.0
04305dd9-2607-4bd2-99d6-58a989fced80.png,488295,4.329269886016846,0.00541234016418457,0.0
20b1eded-0838-4fd6-b86e-fd60d9072a4b.png,588654,4.271723031997681,0.006184816360473633,0.0
011d634d-51dc-4dc1-a139-ec9f54e907a0.png,781406,4.24530029296875,0.0058667659759521484,0.0
11b30384-1954-4335-bbc1-e985d25bc652.png,561086,4.279469728469849,0.005739688873291016,0.0
23d4f5f9-c0ae-4050-bc7b-598fbf80e326.png,1271343,4.335834503173828,0.0070302486419677734,0.0
22390b77-31da-4a4f-86b5-bc4e8947983a.png,501583,4.32561469078064,0.005257606506347656,0.0
04f48a9f-5c84-4e8a-9b32-9c1ccf2e78da.png,675902,4.330549716949463,0.006013154983520508,0.0
2d2c2284-d7ba-4fce-9290-a3928b8d548d.png,698377,4.305064678192139,0.007223606109619141,0.0
2e4673a1-7057-4436-b7d2-d4df4b08946a.png,613870,4.304183483123779,0.0063457489013671875,0.0
19a98fb2-0e2c-4c72-acf0-6c530ed8d718.png,817224,4.3392722606658936,0.005463361740112305,0.0
2013f6d1-e482-42d0-8861-6c9f2dc0eb55.png,507864,4.337193250656128,0.005430936813354492,0.0
000b7b74-0a22-4d0c-b717-e240fdc5d555.png,563135,4.338868618011475,0.005319118499755859,0.0
1e88df35-4ac6-4350-bb32-41c09a22d7a4.png,490546,4.2867982387542725,0.005396842956542969,0.0
000b7b74-0a22-4d0c-b717-e240fdc5d555.png,563135,4.2969465255737305,0.005690574645996094,0.0
1e81e0d2-e55e-4daf-ba82-461bd7c0caad.png,430854,4.3084876537323,0.0060117244720458984,0.0
1869588e-218e-40cb-be35-27539b278535.png,466842,4.317602634429932,0.0054509639739990234,0.0
2036aaef-025e-4187-89d0-344f697a4546.png,859635,4.284327268600464,0.006571769714355469,0.0
0ec0279e-4891-4f97-a765-6e6a1500b2d0.png,492043,4.319350242614746,0.006738901138305664,0.0
0191d8b3-42e7-451a-a775-23fa86522749.png,446310,4.3775718212127686,0.005629062652587891,0.0
23d4f5f9-c0ae-4050-bc7b-598fbf80e326.png,1271343,4.359965801239014,0.006486177444458008,0.0
1dae0fcc-6723-45c0-bbad-b4ecc903ab78.png,640960,4.293344974517822,0.0055806636810302734,0.0
14c0c190-e885-4937-89c2-f3d26416ef98.png,389301,4.322254180908203,0.005470991134643555,0.0
296039b7-61ef-49f4-bb48-59a533fb3813.png,883630,4.309743165969849,0.005584001541137695,0.0
0ec5a082-3489-46cf-94c6-884c384f17d5.png,598010,4.29148530960083,0.0057981014251708984,0.0
04305dd9-2607-4bd2-99d6-58a989fced80.png,488295,4.318620443344116,0.0050580501556396484,0.0
011d634d-51dc-4dc1-a139-ec9f54e907a0.png,781406,4.313939571380615,0.005977630615234375,0.0
20b1eded-0838-4fd6-b86e-fd60d9072a4b.png,588654,4.322794198989868,0.005948066711425781,0.0
1dae0fcc-6723-45c0-bbad-b4ecc903ab78.png,640960,4.271647691726685,0.005726337432861328,0.0
08e8ca79-9c10-4152-b6aa-a285b6eec951.png,661982,4.204608678817749,0.006365299224853516,0.0
1ce99872-9f12-41cb-854a-e410004089d4.png,659981,4.181796550750732,0.005719423294067383,0.0
08e8ca79-9c10-4152-b6aa-a285b6eec951.png,661982,4.175069808959961,0.005927085876464844,0.0
04305dd9-2607-4bd2-99d6-58a989fced80.png,488295,4.205819606781006,0.005891561508178711,0.0
0ec0279e-4891-4f97-a765-6e6a1500b2d0.png,492043,4.215445041656494,0.00616908073425293,0.0
1dae0fcc-6723-45c0-bbad-b4ecc903ab78.png,640960,4.200561761856079,0.0062215328216552734,0.0
0a3c75bb-4bd0-47c8-a2ba-e2aee92ad43f.png,679566,4.151085138320923,0.0056989192962646484,0.0
1e81e0d2-e55e-4daf-ba82-461bd7c0caad.png,430854,4.12764835357666,0.00536799430847168,0.0
08e8ca79-9c10-4152-b6aa-a285b6eec951.png,661982,4.139013767242432,0.006155967712402344,0.0
000b7b74-0a22-4d0c-b717-e240fdc5d555.png,563135,4.1286396980285645,0.005665302276611328,0.0
09376b19-149a-44d8-b958-133c98f049c0.png,584576,4.152162313461304,0.0055239200592041016,0.0
12ae73f1-6a75-4664-895b-7caebfd435dc.png,594643,4.134758234024048,0.005739450454711914,0.0
1775215d-5a39-4cc7-a4e3-9ff9a032653d.png,547343,4.189668416976929,0.005967378616333008,0.0
04f48a9f-5c84-4e8a-9b32-9c1ccf2e78da.png,675902,4.158377170562744,0.007447719573974609,0.0
0191d8b3-42e7-451a-a775-23fa86522749.png,446310,4.143829107284546,0.0052759647369384766,0.0
2013f6d1-e482-42d0-8861-6c9f2dc0eb55.png,507864,4.153676748275757,0.0056455135345458984,0.0
1ce99872-9f12-41cb-854a-e410004089d4.png,659981,4.1659629344940186,0.006052970886230469,0.0
00d83a64-a624-4ef2-a9b0-2666cde02218.png,581972,4.115436792373657,0.006148815155029297,0.0
2b8fd115-c1d6-411b-99ce-c2abbf7040da.png,908959,4.080536365509033,0.006072998046875,0.0
0ec0279e-4891-4f97-a765-6e6a1500b2d0.png,492043,4.100974082946777,0.006277322769165039,0.0
2ccc7c34-aa70-4ea3-8a76-9a7e311ab5fb.png,541543,4.082616090774536,0.007512807846069336,0.0
0ec0279e-4891-4f97-a765-6e6a1500b2d0.png,492043,4.147514343261719,0.005639076232910156,0.0
1ce99872-9f12-41cb-854a-e410004089d4.png,659981,4.158835411071777,0.006233692169189453,0.0
20b1eded-0838-4fd6-b86e-fd60d9072a4b.png,588654,4.176039695739746,0.005709409713745117,0.0
2ccc7c34-aa70-4ea3-8a76-9a7e311ab5fb.png,541543,4.231052875518799,0.006710529327392578,0.0
2074ba95-9d2e-4039-8ad9-65ffaebb8c7f.png,341355,4.29647159576416,0.00592494010925293,0.0
00d83a64-a624-4ef2-a9b0-2666cde02218.png,581972,4.341791868209839,0.006064176559448242,0.0
1ce99872-9f12-41cb-854a-e410004089d4.png,659981,4.3071184158325195,0.005785226821899414,0.0
04305dd9-2607-4bd2-99d6-58a989fced80.png,488295,4.320018768310547,0.00549006462097168,0.0
1e88df35-4ac6-4350-bb32-41c09a22d7a4.png,490546,4.328328847885132,0.005765438079833984,0.0
011d634d-51dc-4dc1-a139-ec9f54e907a0.png,781406,4.342580795288086,0.0062863826751708984,0.0
011d634d-51dc-4dc1-a139-ec9f54e907a0.png,781406,4.323204755783081,0.006085634231567383,0.0
113af5b7-17a4-4819-9895-e1c5ecf1d0b5.png,753130,4.342471361160278,0.006319522857666016,0.0
1dae0fcc-6723-45c0-bbad-b4ecc903ab78.png,640960,4.294205188751221,0.006151914596557617,0.0
0191d8b3-42e7-451a-a775-23fa86522749.png,446310,4.294360637664795,0.005530834197998047,0.0
09376b19-149a-44d8-b958-133c98f049c0.png,584576,4.298153877258301,0.005626678466796875,0.0
12ae73f1-6a75-4664-895b-7caebfd435dc.png,594643,4.302131652832031,0.005701303482055664,0.0
25d9cece-f660-460f-b9e1-736f33c71c10.png,419408,4.324513912200928,0.006613969802856445,0.0
11b30384-1954-4335-bbc1-e985d25bc652.png,561086,4.327834606170654,0.0054473876953125,0.0
0a8426c1-93b5-4f84-8d0e-f2e7a83fb6c3.png,410010,4.313906908035278,0.005457639694213867,0.0
0181d6f8-f366-448d-b0fd-8d0a8b45cea9.png,406667,4.353995084762573,0.005472660064697266,0.0
113af5b7-17a4-4819-9895-e1c5ecf1d0b5.png,753130,4.354815721511841,0.0058710575103759766,0.0
14b66200-2f5d-4088-8bbd-916a1708a9ac.png,480967,4.444283485412598,0.006092548370361328,0.0
00d83a64-a624-4ef2-a9b0-2666cde02218.png,581972,4.399482727050781,0.005850076675415039,0.0
20b1eded-0838-4fd6-b86e-fd60d9072a4b.png,588654,4.399573087692261,0.0056836605072021484,0.0
011d634d-51dc-4dc1-a139-ec9f54e907a0.png,781406,4.37152099609375,0.00664830207824707,0.0
2e4673a1-7057-4436-b7d2-d4df4b08946a.png,613870,4.395612001419067,0.0056455135345458984,0.0
14b66200-2f5d-4088-8bbd-916a1708a9ac.png,480967,4.425657033920288,0.005674123764038086,0.0
2074ba95-9d2e-4039-8ad9-65ffaebb8c7f.png,341355,4.380024433135986,0.005589008331298828,0.0
0181d6f8-f366-448d-b0fd-8d0a8b45cea9.png,406667,4.339445352554321,0.005392551422119141,0.0
1dae0fcc-6723-45c0-bbad-b4ecc903ab78.png,640960,4.274787425994873,0.006089687347412109,0.0
25d9cece-f660-460f-b9e1-736f33c71c10.png,419408,4.306001424789429,0.005696535110473633,0.0
2036aaef-025e-4187-89d0-344f697a4546.png,859635,4.233505487442017,0.005801200866699219,0.0
12ae73f1-6a75-4664-895b-7caebfd435dc.png,594643,4.282073736190796,0.00571751594543457,0.0
17131c0c-8418-47c6-97fc-21534540ae6a.png,808680,4.282579660415649,0.0057430267333984375,0.0
0ec5a082-3489-46cf-94c6-884c384f17d5.png,598010,4.291566371917725,0.005728721618652344,0.0
1f98a9d5-4e20-4de9-a7d3-1f4eed9477fd.png,600693,4.280601978302002,0.005963563919067383,0.0
1775215d-5a39-4cc7-a4e3-9ff9a032653d.png,547343,4.320213794708252,0.0060880184173583984,0.0
2ccc7c34-aa70-4ea3-8a76-9a7e311ab5fb.png,541543,4.31257176399231,0.005821704864501953,0.0
296039b7-61ef-49f4-bb48-59a533fb3813.png,883630,4.270539999008179,0.005731344223022461,0.0
22390b77-31da-4a4f-86b5-bc4e8947983a.png,501583,4.26410174369812,0.005488395690917969,0.0
1dae0fcc-6723-45c0-bbad-b4ecc903ab78.png,640960,4.2198991775512695,0.0075457096099853516,0.0
2013f6d1-e482-42d0-8861-6c9f2dc0eb55.png,507864,4.221792697906494,0.005948305130004883,0.0
07d9f765-5d5b-44ba-93c1-fb8f822ba594.png,458180,4.219466209411621,0.005576610565185547,0.0
28a6709a-88dc-4f90-99d3-5416b4e4a51d.png,1475530,4.196950674057007,0.005928993225097656,0.0
296039b7-61ef-49f4-bb48-59a533fb3813.png,883630,4.204381704330444,0.00571894645690918,0.0
17131c0c-8418-47c6-97fc-21534540ae6a.png,808680,4.196568489074707,0.005716562271118164,0.0
22390b77-31da-4a4f-86b5-bc4e8947983a.png,501583,4.2695043087005615,0.005559682846069336,0.0
1dae0fcc-6723-45c0-bbad-b4ecc903ab78.png,640960,4.23889684677124,0.006699323654174805,0.0
0ec5a082-3489-46cf-94c6-884c384f17d5.png,598010,4.222663402557373,0.006093263626098633,0.0
09376b19-149a-44d8-b958-133c98f049c0.png,584576,4.235125303268433,0.0056056976318359375,0.0
1dae0fcc-6723-45c0-bbad-b4ecc903ab78.png,640960,4.182659864425659,0.005480766296386719,0.0
277e33c1-e61e-4be1-a3dd-0ee39dd997db.png,447135,4.198817014694214,0.0054264068603515625,0.0
0ec5a082-3489-46cf-94c6-884c384f17d5.png,598010,4.1617748737335205,0.005288600921630859,0.0
2e4673a1-7057-4436-b7d2-d4df4b08946a.png,613870,4.1729652881622314,0.005690097808837891,0.0
17e65213-e8ff-4aa4-a562-f2a1caca35c7.png,815607,4.119327783584595,0.005619049072265625,0.0
2036aaef-025e-4187-89d0-344f697a4546.png,859635,4.121065855026245,0.0059392452239990234,0.0
277e33c1-e61e-4be1-a3dd-0ee39dd997db.png,447135,4.114211320877075,0.00545954704284668,0.0
0ec0279e-4891-4f97-a765-6e6a1500b2d0.png,492043,4.142323017120361,0.005655050277709961,0.0
0181d6f8-f366-448d-b0fd-8d0a8b45cea9.png,406667,4.183730125427246,0.005473613739013672,0.0
296039b7-61ef-49f4-bb48-59a533fb3813.png,883630,4.171069383621216,0.005702495574951172,0.0
04f48a9f-5c84-4e8a-9b32-9c1ccf2e78da.png,675902,4.133223533630371,0.0053980350494384766,0.0
0c10ba0e-8d8f-45f7-ab7d-e34bf486bc30.png,1002197,4.097810506820679,0.005700826644897461,0.0
14b66200-2f5d-4088-8bbd-916a1708a9ac.png,480967,4.148473501205444,0.005792379379272461,0.0
177918b1-c468-4cd3-ab55-a2e5588ec40f.png,507358,4.152416706085205,0.005598783493041992,0.0
04305dd9-2607-4bd2-99d6-58a989fced80.png,488295,4.201532363891602,0.006891489028930664,0.0
22390b77-31da-4a4f-86b5-bc4e8947983a.png,501583,4.20061731338501,0.005659580230712891,0.0
08e8ca79-9c10-4152-b6aa-a285b6eec951.png,661982,4.176434278488159,0.005560159683227539,0.0
2ccc7c34-aa70-4ea3-8a76-9a7e311ab5fb.png,541543,4.1957151889801025,0.0053555965423583984,0.0
113af5b7-17a4-4819-9895-e1c5ecf1d0b5.png,753130,4.189118385314941,0.005846500396728516,0.0
2074ba95-9d2e-4039-8ad9-65ffaebb8c7f.png,341355,4.161494731903076,0.005575418472290039,0.0
08e8ca79-9c10-4152-b6aa-a285b6eec951.png,661982,4.087811231613159,0.005797386169433594,0.0
0a8426c1-93b5-4f84-8d0e-f2e7a83fb6c3.png,410010,4.133741855621338,0.006044149398803711,0.0
14c0c190-e885-4937-89c2-f3d26416ef98.png,389301,4.1883385181427,0.005713224411010742,0.0
08e8ca79-9c10-4152-b6aa-a285b6eec951.png,661982,4.132789850234985,0.005424022674560547,0.0
2ccc7c34-aa70-4ea3-8a76-9a7e311ab5fb.png,541543,4.191864013671875,0.007987737655639648,0.0
00d83a64-a624-4ef2-a9b0-2666cde02218.png,581972,4.13158392906189,0.005492687225341797,0.0
1ce99872-9f12-41cb-854a-e410004089d4.png,659981,4.128352880477905,0.005738735198974609,0.0
12ae73f1-6a75-4664-895b-7caebfd435dc.png,594643,4.196717977523804,0.0056915283203125,0.0
0a8426c1-93b5-4f84-8d0e-f2e7a83fb6c3.png,410010,4.250614166259766,0.0059621334075927734,0.0
2d2c2284-d7ba-4fce-9290-a3928b8d548d.png,698377,4.265291452407837,0.0064029693603515625,0.0
25d9cece-f660-460f-b9e1-736f33c71c10.png,419408,4.263195276260376,0.005524873733520508,0.0
08e8ca79-9c10-4152-b6aa-a285b6eec951.png,661982,4.222960710525513,0.005670785903930664,0.0
0ec5a082-3489-46cf-94c6-884c384f17d5.png,598010,4.1923370361328125,0.0058972835540771484,0.0
1775215d-5a39-4cc7-a4e3-9ff9a032653d.png,547343,4.249530792236328,0.0059854984283447266,0.0
2ccc7c34-aa70-4ea3-8a76-9a7e311ab5fb.png,541543,4.298938035964966,0.005995273590087891,0.0
12ae73f1-6a75-4664-895b-7caebfd435dc.png,594643,4.338807106018066,0.005599021911621094,0.0
09376b19-149a-44d8-b958-133c98f049c0.png,584576,4.323710203170776,0.005644798278808594,0.0
177918b1-c468-4cd3-ab55-a2e5588ec40f.png,507358,4.32295560836792,0.005560159683227539,0.0
2b79ac47-479a-411a-a05c-96492192124d.png,733663,4.279501914978027,0.007297039031982422,0.0
296039b7-61ef-49f4-bb48-59a533fb3813.png,883630,4.2445197105407715,0.005582571029663086,0.0
08e8ca79-9c10-4152-b6aa-a285b6eec951.png,661982,4.2456090450286865,0.006383419036865234,0.0
113af5b7-17a4-4819-9895-e1c5ecf1d0b5.png,753130,4.221002578735352,0.005129575729370117,0.0
04305dd9-2607-4bd2-99d6-58a989fced80.png,488295,4.252254486083984,0.005606412887573242,0.0
17131c0c-8418-47c6-97fc-21534540ae6a.png,808680,4.227339506149292,0.005265951156616211,0.0
22390b77-31da-4a4f-86b5-bc4e8947983a.png,501583,4.2991955280303955,0.006362199783325195,0.0
19a98fb2-0e2c-4c72-acf0-6c530ed8d718.png,817224,4.271662712097168,0.0051534175872802734,0.0
1e81e0d2-e55e-4daf-ba82-461bd7c0caad.png,430854,4.220906496047974,0.005818605422973633,0.0
2b8fd115-c1d6-411b-99ce-c2abbf7040da.png,908959,4.204540729522705,0.005633115768432617,0.0
14b66200-2f5d-4088-8bbd-916a1708a9ac.png,480967,4.206831455230713,0.005220890045166016,0.0
1dae0fcc-6723-45c0-bbad-b4ecc903ab78.png,640960,4.200365781784058,0.006066083908081055,0.0
0c10ba0e-8d8f-45f7-ab7d-e34bf486bc30.png,1002197,4.219298839569092,0.0058710575103759766,0.0
1e81e0d2-e55e-4daf-ba82-461bd7c0caad.png,430854,4.167617559432983,0.005419731140136719,0.0
2036aaef-025e-4187-89d0-344f697a4546.png,859635,4.100788593292236,0.005732536315917969,0.0
2ccc7c34-aa70-4ea3-8a76-9a7e311ab5fb.png,541543,4.155043363571167,0.005575895309448242,0.0
14c0c190-e885-4937-89c2-f3d26416ef98.png,389301,4.1536993980407715,0.005426645278930664,0.0
177918b1-c468-4cd3-ab55-a2e5588ec40f.png,507358,4.200703382492065,0.005357265472412109,0.0
0ec5a082-3489-46cf-94c6-884c384f17d5.png,598010,4.205193042755127,0.005858421325683594,0.0
11b30384-1954-4335-bbc1-e985d25bc652.png,561086,4.236140966415405,0.005593776702880859,0.0
1fdaac27-9006-4725-9195-175566572458.png,436643,4.226532459259033,0.005669832229614258,0.0
1fdaac27-9006-4725-9195-175566572458.png,436643,4.222709655761719,0.005391120910644531,0.0
0a3c75bb-4bd0-47c8-a2ba-e2aee92ad43f.png,679566,4.170623064041138,0.0052394866943359375,0.0
25d9cece-f660-460f-b9e1-736f33c71c10.png,419408,4.162219762802124,0.005417585372924805,0.0
14c0c190-e885-4937-89c2-f3d26416ef98.png,389301,4.1943442821502686,0.007010936737060547,0.0
19a98fb2-0e2c-4c72-acf0-6c530ed8d718.png,817224,4.194106101989746,0.0057468414306640625,0.0
1775215d-5a39-4cc7-a4e3-9ff9a032653d.png,547343,4.227912664413452,0.005780220031738281,0.0
1dae0fcc-6723-45c0-bbad-b4ecc903ab78.png,640960,4.210242033004761,0.005487680435180664,0.0
04305dd9-2607-4bd2-99d6-58a989fced80.png,488295,4.203484535217285,0.005467891693115234,0.0
19a98fb2-0e2c-4c72-acf0-6c530ed8d718.png,817224,4.191065549850464,0.005404233932495117,0.0
2b8fd115-c1d6-411b-99ce-c2abbf7040da.png,908959,4.09638524055481,0.005997419357299805,0.0
198ba48e-1352-4cad-aaeb-304af1138fbb.png,484563,4.1288416385650635,0.0052449703216552734,0.0
000b7b74-0a22-4d0c-b717-e240fdc5d555.png,563135,4.163881063461304,0.007492780685424805,0.0
0a3c75bb-4bd0-47c8-a2ba-e2aee92ad43f.png,679566,4.170939922332764,0.006449222564697266,0.0
198ba48e-1352-4cad-aaeb-304af1138fbb.png,484563,4.198725938796997,0.00539851188659668,0.0
2b79ac47-479a-411a-a05c-96492192124d.png,733663,4.218247652053833,0.006140232086181641,0.0
1f98a9d5-4e20-4de9-a7d3-1f4eed9477fd.png,600693,4.231987714767456,0.005788564682006836,0.0
1869588e-218e-40cb-be35-27539b278535.png,466842,4.256762742996216,0.005859851837158203,0.0
071fa44f-8cd9-477b-8fcb-b02a4ecd10d8.png,606955,4.277310848236084,0.0059397220611572266,0.0
23d4f5f9-c0ae-4050-bc7b-598fbf80e326.png,1271343,4.288245916366577,0.006042957305908203,0.0
011d634d-51dc-4dc1-a139-ec9f54e907a0.png,781406,4.255934476852417,0.008168935775756836,0.0
0ec5a082-3489-46cf-94c6-884c384f17d5.png,598010,4.257629156112671,0.005392789840698242,0.0
011d634d-51dc-4dc1-a139-ec9f54e907a0.png,781406,4.235378980636597,0.007363557815551758,0.0
2074ba95-9d2e-4039-8ad9-65ffaebb8c7f.png,341355,4.213130235671997,0.0054624080657958984,0.0
0b2ea7dd-e924-46b3-9bee-da0e7e68341f.png,437895,4.221181631088257,0.005564212799072266,0.0
177918b1-c468-4cd3-ab55-a2e5588ec40f.png,507358,4.23102593421936,0.0051727294921875,0.0
25d9cece-f660-460f-b9e1-736f33c71c10.png,419408,4.309662342071533,0.005165815353393555,0.0
113af5b7-17a4-4819-9895-e1c5ecf1d0b5.png,753130,4.293440103530884,0.005658149719238281,0.0
2036aaef-025e-4187-89d0-344f697a4546.png,859635,4.263313293457031,0.007341861724853516,0.0
1dae0fcc-6723-45c0-bbad-b4ecc903ab78.png,640960,4.268461465835571,0.005600690841674805,0.0
0a3c75bb-4bd0-47c8-a2ba-e2aee92ad43f.png,679566,4.225049018859863,0.01343083381652832,0.0
04f48a9f-5c84-4e8a-9b32-9c1ccf2e78da.png,675902,4.250377655029297,0.005957365036010742,0.0
17131c0c-8418-47c6-97fc-21534540ae6a.png,808680,4.224950313568115,0.0056726932525634766,0.0
277e33c1-e61e-4be1-a3dd-0ee39dd997db.png,447135,4.278449058532715,0.0051305294036865234,0.0
0c10ba0e-8d8f-45f7-ab7d-e34bf486bc30.png,1002197,4.313153266906738,0.006456136703491211,0.0
19a98fb2-0e2c-4c72-acf0-6c530ed8d718.png,817224,4.2517454624176025,0.005414724349975586,0.0
12ae73f1-6a75-4664-895b-7caebfd435dc.png,594643,4.258475065231323,0.005563497543334961,0.0
1869588e-218e-40cb-be35-27539b278535.png,466842,4.307904005050659,0.0058269500732421875,0.0
2036aaef-025e-4187-89d0-344f697a4546.png,859635,4.240742921829224,0.00670623779296875,0.0
0a3c75bb-4bd0-47c8-a2ba-e2aee92ad43f.png,679566,4.223211050033569,0.0062754154205322266,0.0
2036aaef-025e-4187-89d0-344f697a4546.png,859635,4.1627357006073,0.005904436111450195,0.0
0ec5a082-3489-46cf-94c6-884c384f17d5.png,598010,4.12695050239563,0.005819797515869141,0.0
14b66200-2f5d-4088-8bbd-916a1708a9ac.png,480967,4.173725366592407,0.005873680114746094,0.0
22390b77-31da-4a4f-86b5-bc4e8947983a.png,501583,4.1504411697387695,0.005547761917114258,0.0
11b30384-1954-4335-bbc1-e985d25bc652.png,561086,4.186601161956787,0.005899667739868164,0.0
2e4673a1-7057-4436-b7d2-d4df4b08946a.png,613870,4.143877983093262,0.005940437316894531,0.0
0a3c75bb-4bd0-47c8-a2ba-e2aee92ad43f.png,679566,4.146442413330078,0.0065762996673583984,0.0
113af5b7-17a4-4819-9895-e1c5ecf1d0b5.png,753130,4.098600149154663,0.006293773651123047,0.0
0a8426c1-93b5-4f84-8d0e-f2e7a83fb6c3.png,410010,4.0884504318237305,0.005390167236328125,0.0
0a8426c1-93b5-4f84-8d0e-f2e7a83fb6c3.png,410010,4.080518484115601,0.00532221794128418,0.0
000b7b74-0a22-4d0c-b717-e240fdc5d555.png,563135,4.095202207565308,0.006135225296020508,0.0
14c0c190-e885-4937-89c2-f3d26416ef98.png,389301,4.116533041000366,0.005441188812255859,0.0
1ce99872-9f12-41cb-854a-e410004089d4.png,659981,4.147582769393921,0.008141517639160156,0.0
00d83a64-a624-4ef2-a9b0-2666cde02218.png,581972,4.1465795040130615,0.005914926528930664,0.0
1e88df35-4ac6-4350-bb32-41c09a22d7a4.png,490546,4.153535604476929,0.0062732696533203125,0.0
113af5b7-17a4-4819-9895-e1c5ecf1d0b5.png,753130,4.182157754898071,0.0055310726165771484,0.0
0ec0279e-4891-4f97-a765-6e6a1500b2d0.png,492043,4.207696437835693,0.0055866241455078125,0.0
12ae73f1-6a75-4664-895b-7caebfd435dc.png,594643,4.194360971450806,0.006736278533935547,0.0
0b2ea7dd-e924-46b3-9bee-da0e7e68341f.png,437895,4.233066558837891,0.005968332290649414,0.0
08e8ca79-9c10-4152-b6aa-a285b6eec951.png,661982,4.233441352844238,0.005829572677612305,0.0
04305dd9-2607-4bd2-99d6-58a989fced80.png,488295,4.227733850479126,0.006395816802978516,0.0
0a3c75bb-4bd0-47c8-a2ba-e2aee92ad43f.png,679566,4.171602725982666,0.00592350959777832,0.0
1775215d-5a39-4cc7-a4e3-9ff9a032653d.png,547343,4.207364082336426,0.00587916374206543,0.0
011d634d-51dc-4dc1-a139-ec9f54e907a0.png,781406,4.197994947433472,0.006345510482788086,0.0
0b2ea7dd-e924-46b3-9bee-da0e7e68341f.png,437895,4.28272008895874,0.005404949188232422,0.0
1869588e-218e-40cb-be35-27539b278535.png,466842,4.324168682098389,0.005822420120239258,0.0
198ba48e-1352-4cad-aaeb-304af1138fbb.png,484563,0.2865438461303711,0.03553509712219238,0.0
2074ba95-9d2e-4039-8ad9-65ffaebb8c7f.png,341355,0.5036346912384033,0.06015777587890625,0.0
0181d6f8-f366-448d-b0fd-8d0a8b45cea9.png,406667,0.7092809677124023,0.0584409236907959,0.0
2b79ac47-479a-411a-a05c-96492192124d.png,733663,0.9009294509887695,0.06292486190795898,0.0
0191d8b3-42e7-451a-a775-23fa86522749.png,446310,1.0995376110076904,0.059327125549316406,0.0
0b2ea7dd-e924-46b3-9bee-da0e7e68341f.png,437895,1.3199527263641357,0.09637093544006348,0.0
1e88df35-4ac6-4350-bb32-41c09a22d7a4.png,490546,1.449692726135254,0.08418536186218262,0.0
22390b77-31da-4a4f-86b5-bc4e8947983a.png,501583,1.6622838973999023,0.10345101356506348,0.0
0a3c75bb-4bd0-47c8-a2ba-e2aee92ad43f.png,679566,1.7677040100097656,0.06399059295654297,0.0
1869588e-218e-40cb-be35-27539b278535.png,466842,2.0198888778686523,0.07580137252807617,0.0
198ba48e-1352-4cad-aaeb-304af1138fbb.png,484563,2.264350652694702,0.09638285636901855,0.0
198ba48e-1352-4cad-aaeb-304af1138fbb.png,484563,2.4701123237609863,0.11033034324645996,0.0
19a98fb2-0e2c-4c72-acf0-6c530ed8d718.png,817224,2.586839199066162,0.0772085189819336,0.0
25d9cece-f660-460f-b9e1-736f33c71c10.png,419408,2.8219168186187744,0.09615421295166016,0.0
1869588e-218e-40cb-be35-27539b278535.png,466842,3.011082410812378,0.07079672813415527,0.0
11b30384-1954-4335-bbc1-e985d25bc652.png,561086,3.263662099838257,0.10742950439453125,0.0
000b7b74-0a22-4d0c-b717-e240fdc5d555.png,563135,3.4133265018463135,0.0664680004119873,0.0
2ccc7c34-aa70-4ea3-8a76-9a7e311ab5fb.png,541543,3.6609573364257812,0.09991836547851562,0.0
04f48a9f-5c84-4e8a-9b32-9c1ccf2e78da.png,675902,3.805187225341797,0.09152436256408691,0.0
28a6709a-88dc-4f90-99d3-5416b4e4a51d.png,1475530,3.9771738052368164,0.08996462821960449,0.0
23d4f5f9-c0ae-4050-bc7b-598fbf80e326.png,1271343,4.144531965255737,0.032433509826660156,0.0
04305dd9-2607-4bd2-99d6-58a989fced80.png,488295,4.349327564239502,0.06497836112976074,0.0
071fa44f-8cd9-477b-8fcb-b02a4ecd10d8.png,606955,4.544241666793823,0.11564421653747559,0.0
11b30384-1954-4335-bbc1-e985d25bc652.png,561086,4.719818830490112,0.11156272888183594,0.0
1e88df35-4ac6-4350-bb32-41c09a22d7a4.png,490546,4.603288650512695,0.005296468734741211,0.0
22390b77-31da-4a4f-86b5-bc4e8947983a.png,501583,4.603698968887329,0.005375385284423828,0.0
0b2ea7dd-e924-46b3-9bee-da0e7e68341f.png,437895,4.590883016586304,0.005134105682373047,0.0
2ccc7c34-aa70-4ea3-8a76-9a7e311ab5fb.png,541543,4.584418058395386,0.0057337284088134766,0.0
0191d8b3-42e7-451a-a775-23fa86522749.png,446310,4.567536115646362,0.0054204463958740234,0.0
011d634d-51dc-4dc1-a139-ec9f54e907a0.png,781406,4.503537654876709,0.014054059982299805,0.0
0c10ba0e-8d8f-45f7-ab7d-e34bf486bc30.png,1002197,4.4984588623046875,0.0061893463134765625,0.0
07d9f765-5d5b-44ba-93c1-fb8f822ba594.png,458180,4.493966579437256,0.00509953498840332,0.0
1ce99872-9f12-41cb-854a-e410004089d4.png,659981,4.497890949249268,0.0053369998931884766,0.0
11b30384-1954-4335-bbc1-e985d25bc652.png,561086,4.443773984909058,0.00535130500793457,0.0
1fdaac27-9006-4725-9195-175566572458.png,436643,4.406262636184692,0.005058765411376953,0.0
04f48a9f-5c84-4e8a-9b32-9c1ccf2e78da.png,675902,4.365283012390137,0.0052204132080078125,0.0
17e65213-e8ff-4aa4-a562-f2a1caca35c7.png,815607,4.364476203918457,0.0056612491607666016,0.0
1e88df35-4ac6-4350-bb32-41c09a22d7a4.png,490546,4.310689449310303,0.00479578971862793,0.0
2d2c2284-d7ba-4fce-9290-a3928b8d548d.png,698377,4.243281364440918,0.005258798599243164,0.0
14b66200-2f5d-4088-8bbd-916a1708a9ac.png,480967,4.231552600860596,0.005205631256103516,0.0
17131c0c-8418-47c6-97fc-21534540ae6a.png,808680,4.210671663284302,0.0051119327545166016,0.0
28a6709a-88dc-4f90-99d3-5416b4e4a51d.png,1475530,4.15796422958374,0.005629062652587891,0.0
177918b1-c468-4cd3-ab55-a2e5588ec40f.png,507358,4.211022853851318,0.005313873291015625,0.0
22390b77-31da-4a4f-86b5-bc4e8947983a.png,501583,4.273543119430542,0.005864620208740234,0.0
00d83a64-a624-4ef2-a9b0-2666cde02218.png,581972,4.23392653465271,0.005179643630981445,0.0
113af5b7-17a4-4819-9895-e1c5ecf1d0b5.png,753130,4.211268186569214,0.00512242317199707,0.0
0191d8b3-42e7-451a-a775-23fa86522749.png,446310,4.237164735794067,0.005141496658325195,0.0
11b30384-1954-4335-bbc1-e985d25bc652.png,561086,4.23094367980957,0.0050809383392333984,0.0
23d4f5f9-c0ae-4050-bc7b-598fbf80e326.png,1271343,4.27998685836792,0.005620002746582031,0.0
0a3c75bb-4bd0-47c8-a2ba-e2aee92ad43f.png,679566,4.233468294143677,0.005217552185058594,0.0
0a8426c1-93b5-4f84-8d0e-f2e7a83fb6c3.png,410010,4.245455026626587,0.005260944366455078,0.0
04305dd9-2607-4bd2-99d6-58a989fced80.png,488295,4.255584001541138,0.004864931106567383,0.0
14c0c190-e885-4937-89c2-f3d26416ef98.png,389301,4.251221656799316,0.004813194274902344,0.0
23d4f5f9-c0ae-4050-bc7b-598fbf80e326.png,1271343,4.331095933914185,0.005824089050292969,0.0
2d2c2284-d7ba-4fce-9290-a3928b8d548d.png,698377,4.344892263412476,0.00556635856628418,0.0
0191d8b3-42e7-451a-a775-23fa86522749.png,446310,4.349941968917847,0.004807949066162109,0.0
1f98a9d5-4e20-4de9-a7d3-1f4eed9477fd.png,600693,4.362077236175537,0.005520820617675781,0.0
2b79ac47-479a-411a-a05c-96492192124d.png,733663,4.325392246246338,0.005333662033081055,0.0
177918b1-c468-4cd3-ab55-a2e5588ec40f.png,507358,4.33256196975708,0.005048513412475586,0.0
1fdaac27-9006-4725-9195-175566572458.png,436643,4.3752593994140625,0.0051233768463134766,0.0
22390b77-31da-4a4f-86b5-bc4e8947983a.png,501583,4.420382738113403,0.005082845687866211,0.0
1e88df35-4ac6-4350-bb32-41c09a22d7a4.png,490546,4.44030237197876,0.005248069763183594,0.0
14b66200-2f5d-4088-8bbd-916a1708a9ac.png,480967,4.435802936553955,0.005532026290893555,0.0
198ba48e-1352-4cad-aaeb-304af1138fbb.png,484563,4.42470383644104,0.0049550533294677734,0.0
28a6709a-88dc-4f90-99d3-5416b4e4a51d.png,1475530,4.421680688858032,0.006052732467651367,0.0
2036aaef-025e-4187-89d0-344f697a4546.png,859635,4.392479181289673,0.0051496028900146484,0.0
0ec0279e-4891-4f97-a765-6e6a1500b2d0.png,492043,4.382498025894165,0.005189657211303711,0.0
071fa44f-8cd9-477b-8fcb-b02a4ecd10d8.png,606955,4.298818826675415,0.005472898483276367,0.0
0a8426c1-93b5-4f84-8d0e-f2e7a83fb6c3.png,410010,4.317145824432373,0.005501747131347656,0.0
2074ba95-9d2e-4039-8ad9-65ffaebb8c7f.png,341355,4.335923194885254,0.0055294036865234375,0.0
2ccc7c34-aa70-4ea3-8a76-9a7e311ab5fb.png,541543,4.327546119689941,0.0050241947174072266,0.0
04f48a9f-5c84-4e8a-9b32-9c1ccf2e78da.png,675902,4.27734375,0.00535893440246582,0.0
198ba48e-1352-4cad-aaeb-304af1138fbb.png,484563,4.2719504833221436,0.004709005355834961,0.0
1dae0fcc-6723-45c0-bbad-b4ecc903ab78.png,640960,4.268479585647583,0.006045341491699219,0.0
1dae0fcc-6723-45c0-bbad-b4ecc903ab78.png,640960,4.21287989616394,0.005628347396850586,0.0
1f98a9d5-4e20-4de9-a7d3-1f4eed9477fd.png,600693,4.18375039100647,0.005148887634277344,0.0
11b30384-1954-4335-bbc1-e985d25bc652.png,561086,4.178161144256592,0.005129575729370117,0.0
09376b19-149a-44d8-b958-133c98f049c0.png,584576,4.147304058074951,0.0052721500396728516,0.0
198ba48e-1352-4cad-aaeb-304af1138fbb.png,484563,4.17782735824585,0.005615949630737305,0.0
14c0c190-e885-4937-89c2-f3d26416ef98.png,389301,4.178788661956787,0.004866123199462891,0.0
07d9f765-5d5b-44ba-93c1-fb8f822ba594.png,458180,4.205772399902344,0.005452871322631836,0.0
19a98fb2-0e2c-4c72-acf0-6c530ed8d718.png,817224,4.198218822479248,0.005470991134643555,0.0
1fdaac27-9006-4725-9195-175566572458.png,436643,4.193586587905884,0.0048406124114990234,0.0
20b1eded-0838-4fd6-b86e-fd60d9072a4b.png,588654,4.146803379058838,0.005359649658203125,0.0
0ec0279e-4891-4f97-a765-6e6a1500b2d0.png,492043,4.164799213409424,0.004734039306640625,0.0
22390b77-31da-4a4f-86b5-bc4e8947983a.png,501583,4.1787941455841064,0.0060961246490478516,0.0
198ba48e-1352-4cad-aaeb-304af1138fbb.png,484563,4.2143731117248535,0.00516963005065918,0.0
0ec0279e-4891-4f97-a765-6e6a1500b2d0.png,492043,4.215875625610352,0.004737138748168945,0.0
071fa44f-8cd9-477b-8fcb-b02a4ecd10d8.png,606955,4.197075605392456,0.005496501922607422,0.0
07d9f765-5d5b-44ba-93c1-fb8f822ba594.png,458180,4.253159046173096,0.005260467529296875,0.0
277e33c1-e61e-4be1-a3dd-0ee39dd997db.png,447135,4.26153039932251,0.005163908004760742,0.0
0ec5a082-3489-46cf-94c6-884c384f17d5.png,598010,4.270696640014648,0.0051364898681640625,0.0
00d83a64-a624-4ef2-a9b0-2666cde02218.png,581972,4.271996736526489,0.005238533020019531,0.0
04305dd9-2607-4bd2-99d6-58a989fced80.png,488295,4.278428077697754,0.004777669906616211,0.0
19a98fb2-0e2c-4c72-acf0-6c530ed8d718.png,817224,4.245236873626709,0.005174160003662109,0.0
2b79ac47-479a-411a-a05c-96492192124d.png,733663,4.246273040771484,0.005189657211303711,0.0
1dae0fcc-6723-45c0-bbad-b4ecc903ab78.png,640960,4.211627721786499,0.005258321762084961,0.0
1775215d-5a39-4cc7-a4e3-9ff9a032653d.png,547343,4.260945081710815,0.005375385284423828,0.0
071fa44f-8cd9-477b-8fcb-b02a4ecd10d8.png,606955,4.277109622955322,0.005342721939086914,0.0
0181d6f8-f366-448d-b0fd-8d0a8b45cea9.png,406667,4.300977468490601,0.005106687545776367,0.0
1e81e0d2-e55e-4daf-ba82-461bd7c0caad.png,430854,4.291560649871826,0.004512786865234375,0.0
198ba48e-1352-4cad-aaeb-304af1138fbb.png,484563,4.311915636062622,0.004731893539428711,0.0
04f48a9f-5c84-4e8a-9b32-9c1ccf2e78da.png,675902,4.28998327255249,0.005096435546875,0.0
07d9f765-5d5b-44ba-93c1-fb8f822ba594.png,458180,4.289958238601685,0.004533529281616211,0.0
28a6709a-88dc-4f90-99d3-5416b4e4a51d.png,1475530,4.258049249649048,0.005346775054931641,0.0
0ec0279e-4891-4f97-a765-6e6a1500b2d0.png,492043,4.309481859207153,0.005072116851806641,0.0
17e65213-e8ff-4aa4-a562-f2a1caca35c7.png,815607,4.27996563911438,0.005472421646118164,0.0
20b1eded-0838-4fd6-b86e-fd60d9072a4b.png,588654,4.286269664764404,0.005609989166259766,0.0
277e33c1-e61e-4be1-a3dd-0ee39dd997db.png,447135,4.324470520019531,0.005285739898681641,0.0
2d2c2284-d7ba-4fce-9290-a3928b8d548d.png,698377,4.287384271621704,0.004937887191772461,0.0
2013f6d1-e482-42d0-8861-6c9f2dc0eb55.png,507864,4.28496241569519,0.005529165267944336,0.0
1775215d-5a39-4cc7-a4e3-9ff9a032653d.png,547343,4.2922327518463135,0.005101919174194336,0.0
1e88df35-4ac6-4350-bb32-41c09a22d7a4.png,490546,4.286267280578613,0.0058820247650146484,0.0
0ec5a082-3489-46cf-94c6-884c384f17d5.png,598010,4.25140905380249,0.005131244659423828,0.0
14c0c190-e885-4937-89c2-f3d26416ef98.png,389301,4.248859882354736,0.005042076110839844,0.0
1775215d-5a39-4cc7-a4e3-9ff9a032653d.png,547343,4.303311347961426,0.004961967468261719,0.0
1f98a9d5-4e20-4de9-a7d3-1f4eed9477fd.png,600693,4.284502983093262,0.005877017974853516,0.0
19a98fb2-0e2c-4c72-acf0-6c530ed8d718.png,817224,4.24540638923645,0.005149126052856445,0.0
23d4f5f9-c0ae-4050-bc7b-598fbf80e326.png,1271343,4.301196575164795,0.005795001983642578,0.0
0c10ba0e-8d8f-45f7-ab7d-e34bf486bc30.png,1002197,4.302199125289917,0.0056269168853759766,0.0
2013f6d1-e482-42d0-8861-6c9f2dc0eb55.png,507864,4.338630199432373,0.005537509918212891,0.0
04f48a9f-5c84-4e8a-9b32-9c1ccf2e78da.png,675902,4.296554088592529,0.0051937103271484375,0.0
0ec5a082-3489-46cf-94c6-884c384f17d5.png,598010,4.2938313484191895,0.005899667739868164,0.0
0b2ea7dd-e924-46b3-9bee-da0e7e68341f.png,437895,4.296430587768555,0.005144357681274414,0.0
17131c0c-8418-47c6-97fc-21534540ae6a.png,808680,4.280679225921631,0.0054225921630859375,0.0
071fa44f-8cd9-477b-8fcb-b02a4ecd10d8.png,606955,4.2202348709106445,0.0055658817291259766,0.0
177918b1-c468-4cd3-ab55-a2e5588ec40f.png,507358,4.246771335601807,0.0053708553314208984,0.0
296039b7-61ef-49f4-bb48-59a533fb3813.png,883630,4.194763422012329,0.00496220588684082,0.0
296039b7-61ef-49f4-bb48-59a533fb3813.png,883630,4.187686443328857,0.005484104156494141,0.0
2b79ac47-479a-411a-a05c-96492192124d.png,733663,4.145022630691528,0.005204439163208008,0.0
011d634d-51dc-4dc1-a139-ec9f54e907a0.png,781406,4.133817911148071,0.005717754364013672,0.0
04f48a9f-5c84-4e8a-9b32-9c1ccf2e78da.png,675902,4.1242499351501465,0.005931854248046875,0.0
08e8ca79-9c10-4152-b6aa-a285b6eec951.png,661982,4.0261921882629395,0.007048606872558594,0.0
08e8ca79-9c10-4152-b6aa-a285b6eec951.png,661982,4.04289174079895,0.0053174495697021484,0.0
1e88df35-4ac6-4350-bb32-41c09a22d7a4.png,490546,4.011029243469238,0.005284547805786133,0.0
0a3c75bb-4bd0-47c8-a2ba-e2aee92ad43f.png,679566,3.98132586479187,0.0056722164154052734,0.0
277e33c1-e61e-4be1-a3dd-0ee39dd997db.png,447135,4.019644498825073,0.0054531097412109375,0.0
1fdaac27-9006-4725-9195-175566572458.png,436643,4.0528404712677,0.00527191162109375,0.0
0a3c75bb-4bd0-47c8-a2ba-e2aee92ad43f.png,679566,3.992305278778076,0.005334615707397461,0.0
17e65213-e8ff-4aa4-a562-f2a1caca35c7.png,815607,3.9239914417266846,0.0055370330810546875,0.0
1fdaac27-9006-4725-9195-175566572458.png,436643,3.9397289752960205,0.006684780120849609,0.0
0a8426c1-93b5-4f84-8d0e-f2e7a83fb6c3.png,410010,3.970853090286255,0.00543975830078125,0.0
04f48a9f-5c84-4e8a-9b32-9c1ccf2e78da.png,675902,3.9179561138153076,0.00554203987121582,0.0
0a8426c1-93b5-4f84-8d0e-f2e7a83fb6c3.png,410010,3.9599244594573975,0.005483388900756836,0.0
071fa44f-8cd9-477b-8fcb-b02a4ecd10d8.png,606955,3.9237606525421143,0.005120515823364258,0.0
113af5b7-17a4-4819-9895-e1c5ecf1d0b5.png,753130,3.9193477630615234,0.005786418914794922,0.0
011d634d-51dc-4dc1-a139-ec9f54e907a0.png,781406,3.898399829864502,0.005864620208740234,0.0
1fdaac27-9006-4725-9195-175566572458.png,436643,3.892909049987793,0.00507354736328125,0.0
177918b1-c468-4cd3-ab55-a2e5588ec40f.png,507358,3.919116735458374,0.005384683609008789,0.0
1dae0fcc-6723-45c0-bbad-b4ecc903ab78.png,640960,3.9135165214538574,0.006051063537597656,0.0
22390b77-31da-4a4f-86b5-bc4e8947983a.png,501583,3.9170756340026855,0.004990100860595703,0.0
0ec0279e-4891-4f97-a765-6e6a1500b2d0.png,492043,3.9687957763671875,0.004846811294555664,0.0
0c10ba0e-8d8f-45f7-ab7d-e34bf486bc30.png,1002197,3.9592957496643066,0.005905628204345703,0.0
2e4673a1-7057-4436-b7d2-d4df4b08946a.png,613870,3.950798749923706,0.005861043930053711,0.0
0c10ba0e-8d8f-45f7-ab7d-e34bf486bc30.png,1002197,3.947204828262329,0.0062255859375,0.0
0c10ba0e-8d8f-45f7-ab7d-e34bf486bc30.png,1002197,3.938335418701172,0.006157636642456055,0.0
1f98a9d5-4e20-4de9-a7d3-1f4eed9477fd.png,600693,3.9510269165039062,0.005559206008911133,0.0
11b30384-1954-4335-bbc1-e985d25bc652.png,561086,4.02138614654541,0.005242109298706055,0.0
177918b1-c468-4cd3-ab55-a2e5588ec40f.png,507358,4.061457633972168,0.005823373794555664,0.0
1e88df35-4ac6-4350-bb32-41c09a22d7a4.png,490546,4.036165714263916,0.005506753921508789,0.0
23d4f5f9-c0ae-4050-bc7b-598fbf80e326.png,1271343,4.039678573608398,0.00603485107421875,0.0
0ec0279e-4891-4f97-a765-6e6a1500b2d0.png,492043,4.034451484680176,0.004971504211425781,0.0
0c10ba0e-8d8f-45f7-ab7d-e34bf486bc30.png,1002197,4.031635999679565,0.005869626998901367,0.0
1dae0fcc-6723-45c0-bbad-b4ecc903ab78.png,640960,4.0399088859558105,0.005209922790527344,0.0
1e88df35-4ac6-4350-bb32-41c09a22d7a4.png,490546,3.9953057765960693,0.005482673645019531,0.0
2d2c2284-d7ba-4fce-9290-a3928b8d548d.png,698377,3.968681812286377,0.005452632904052734,0.0
2074ba95-9d2e-4039-8ad9-65ffaebb8c7f.png,341355,4.001598834991455,0.005141735076904297,0.0
296039b7-61ef-49f4-bb48-59a533fb3813.png,883630,3.956470489501953,0.005150794982910156,0.0
25d9cece-f660-460f-b9e1-736f33c71c10.png,419408,3.990607261657715,0.005080461502075195,0.0
0191d8b3-42e7-451a-a775-23fa86522749.png,446310,4.033539772033691,0.006157875061035156,0.0
0a3c75bb-4bd0-47c8-a2ba-e2aee92ad43f.png,679566,4.034592151641846,0.005682468414306641,0.0
2ccc7c34-aa70-4ea3-8a76-9a7e311ab5fb.png,541543,4.036846160888672,0.005116939544677734,0.0
08e8ca79-9c10-4152-b6aa-a285b6eec951.png,661982,4.0031068325042725,0.005508899688720703,0.0
071fa44f-8cd9-477b-8fcb-b02a4ecd10d8.png,606955,4.008168458938599,0.005930900573730469,0.0
1775215d-5a39-4cc7-a4e3-9ff9a032653d.png,547343,3.999757766723633,0.005498647689819336,0.0
19a98fb2-0e2c-4c72-acf0-6c530ed8d718.png,817224,3.9533140659332275,0.0051746368408203125,0.0
2e4673a1-7057-4436-b7d2-d4df4b08946a.png,613870,3.964658737182617,0.005579471588134766,0.0
177918b1-c468-4cd3-ab55-a2e5588ec40f.png,507358,4.015630006790161,0.005357027053833008,0.0
113af5b7-17a4-4819-9895-e1c5ecf1d0b5.png,753130,4.033160448074341,0.005902767181396484,0.0
0a3c75bb-4bd0-47c8-a2ba-e2aee92ad43f.png,679566,4.039956569671631,0.005978584289550781,0.0
2ccc7c34-aa70-4ea3-8a76-9a7e311ab5fb.png,541543,4.08254337310791,0.005869626998901367,0.0
011d634d-51dc-4dc1-a139-ec9f54e907a0.png,781406,3.987818479537964,0.005712985992431641,0.0
1e81e0d2-e55e-4daf-ba82-461bd7c0caad.png,430854,3.9592816829681396,0.005291461944580078,0.0
177918b1-c468-4cd3-ab55-a2e5588ec40f.png,507358,4.016996383666992,0.0055389404296875,0.0
1fdaac27-9006-4725-9195-175566572458.png,436643,4.0093770027160645,0.0047948360443115234,0.0
0181d6f8-f366-448d-b0fd-8d0a8b45cea9.png,406667,4.009637832641602,0.004601478576660156,0.0
0181d6f8-f366-448d-b0fd-8d0a8b45cea9.png,406667,4.0731096267700195,0.005424976348876953,0.0
12ae73f1-6a75-4664-895b-7caebfd435dc.png,594643,4.109835624694824,0.005527496337890625,0.0
09376b19-149a-44d8-b958-133c98f049c0.png,584576,4.151252746582031,0.005710124969482422,0.0
19a98fb2-0e2c-4c72-acf0-6c530ed8d718.png,817224,4.148869037628174,0.005727052688598633,0.0
17131c0c-8418-47c6-97fc-21534540ae6a.png,808680,4.121858835220337,0.005146503448486328,0.0
198ba48e-1352-4cad-aaeb-304af1138fbb.png,484563,4.166443347930908,0.005447864532470703,0.0
11b30384-1954-4335-bbc1-e985d25bc652.png,561086,4.164821624755859,0.005047798156738281,0.0
277e33c1-e61e-4be1-a3dd-0ee39dd997db.png,447135,4.16676139831543,0.005414485931396484,0.0
277e33c1-e61e-4be1-a3dd-0ee39dd997db.png,447135,4.209509611129761,0.0051517486572265625,0.0
12ae73f1-6a75-4664-895b-7caebfd435dc.png,594643,4.20475959777832,0.005539894104003906,0.0
1ce99872-9f12-41cb-854a-e410004089d4.png,659981,4.207216501235962,0.005985260009765625,0.0
198ba48e-1352-4cad-aaeb-304af1138fbb.png,484563,4.262497425079346,0.0055158138275146484,0.0
000b7b74-0a22-4d0c-b717-e240fdc5d555.png,563135,4.2601141929626465,0.005258083343505859,0.0
17e65213-e8ff-4aa4-a562-f2a1caca35c7.png,815607,4.252902269363403,0.005685567855834961,0.0
2074ba95-9d2e-4039-8ad9-65ffaebb8c7f.png,341355,4.301077365875244,0.005418062210083008,0.0
1775215d-5a39-4cc7-a4e3-9ff9a032653d.png,547343,4.298216104507446,0.005044221878051758,0.0
296039b7-61ef-49f4-bb48-59a533fb3813.png,883630,4.290541172027588,0.005566835403442383,0.0
0c10ba0e-8d8f-45f7-ab7d-e34bf486bc30.png,1002197,4.291150331497192,0.005997896194458008,0.0
23d4f5f9-c0ae-4050-bc7b-598fbf80e326.png,1271343,4.307139158248901,0.00582432746887207,0.0
296039b7-61ef-49f4-bb48-59a533fb3813.png,883630,4.320547819137573,0.0053937435150146484,0.0
00d83a64-a624-4ef2-a9b0-2666cde02218.png,581972,4.318820953369141,0.005753278732299805,0.0
1f98a9d5-4e20-4de9-a7d3-1f4eed9477fd.png,600693,4.286519289016724,0.005464315414428711,0.0
0181d6f8-f366-448d-b0fd-8d0a8b45cea9.png,406667,4.296775579452515,0.004819154739379883,0.0
011d634d-51dc-4dc1-a139-ec9f54e907a0.png,781406,4.259019374847412,0.005208492279052734,0.0
17e65213-e8ff-4aa4-a562-f2a1caca35c7.png,815607,4.192317962646484,0.005454301834106445,0.0
1fdaac27-9006-4725-9195-175566572458.png,436643,4.193476915359497,0.005254030227661133,0.0
22390b77-31da-4a4f-86b5-bc4e8947983a.png,501583,4.1921985149383545,0.0051517486572265625,0.0
22390b77-31da-4a4f-86b5-bc4e8947983a.png,501583,4.232805252075195,0.005249500274658203,0.0
22390b77-31da-4a4f-86b5-bc4e8947983a.png,501583,4.261094093322754,0.005458831787109375,0.0
2074ba95-9d2e-4039-8ad9-65ffaebb8c7f.png,341355,4.2651896476745605,0.005249500274658203,0.0
1fdaac27-9006-4725-9195-175566572458.png,436643,4.269257545471191,0.0049419403076171875,0.0
14b66200-2f5d-4088-8bbd-916a1708a9ac.png,480967,4.268727540969849,0.006088733673095703,0.0
1f98a9d5-4e20-4de9-a7d3-1f4eed9477fd.png,600693,4.241157054901123,0.005944252014160156,0.0
0c10ba0e-8d8f-45f7-ab7d-e34bf486bc30.png,1002197,4.200006008148193,0.005713701248168945,0.0
22390b77-31da-4a4f-86b5-bc4e8947983a.png,501583,4.2376203536987305,0.005168437957763672,0.0
1ce99872-9f12-41cb-854a-e410004089d4.png,659981,4.182626724243164,0.005467653274536133,0.0
23d4f5f9-c0ae-4050-bc7b-598fbf80e326.png,1271343,4.198368072509766,0.006168842315673828,0.0
00d83a64-a624-4ef2-a9b0-2666cde02218.png,581972,4.211199760437012,0.005271434783935547,0.0
04305dd9-2607-4bd2-99d6-58a989fced80.png,488295,4.202543020248413,0.005212545394897461,0.0
296039b7-61ef-49f4-bb48-59a533fb3813.png,883630,4.179242372512817,0.0054285526275634766,0.0
071fa44f-8cd9-477b-8fcb-b02a4ecd10d8.png,606955,4.156455039978027,0.0057904720306396484,0.0
296039b7-61ef-49f4-bb48-59a533fb3813.png,883630,4.153989315032959,0.00607752799987793,0.0
277e33c1-e61e-4be1-a3dd-0ee39dd997db.png,447135,4.153831958770752,0.005447864532470703,0.0
1fdaac27-9006-4725-9195-175566572458.png,436643,4.191769599914551,0.004953622817993164,0.0
25d9cece-f660-460f-b9e1-736f33c71c10.png,419408,4.213669538497925,0.005779266357421875,0.0
08e8ca79-9c10-4152-b6aa-a285b6eec951.png,661982,4.199909687042236,0.0060367584228515625,0.0
198ba48e-1352-4cad-aaeb-304af1138fbb.png,484563,4.192505121231079,0.005124330520629883,0.0
2e4673a1-7057-4436-b7d2-d4df4b08946a.png,613870,4.199664115905762,0.00552058219909668,0.0
0a8426c1-93b5-4f84-8d0e-f2e7a83fb6c3.png,410010,4.2643067836761475,0.005376577377319336,0.0
1fdaac27-9006-4725-9195-175566572458.png,436643,4.257121562957764,0.005439281463623047,0.0
20b1eded-0838-4fd6-b86e-fd60d9072a4b.png,588654,4.228409767150879,0.005556344985961914,0.0
08e8ca79-9c10-4152-b6aa-a285b6eec951.png,661982,4.195650815963745,0.005541324615478516,0.0
14c0c190-e885-4937-89c2-f3d26416ef98.png,389301,4.190480947494507,0.00499415397644043,0.0
0ec0279e-4891-4f97-a765-6e6a1500b2d0.png,492043,4.185954570770264,0.005000591278076172,0.0
0191d8b3-42e7-451a-a775-23fa86522749.png,446310,4.18084979057312,0.00498199462890625,0.0
2b79ac47-479a-411a-a05c-96492192124d.png,733663,4.170996427536011,0.005454540252685547,0.0
277e33c1-e61e-4be1-a3dd-0ee39dd997db.png,447135,4.205913543701172,0.005268096923828125,0.0
11b30384-1954-4335-bbc1-e985d25bc652.png,561086,4.251864433288574,0.005582571029663086,0.0
177918b1-c468-4cd3-ab55-a2e5588ec40f.png,507358,4.244664669036865,0.005323886871337891,0.0
22390b77-31da-4a4f-86b5-bc4e8947983a.png,501583,4.300726890563965,0.005689859390258789,0.0
1ce99872-9f12-41cb-854a-e410004089d4.png,659981,4.25586462020874,0.00541234016418457,0.0
0b2ea7dd-e924-46b3-9bee-da0e7e68341f.png,437895,4.286424160003662,0.005248308181762695,0.0
14b66200-2f5d-4088-8bbd-916a1708a9ac.png,480967,4.285212516784668,0.005406856536865234,0.0
20b1eded-0838-4fd6-b86e-fd60d9072a4b.png,588654,4.274309873580933,0.0067234039306640625,0.0
25d9cece-f660-460f-b9e1-736f33c71c10.png,419408,4.322909355163574,0.005408287048339844,0.0
0ec5a082-3489-46cf-94c6-884c384f17d5.png,598010,4.337482690811157,0.005920886993408203,0.0
1e88df35-4ac6-4350-bb32-41c09a22d7a4.png,490546,4.267074108123779,0.006337165832519531,0.0
000b7b74-0a22-4d0c-b717-e240fdc5d555.png,563135,4.282588958740234,0.0051572322845458984,0.0
2d2c2284-d7ba-4fce-9290-a3928b8d548d.png,698377,4.253483533859253,0.005424022674560547,0.0
177918b1-c468-4cd3-ab55-a2e5588ec40f.png,507358,4.301159620285034,0.005579710006713867,0.0
296039b7-61ef-49f4-bb48-59a533fb3813.png,883630,4.266307830810547,0.005127906799316406,0.0
17131c0c-8418-47c6-97fc-21534540ae6a.png,808680,4.278451919555664,0.00534510612487793,0.0
04305dd9-2607-4bd2-99d6-58a989fced80.png,488295,4.267430305480957,0.004940032958984375,0.0
09376b19-149a-44d8-b958-133c98f049c0.png,584576,4.271676301956177,0.007300853729248047,0.0
17e65213-e8ff-4aa4-a562-f2a1caca35c7.png,815607,4.271871566772461,0.005918025970458984,0.0
22390b77-31da-4a4f-86b5-bc4e8947983a.png,501583,4.307700157165527,0.005672931671142578,0.0
1fdaac27-9006-4725-9195-175566572458.png,436643,4.313131093978882,0.005089521408081055,0.0
000b7b74-0a22-4d0c-b717-e240fdc5d555.png,563135,4.331634759902954,0.005362510681152344,0.0
1e88df35-4ac6-4350-bb32-41c09a22d7a4.png,490546,4.298159122467041,0.0051822662353515625,0.0
2b8fd115-c1d6-411b-99ce-c2abbf7040da.png,908959,4.242182016372681,0.006693601608276367,0.0
0b2ea7dd-e924-46b3-9bee-da0e7e68341f.png,437895,4.246375560760498,0.005445241928100586,0.0
04f48a9f-5c84-4e8a-9b32-9c1ccf2e78da.png,675902,4.217540502548218,0.005620479583740234,0.0
04f48a9f-5c84-4e8a-9b32-9c1ccf2e78da.png,675902,4.180736541748047,0.005353450775146484,0.0
071fa44f-8cd9-477b-8fcb-b02a4ecd10d8.png,606955,4.12827467918396,0.005632638931274414,0.0
113af5b7-17a4-4819-9895-e1c5ecf1d0b5.png,753130,4.135467529296875,0.005797863006591797,0.0
113af5b7-17a4-4819-9895-e1c5ecf1d0b5.png,753130,4.115005254745483,0.005196809768676758,0.0
2d2c2284-d7ba-4fce-9290-a3928b8d548d.png,698377,4.073867321014404,0.005396604537963867,0.0
2074ba95-9d2e-4039-8ad9-65ffaebb8c7f.png,341355,4.115044832229614,0.005434513092041016,0.0
1e81e0d2-e55e-4daf-ba82-461bd7c0caad.png,430854,4.089726209640503,0.005255699157714844,0.0
2ccc7c34-aa70-4ea3-8a76-9a7e311ab5fb.png,541543,4.136634588241577,0.006522178649902344,0.0
22390b77-31da-4a4f-86b5-bc4e8947983a.png,501583,4.199353933334351,0.005796909332275391,0.0
0a3c75bb-4bd0-47c8-a2ba-e2aee92ad43f.png,679566,4.147043466567993,0.005577564239501953,0.0
04305dd9-2607-4bd2-99d6-58a989fced80.png,488295,4.18654727935791,0.0057795047760009766,0.0
19a98fb2-0e2c-4c72-acf0-6c530ed8d718.png,817224,4.1325600147247314,0.005937337875366211,0.0
11b30384-1954-4335-bbc1-e985d25bc652.png,561086,4.1742424964904785,0.0055675506591796875,0.0
28a6709a-88dc-4f90-99d3-5416b4e4a51d.png,1475530,4.178632020950317,0.006294727325439453,0.0
19a98fb2-0e2c-4c72-acf0-6c530ed8d718.png,817224,4.133674621582031,0.005242586135864258,0.0
1869588e-218e-40cb-be35-27539b278535.png,466842,4.136410236358643,0.00509333610534668,0.0
1e88df35-4ac6-4350-bb32-41c09a22d7a4.png,490546,4.122988224029541,0.005790233612060547,0.0
113af5b7-17a4-4819-9895-e1c5ecf1d0b5.png,753130,4.087603807449341,0.005581855773925781,0.0
00d83a64-a624-4ef2-a9b0-2666cde02218.png,581972,4.053148508071899,0.005222797393798828,0.0
011d634d-51dc-4dc1-a139-ec9f54e907a0.png,781406,3.9932632446289062,0.005808591842651367,0.0
296039b7-61ef-49f4-bb48-59a533fb3813.png,883630,3.995388984680176,0.005318164825439453,0.0
20b1eded-0838-4fd6-b86e-fd60d9072a4b.png,588654,4.029343605041504,0.006064176559448242,0.0
0a8426c1-93b5-4f84-8d0e-f2e7a83fb6c3.png,410010,4.020282030105591,0.005446910858154297,0.0
25d9cece-f660-460f-b9e1-736f33c71c10.png,419408,4.04343843460083,0.005632638931274414,0.0
277e33c1-e61e-4be1-a3dd-0ee39dd997db.png,447135,4.075150012969971,0.005541086196899414,0.0
11b30384-1954-4335-bbc1-e985d25bc652.png,561086,4.121947765350342,0.005603313446044922,0.0
14c0c190-e885-4937-89c2-f3d26416ef98.png,389301,4.158250331878662,0.005352973937988281,0.0
1e81e0d2-e55e-4daf-ba82-461bd7c0caad.png,430854,4.169674634933472,0.00540614128112793,0.0
0191d8b3-42e7-451a-a775-23fa86522749.png,446310,4.213894605636597,0.0056154727935791016,0.0
08e8ca79-9c10-4152-b6aa-a285b6eec951.png,661982,4.159178733825684,0.005549192428588867,0.0
177918b1-c468-4cd3-ab55-a2e5588ec40f.png,507358,4.190089702606201,0.005235195159912109,0.0
2ccc7c34-aa70-4ea3-8a76-9a7e311ab5fb.png,541543,4.179438591003418,0.005895376205444336,0.0
0c10ba0e-8d8f-45f7-ab7d-e34bf486bc30.png,1002197,4.102259635925293,0.005730390548706055,0.0
2b79ac47-479a-411a-a05c-96492192124d.png,733663,4.108134746551514,0.005597591400146484,0.0
2e4673a1-7057-4436-b7d2-d4df4b08946a.png,613870,4.0605340003967285,0.00536799430847168,0.0
1dae0fcc-6723-45c0-bbad-b4ecc903ab78.png,640960,4.0579164028167725,0.005822896957397461,0.0
2074ba95-9d2e-4039-8ad9-65ffaebb8c7f.png,341355,4.054197788238525,0.004935503005981445,0.0
0ec0279e-4891-4f97-a765-6e6a1500b2d0.png,492043,4.070815086364746,0.0051152706146240234,0.0
2013f6d1-e482-42d0-8861-6c9f2dc0eb55.png,507864,4.126345634460449,0.0057375431060791016,0.0
0ec5a082-3489-46cf-94c6-884c384f17d5.png,598010,4.08423113822937,0.0051457881927490234,0.0
23d4f5f9-c0ae-4050-bc7b-598fbf80e326.png,1271343,4.1479692459106445,0.006126880645751953,0.0
17e65213-e8ff-4aa4-a562-f2a1caca35c7.png,815607,4.13825798034668,0.0057220458984375,0.0
00d83a64-a624-4ef2-a9b0-2666cde02218.png,581972,4.14014458656311,0.005685567855834961,0.0
23d4f5f9-c0ae-4050-bc7b-598fbf80e326.png,1271343,4.188295364379883,0.0062177181243896484,0.0
1f98a9d5-4e20-4de9-a7d3-1f4eed9477fd.png,600693,4.211087942123413,0.00569605827331543,0.0
0c10ba0e-8d8f-45f7-ab7d-e34bf486bc30.png,1002197,4.188035249710083,0.006148815155029297,0.0
1f98a9d5-4e20-4de9-a7d3-1f4eed9477fd.png,600693,4.164058446884155,0.005519390106201172,0.0
1775215d-5a39-4cc7-a4e3-9ff9a032653d.png,547343,4.162343263626099,0.005594015121459961,0.0
17131c0c-8418-47c6-97fc-21534540ae6a.png,808680,4.1311774253845215,0.0053691864013671875,0.0
23d4f5f9-c0ae-4050-bc7b-598fbf80e326.png,1271343,4.1458899974823,0.0056803226470947266,0.0
2b79ac47-479a-411a-a05c-96492192124d.png,733663,4.100199222564697,0.00572657585144043,0.0
071fa44f-8cd9-477b-8fcb-b02a4ecd10d8.png,606955,4.080610990524292,0.005623579025268555,0.0
296039b7-61ef-49f4-bb48-59a533fb3813.png,883630,4.035653114318848,0.00542759895324707,0.0
0b2ea7dd-e924-46b3-9bee-da0e7e68341f.png,437895,4.081455945968628,0.005724191665649414,0.0
000b7b74-0a22-4d0c-b717-e240fdc5d555.png,563135,4.0682432651519775,0.005056142807006836,0.0
12ae73f1-6a75-4664-895b-7caebfd435dc.png,594643,4.068759918212891,0.00561976432800293,0.0
23d4f5f9-c0ae-4050-bc7b-598fbf80e326.png,1271343,4.1439855098724365,0.006313323974609375,0.0
2d2c2284-d7ba-4fce-9290-a3928b8d548d.png,698377,4.137927293777466,0.0056035518646240234,0.0
0a8426c1-93b5-4f84-8d0e-f2e7a83fb6c3.png,410010,4.180912494659424,0.005487918853759766,0.0
23d4f5f9-c0ae-4050-bc7b-598fbf80e326.png,1271343,4.242854833602905,0.0063283443450927734,0.0
1fdaac27-9006-4725-9195-175566572458.png,436643,4.237823247909546,0.005411624908447266,0.0
0b2ea7dd-e924-46b3-9bee-da0e7e68341f.png,437895,4.239314556121826,0.005334615707397461,0.0
0ec5a082-3489-46cf-94c6-884c384f17d5.png,598010,4.191036939620972,0.005514860153198242,0.0
09376b19-149a-44d8-b958-133c98f049c0.png,584576,4.231394052505493,0.005620718002319336,0.0
296039b7-61ef-49f4-bb48-59a533fb3813.png,883630,4.18133020401001,0.005311012268066406,0.0
14c0c190-e885-4937-89c2-f3d26416ef98.png,389301,4.2426440715789795,0.0053119659423828125,0.0
0a8426c1-93b5-4f84-8d0e-f2e7a83fb6c3.png,410010,4.277745008468628,0.005615949630737305,0.0
2074ba95-9d2e-4039-8ad9-65ffaebb8c7f.png,341355,4.276663541793823,0.005328655242919922,0.0
17e65213-e8ff-4aa4-a562-f2a1caca35c7.png,815607,4.2565343379974365,0.005466461181640625,0.0
2b79ac47-479a-411a-a05c-96492192124d.png,733663,4.2587196826934814,0.006367683410644531,0.0
2e4673a1-7057-4436-b7d2-d4df4b08946a.png,613870,4.254924535751343,0.0058422088623046875,0.0
113af5b7-17a4-4819-9895-e1c5ecf1d0b5.png,753130,0.2572300434112549,0.05773353576660156,0.0
2013f6d1-e482-42d0-8861-6c9f2dc0eb55.png,507864,0.4661080837249756,0.06229972839355469,0.0
07d9f765-5d5b-44ba-93c1-fb8f822ba594.png,458180,0.6424965858459473,0.07419586181640625,0.0
04f48a9f-5c84-4e8a-9b32-9c1ccf2e78da.png,675902,0.8061065673828125,0.07329082489013672,0.0
14c0c190-e885-4937-89c2-f3d26416ef98.png,389301,1.050318717956543,0.07349610328674316,0.0
04f48a9f-5c84-4e8a-9b32-9c1ccf2e78da.png,675902,1.2330238819122314,0.08902764320373535,0.0
011d634d-51dc-4dc1-a139-ec9f54e907a0.png,781406,1.391557216644287,0.08948254585266113,0.0
2013f6d1-e482-42d0-8861-6c9f2dc0eb55.png,507864,1.5724923610687256,0.058843135833740234,0.0
0ec5a082-3489-46cf-94c6-884c384f17d5.png,598010,1.7981650829315186,0.09118461608886719,0.0
000b7b74-0a22-4d0c-b717-e240fdc5d555.png,563135,1.9437286853790283,0.0693368911743164,0.0
2b8fd115-c1d6-411b-99ce-c2abbf7040da.png,908959,2.069145917892456,0.07851529121398926,0.0
23d4f5f9-c0ae-4050-bc7b-598fbf80e326.png,1271343,2.209432601928711,0.038556575775146484,0.0
0181d6f8-f366-448d-b0fd-8d0a8b45cea9.png,406667,2.4473280906677246,0.09287476539611816,0.0
1869588e-218e-40cb-be35-27539b278535.png,466842,2.629817485809326,0.08156085014343262,0.0
0ec0279e-4891-4f97-a765-6e6a1500b2d0.png,492043,2.8104891777038574,0.04044175148010254,0.0
1e81e0d2-e55e-4daf-ba82-461bd7c0caad.png,430854,3.014965534210205,0.05659651756286621,0.0
198ba48e-1352-4cad-aaeb-304af1138fbb.png,484563,3.2166266441345215,0.08412623405456543,0.0
1775215d-5a39-4cc7-a4e3-9ff9a032653d.png,547343,3.4051613807678223,0.05601239204406738,0.0
071fa44f-8cd9-477b-8fcb-b02a4ecd10d8.png,606955,3.5850002765655518,0.1089937686920166,0.0
1e88df35-4ac6-4350-bb32-41c09a22d7a4.png,490546,3.72645902633667,0.09671306610107422,0.0
08e8ca79-9c10-4152-b6aa-a285b6eec951.png,661982,3.91176438331604,0.11375308036804199,0.0
1dae0fcc-6723-45c0-bbad-b4ecc903ab78.png,640960,4.022722244262695,0.04736733436584473,0.0
113af5b7-17a4-4819-9895-e1c5ecf1d0b5.png,753130,4.225162506103516,0.086151123046875,0.0
0a8426c1-93b5-4f84-8d0e-f2e7a83fb6c3.png,410010,4.396715402603149,0.07648587226867676,0.0
2036aaef-025e-4187-89d0-344f697a4546.png,859635,4.303647994995117,0.006011247634887695,0.0
0181d6f8-f366-448d-b0fd-8d0a8b45cea9.png,406667,4.2878053188323975,0.005347728729248047,0.0
1e88df35-4ac6-4350-bb32-41c09a22d7a4.png,490546,4.246400594711304,0.005615711212158203,0.0
0181d6f8-f366-448d-b0fd-8d0a8b45cea9.png,406667,4.34553861618042,0.005316972732543945,0.0
0b2ea7dd-e924-46b3-9bee-da0e7e68341f.png,437895,4.306460618972778,0.0057220458984375,0.0
1775215d-5a39-4cc7-a4e3-9ff9a032653d.png,547343,4.3379175662994385,0.005819559097290039,0.0
0ec0279e-4891-4f97-a765-6e6a1500b2d0.png,492043,4.387392997741699,0.006124973297119141,0.0
0b2ea7dd-e924-46b3-9bee-da0e7e68341f.png,437895,4.372703790664673,0.005103349685668945,0.0
1ce99872-9f12-41cb-854a-e410004089d4.png,659981,4.316257953643799,0.005315542221069336,0.0
1775215d-5a39-4cc7-a4e3-9ff9a032653d.png,547343,4.330240488052368,0.0062541961669921875,0.0
071fa44f-8cd9-477b-8fcb-b02a4ecd10d8.png,606955,4.365375995635986,0.006013154983520508,0.0
2b79ac47-479a-411a-a05c-96492192124d.png,733663,4.330315828323364,0.005701303482055664,0.0
12ae73f1-6a75-4664-895b-7caebfd435dc.png,594643,4.324733018875122,0.00584721565246582,0.0
20b1eded-0838-4fd6-b86e-fd60d9072a4b.png,588654,4.281663656234741,0.0057065486907958984,0.0
14b66200-2f5d-4088-8bbd-916a1708a9ac.png,480967,4.244601488113403,0.0059816837310791016,0.0
1ce99872-9f12-41cb-854a-e410004089d4.png,659981,4.212386846542358,0.005990743637084961,0.0
28a6709a-88dc-4f90-99d3-5416b4e4a51d.png,1475530,4.183584690093994,0.00603795051574707,0.0
0c10ba0e-8d8f-45f7-ab7d-e34bf486bc30.png,1002197,4.114684581756592,0.0059661865234375,0.0
2b8fd115-c1d6-411b-99ce-c2abbf7040da.png,908959,4.082844018936157,0.006131649017333984,0.0
0a3c75bb-4bd0-47c8-a2ba-e2aee92ad43f.png,679566,4.065792560577393,0.005906820297241211,0.0
071fa44f-8cd9-477b-8fcb-b02a4ecd10d8.png,606955,4.065223217010498,0.005999326705932617,0.0
1e88df35-4ac6-4350-bb32-41c09a22d7a4.png,490546,4.057241439819336,0.006540060043334961,0.0
011d634d-51dc-4dc1-a139-ec9f54e907a0.png,781406,4.0291588306427,0.007405519485473633,0.0
2b79ac47-479a-411a-a05c-96492192124d.png,733663,3.9950509071350098,0.005331277847290039,0.0
2036aaef-025e-4187-89d0-344f697a4546.png,859635,3.9948461055755615,0.005387783050537109,0.0
2ccc7c34-aa70-4ea3-8a76-9a7e311ab5fb.png,541543,3.989108085632324,0.005369424819946289,0.0
0b2ea7dd-e924-46b3-9bee-da0e7e68341f.png,437895,4.053594589233398,0.005645751953125,0.0
0181d6f8-f366-448d-b0fd-8d0a8b45cea9.png,406667,4.0252790451049805,0.005800724029541016,0.0
2036aaef-025e-4187-89d0-344f697a4546.png,859635,3.9454915523529053,0.00550532341003418,0.0
071fa44f-8cd9-477b-8fcb-b02a4ecd10d8.png,606955,3.8802330493927,0.0057680606842041016,0.0
0ec5a082-3489-46cf-94c6-884c384f17d5.png,598010,3.8343162536621094,0.005341053009033203,0.0
0a3c75bb-4bd0-47c8-a2ba-e2aee92ad43f.png,679566,3.80014705657959,0.005275726318359375,0.0
0b2ea7dd-e924-46b3-9bee-da0e7e68341f.png,437895,3.8416104316711426,0.005335569381713867,0.0
23d4f5f9-c0ae-4050-bc7b-598fbf80e326.png,1271343,3.842374801635742,0.005906581878662109,0.0
14c0c190-e885-4937-89c2-f3d26416ef98.png,389301,3.8850204944610596,0.005129337310791016,0.0
04f48a9f-5c84-4e8a-9b32-9c1ccf2e78da.png,675902,3.8848183155059814,0.005597829818725586,0.0
2e4673a1-7057-4436-b7d2-d4df4b08946a.png,613870,3.8427822589874268,0.005233287811279297,0.0
07d9f765-5d5b-44ba-93c1-fb8f822ba594.png,458180,3.881319999694824,0.004962921142578125,0.0
11b30384-1954-4335-bbc1-e985d25bc652.png,561086,3.878070831298828,0.005149364471435547,0.0
28a6709a-88dc-4f90-99d3-5416b4e4a51d.png,1475530,3.8900609016418457,0.0061092376708984375,0.0
0c10ba0e-8d8f-45f7-ab7d-e34bf486bc30.png,1002197,3.870513677597046,0.005826234817504883,0.0
1869588e-218e-40cb-be35-27539b278535.png,466842,3.928096294403076,0.005732536315917969,0.0
2ccc7c34-aa70-4ea3-8a76-9a7e311ab5fb.png,541543,3.9837441444396973,0.005743741989135742,0.0
19a98fb2-0e2c-4c72-acf0-6c530ed8d718.png,817224,4.003027439117432,0.005237102508544922,0.0
071fa44f-8cd9-477b-8fcb-b02a4ecd10d8.png,606955,4.0164289474487305,0.005234241485595703,0.0
11b30384-1954-4335-bbc1-e985d25bc652.png,561086,4.068321228027344,0.005770206451416016,0.0
14b66200-2f5d-4088-8bbd-916a1708a9ac.png,480967,4.109493017196655,0.006386756896972656,0.0
1dae0fcc-6723-45c0-bbad-b4ecc903ab78.png,640960,4.10023832321167,0.005808353424072266,0.0
22390b77-31da-4a4f-86b5-bc4e8947983a.png,501583,4.153593063354492,0.005174875259399414,0.0
2ccc7c34-aa70-4ea3-8a76-9a7e311ab5fb.png,541543,4.163402080535889,0.005333900451660156,0.0
09376b19-149a-44d8-b958-133c98f049c0.png,584576,4.179513216018677,0.005150794982910156,0.0
22390b77-31da-4a4f-86b5-bc4e8947983a.png,501583,4.150278329849243,0.0052335262298583984,0.0
11b30384-1954-4335-bbc1-e985d25bc652.png,561086,4.218125343322754,0.005615711212158203,0.0
2074ba95-9d2e-4039-8ad9-65ffaebb8c7f.png,341355,4.274187088012695,0.005457878112792969,0.0
1775215d-5a39-4cc7-a4e3-9ff9a032653d.png,547343,4.330955505371094,0.0056073665618896484,0.0
0191d8b3-42e7-451a-a775-23fa86522749.png,446310,4.40242600440979,0.006132364273071289,0.0
1f98a9d5-4e20-4de9-a7d3-1f4eed9477fd.png,600693,4.379731178283691,0.0050241947174072266,0.0
071fa44f-8cd9-477b-8fcb-b02a4ecd10d8.png,606955,4.351876497268677,0.03365659713745117,0.0
1fdaac27-9006-4725-9195-175566572458.png,436643,4.357911109924316,0.00516200065612793,0.0
08e8ca79-9c10-4152-b6aa-a285b6eec951.png,661982,4.367237091064453,0.00554347038269043,0.0
09376b19-149a-44d8-b958-133c98f049c0.png,584576,4.4172751903533936,0.005548954010009766,0.0
04305dd9-2607-4bd2-99d6-58a989fced80.png,488295,4.461393594741821,0.005234956741333008,0.0
14c0c190-e885-4937-89c2-f3d26416ef98.png,389301,4.480019569396973,0.005114078521728516,0.0
2013f6d1-e482-42d0-8861-6c9f2dc0eb55.png,507864,4.500545024871826,0.005332469940185547,0.0
12ae73f1-6a75-4664-895b-7caebfd435dc.png,594643,4.561417579650879,0.005601406097412109,0.0
1f98a9d5-4e20-4de9-a7d3-1f4eed9477fd.png,600693,4.520663022994995,0.005486965179443359,0.0
14b66200-2f5d-4088-8bbd-916a1708a9ac.png,480967,4.525281667709351,0.004999399185180664,0.0
04f48a9f-5c84-4e8a-9b32-9c1ccf2e78da.png,675902,4.531084299087524,0.005198001861572266,0.0
12ae73f1-6a75-4664-895b-7caebfd435dc.png,594643,4.561100006103516,0.0062105655670166016,0.0
04305dd9-2607-4bd2-99d6-58a989fced80.png,488295,4.561509847640991,0.005071163177490234,0.0
0a3c75bb-4bd0-47c8-a2ba-e2aee92ad43f.png,679566,4.520673513412476,0.006680488586425781,0.0
113af5b7-17a4-4819-9895-e1c5ecf1d0b5.png,753130,4.546891450881958,0.005547523498535156,0.0
0b2ea7dd-e924-46b3-9bee-da0e7e68341f.png,437895,4.543580532073975,0.005029916763305664,0.0
277e33c1-e61e-4be1-a3dd-0ee39dd997db.png,447135,4.5303261280059814,0.005564212799072266,0.0
25d9cece-f660-460f-b9e1-736f33c71c10.png,419408,4.493556499481201,0.004990339279174805,0.0
2036aaef-025e-4187-89d0-344f697a4546.png,859635,4.434161424636841,0.005343198776245117,0.0
2ccc7c34-aa70-4ea3-8a76-9a7e311ab5fb.png,541543,4.4346513748168945,0.005223512649536133,0.0
12ae73f1-6a75-4664-895b-7caebfd435dc.png,594643,4.413784742355347,0.005604743957519531,0.0
09376b19-149a-44d8-b958-133c98f049c0.png,584576,4.426642417907715,0.0055544376373291016,0.0
071fa44f-8cd9-477b-8fcb-b02a4ecd10d8.png,606955,4.357515335083008,0.005856037139892578,0.0
277e33c1-e61e-4be1-a3dd-0ee39dd997db.png,447135,4.407273054122925,0.005431413650512695,0.0
296039b7-61ef-49f4-bb48-59a533fb3813.png,883630,4.4003541469573975,0.005517721176147461,0.0
17e65213-e8ff-4aa4-a562-f2a1caca35c7.png,815607,4.330212593078613,0.0053784847259521484,0.0
0a3c75bb-4bd0-47c8-a2ba-e2aee92ad43f.png,679566,4.303747653961182,0.005590915679931641,0.0
0181d6f8-f366-448d-b0fd-8d0a8b45cea9.png,406667,4.321478843688965,0.005205631256103516,0.0
17e65213-e8ff-4aa4-a562-f2a1caca35c7.png,815607,4.242260932922363,0.007744312286376953,0.0
14c0c190-e885-4937-89c2-f3d26416ef98.png,389301,4.22535252571106,0.0057599544525146484,0.0
0a3c75bb-4bd0-47c8-a2ba-e2aee92ad43f.png,679566,4.185420989990234,0.0056760311126708984,0.0
2074ba95-9d2e-4039-8ad9-65ffaebb8c7f.png,341355,4.183688402175903,0.0053539276123046875,0.0
23d4f5f9-c0ae-4050-bc7b-598fbf80e326.png,1271343,4.220694065093994,0.0059833526611328125,0.0
25d9cece-f660-460f-b9e1-736f33c71c10.png,419408,4.208977460861206,0.0067594051361083984,0.0
2d2c2284-d7ba-4fce-9290-a3928b8d548d.png,698377,4.243964672088623,0.005860328674316406,0.0
000b7b74-0a22-4d0c-b717-e240fdc5d555.png,563135,4.237170457839966,0.005143880844116211,0.0
2b79ac47-479a-411a-a05c-96492192124d.png,733663,4.200868368148804,0.00547027587890625,0.0
04f48a9f-5c84-4e8a-9b32-9c1ccf2e78da.png,675902,4.209470272064209,0.007504701614379883,0.0
19a98fb2-0e2c-4c72-acf0-6c530ed8d718.png,817224,4.193087100982666,0.005766153335571289,0.0
28a6709a-88dc-4f90-99d3-5416b4e4a51d.png,1475530,4.1801745891571045,0.005803823471069336,0.0
08e8ca79-9c10-4152-b6aa-a285b6eec951.png,661982,4.147062540054321,0.0055065155029296875,0.0
198ba48e-1352-4cad-aaeb-304af1138fbb.png,484563,4.1444361209869385,0.005385637283325195,0.0
23d4f5f9-c0ae-4050-bc7b-598fbf80e326.png,1271343,4.215620517730713,0.00726628303527832,0.0
113af5b7-17a4-4819-9895-e1c5ecf1d0b5.png,753130,4.193101167678833,0.006064176559448242,0.0
04305dd9-2607-4bd2-99d6-58a989fced80.png,488295,4.211641550064087,0.005398273468017578,0.0
1869588e-218e-40cb-be35-27539b278535.png,466842,4.183999061584473,0.005238771438598633,0.0
00d83a64-a624-4ef2-a9b0-2666cde02218.png,581972,4.179733991622925,0.004784584045410156,0.0
1f98a9d5-4e20-4de9-a7d3-1f4eed9477fd.png,600693,4.129914999008179,0.005444526672363281,0.0
1ce99872-9f12-41cb-854a-e410004089d4.png,659981,4.136595726013184,0.005336761474609375,0.0
2d2c2284-d7ba-4fce-9290-a3928b8d548d.png,698377,4.161502122879028,0.005048036575317383,0.0
19a98fb2-0e2c-4c72-acf0-6c530ed8d718.png,817224,4.199379205703735,0.004900455474853516,0.0
113af5b7-17a4-4819-9895-e1c5ecf1d0b5.png,753130,4.152903318405151,0.005545139312744141,0.0
1f98a9d5-4e20-4de9-a7d3-1f4eed9477fd.png,600693,4.160272121429443,0.005579710006713867,0.0
1f98a9d5-4e20-4de9-a7d3-1f4eed9477fd.png,600693,4.133899927139282,0.005106210708618164,0.0
2b79ac47-479a-411a-a05c-96492192124d.png,733663,4.139973402023315,0.00593113899230957,0.0
1e81e0d2-e55e-4daf-ba82-461bd7c0caad.png,430854,4.099611043930054,0.005416393280029297,0.0
113af5b7-17a4-4819-9895-e1c5ecf1d0b5.png,753130,4.062173843383789,0.005698204040527344,0.0
2b8fd115-c1d6-411b-99ce-c2abbf7040da.png,908959,4.007685661315918,0.005804777145385742,0.0
19a98fb2-0e2c-4c72-acf0-6c530ed8d718.png,817224,4.005733966827393,0.01085209846496582,0.0
28a6709a-88dc-4f90-99d3-5416b4e4a51d.png,1475530,3.977696418762207,0.006710529327392578,0.0
20b1eded-0838-4fd6-b86e-fd60d9072a4b.png,588654,3.980501890182495,0.006191730499267578,0.0
177918b1-c468-4cd3-ab55-a2e5588ec40f.png,507358,4.010801792144775,0.0072002410888671875,0.0
177918b1-c468-4cd3-ab55-a2e5588ec40f.png,507358,4.0441529750823975,0.00557255744934082,0.0
177918b1-c468-4cd3-ab55-a2e5588ec40f.png,507358,4.058100938796997,0.005136728286743164,0.0
011d634d-51dc-4dc1-a139-ec9f54e907a0.png,781406,4.046678066253662,0.006304502487182617,0.0
296039b7-61ef-49f4-bb48-59a533fb3813.png,883630,4.017090559005737,0.005478620529174805,0.0
177918b1-c468-4cd3-ab55-a2e5588ec40f.png,507358,4.004511833190918,0.005304813385009766,0.0
19a98fb2-0e2c-4c72-acf0-6c530ed8d718.png,817224,3.9695427417755127,0.0060884952545166016,0.0
20b1eded-0838-4fd6-b86e-fd60d9072a4b.png,588654,3.9331071376800537,0.005856990814208984,0.0
17131c0c-8418-47c6-97fc-21534540ae6a.png,808680,3.896052837371826,0.005616426467895508,0.0
11b30384-1954-4335-bbc1-e985d25bc652.png,561086,3.9410033226013184,0.0055789947509765625,0.0
14c0c190-e885-4937-89c2-f3d26416ef98.png,389301,3.9592514038085938,0.005101680755615234,0.0
0191d8b3-42e7-451a-a775-23fa86522749.png,446310,3.9864346981048584,0.006685495376586914,0.0
00d83a64-a624-4ef2-a9b0-2666cde02218.png,581972,3.980104684829712,0.005577802658081055,0.0
0b2ea7dd-e924-46b3-9bee-da0e7e68341f.png,437895,3.9895198345184326,0.005148887634277344,0.0
2036aaef-025e-4187-89d0-344f697a4546.png,859635,3.953913927078247,0.0057027339935302734,0.0
11b30384-1954-4335-bbc1-e985d25bc652.png,561086,3.976491689682007,0.005413055419921875,0.0
1e88df35-4ac6-4350-bb32-41c09a22d7a4.png,490546,3.961376428604126,0.005469560623168945,0.0
277e33c1-e61e-4be1-a3dd-0ee39dd997db.png,447135,4.0008485317230225,0.005697727203369141,0.0
1dae0fcc-6723-45c0-bbad-b4ecc903ab78.png,640960,3.9866130352020264,0.006003618240356445,0.0
2d2c2284-d7ba-4fce-9290-a3928b8d548d.png,698377,3.9900693893432617,0.0059163570404052734,0.0
1ce99872-9f12-41cb-854a-e410004089d4.png,659981,4.017225027084351,0.0059070587158203125,0.0
000b7b74-0a22-4d0c-b717-e240fdc5d555.png,563135,4.026241064071655,0.007126808166503906,0.0
198ba48e-1352-4cad-aaeb-304af1138fbb.png,484563,4.0420966148376465,0.0054931640625,0.0
25d9cece-f660-460f-b9e1-736f33c71c10.png,419408,4.0794970989227295,0.005655050277709961,0.0
1e88df35-4ac6-4350-bb32-41c09a22d7a4.png,490546,4.039728403091431,0.006742000579833984,0.0
2d2c2284-d7ba-4fce-9290-a3928b8d548d.png,698377,4.008265256881714,0.005309104919433594,0.0
177918b1-c468-4cd3-ab55-a2e5588ec40f.png,507358,4.008717060089111,0.0050046443939208984,0.0
0181d6f8-f366-448d-b0fd-8d0a8b45cea9.png,406667,4.063340425491333,0.0054779052734375,0.0
1fdaac27-9006-4725-9195-175566572458.png,436643,4.0946125984191895,0.005379438400268555,0.0
177918b1-c468-4cd3-ab55-a2e5588ec40f.png,507358,4.0918800830841064,0.005053281784057617,0.0
0b2ea7dd-e924-46b3-9bee-da0e7e68341f.png,437895,4.159080982208252,0.005281686782836914,0.0
1775215d-5a39-4cc7-a4e3-9ff9a032653d.png,547343,4.188848257064819,0.005715847015380859,0.0
14c0c190-e885-4937-89c2-f3d26416ef98.png,389301,4.2287492752075195,0.005616188049316406,0.0
113af5b7-17a4-4819-9895-e1c5ecf1d0b5.png,753130,4.195164918899536,0.0050313472747802734,0.0
04305dd9-2607-4bd2-99d6-58a989fced80.png,488295,4.201916456222534,0.0047454833984375,0.0
0181d6f8-f366-448d-b0fd-8d0a8b45cea9.png,406667,4.194986820220947,0.006346464157104492,0.0
17131c0c-8418-47c6-97fc-21534540ae6a.png,808680,4.212768077850342,0.005288600921630859,0.0
08e8ca79-9c10-4152-b6aa-a285b6eec951.png,661982,4.180082321166992,0.005221366882324219,0.0
04f48a9f-5c84-4e8a-9b32-9c1ccf2e78da.png,675902,4.199889421463013,0.0060846805572509766,0.0
113af5b7-17a4-4819-9895-e1c5ecf1d0b5.png,753130,4.176061391830444,0.005313396453857422,0.0
1869588e-218e-40cb-be35-27539b278535.png,466842,4.219364881515503,0.004932403564453125,0.0
23d4f5f9-c0ae-4050-bc7b-598fbf80e326.png,1271343,4.216583251953125,0.005716085433959961,0.0
19a98fb2-0e2c-4c72-acf0-6c530ed8d718.png,817224,4.224245309829712,0.005909442901611328,0.0
2e4673a1-7057-4436-b7d2-d4df4b08946a.png,613870,4.2146830558776855,0.0063745975494384766,0.0
17131c0c-8418-47c6-97fc-21534540ae6a.png,808680,4.220080614089966,0.00574803352355957,0.0
00d83a64-a624-4ef2-a9b0-2666cde02218.png,581972,4.180489540100098,0.006522655487060547,0.0
1775215d-5a39-4cc7-a4e3-9ff9a032653d.png,547343,4.19398307800293,0.005026578903198242,0.0
0181d6f8-f366-448d-b0fd-8d0a8b45cea9.png,406667,4.189940452575684,0.0053501129150390625,0.0
0191d8b3-42e7-451a-a775-23fa86522749.png,446310,4.226602792739868,0.0064544677734375,0.0
09376b19-149a-44d8-b958-133c98f049c0.png,584576,4.2545225620269775,0.005575895309448242,0.0
2ccc7c34-aa70-4ea3-8a76-9a7e311ab5fb.png,541543,4.254235506057739,0.004921913146972656,0.0
296039b7-61ef-49f4-bb48-59a533fb3813.png,883630,4.20917534828186,0.005253314971923828,0.0
07d9f765-5d5b-44ba-93c1-fb8f822ba594.png,458180,4.212429761886597,0.005095481872558594,0.0
04305dd9-2607-4bd2-99d6-58a989fced80.png,488295,4.221441984176636,0.0052373409271240234,0.0
0c10ba0e-8d8f-45f7-ab7d-e34bf486bc30.png,1002197,4.142863988876343,0.00545048713684082,0.0
2036aaef-025e-4187-89d0-344f697a4546.png,859635,4.117648124694824,0.0057256221771240234,0.0
25d9cece-f660-460f-b9e1-736f33c71c10.png,419408,4.11602520942688,0.005334138870239258,0.0
1f98a9d5-4e20-4de9-a7d3-1f4eed9477fd.png,600693,4.127402305603027,0.005352497100830078,0.0
17e65213-e8ff-4aa4-a562-f2a1caca35c7.png,815607,4.086304187774658,0.005415916442871094,0.0
04f48a9f-5c84-4e8a-9b32-9c1ccf2e78da.png,675902,4.068027496337891,0.005834341049194336,0.0
22390b77-31da-4a4f-86b5-bc4e8947983a.png,501583,4.1044020652771,0.005016326904296875,0.0
198ba48e-1352-4cad-aaeb-304af1138fbb.png,484563,4.173858165740967,0.0054950714111328125,0.0
2036aaef-025e-4187-89d0-344f697a4546.png,859635,4.153763771057129,0.0059299468994140625,0.0
28a6709a-88dc-4f90-99d3-5416b4e4a51d.png,1475530,4.1746909618377686,0.006425380706787109,0.0
0181d6f8-f366-448d-b0fd-8d0a8b45cea9.png,406667,4.170870304107666,0.0051572322845458984,0.0
296039b7-61ef-49f4-bb48-59a533fb3813.png,883630,4.1312315464019775,0.005607128143310547,0.0
09376b19-149a-44d8-b958-133c98f049c0.png,584576,4.177786111831665,0.0059070587158203125,0.0
28a6709a-88dc-4f90-99d3-5416b4e4a51d.png,1475530,4.1962034702301025,0.006327390670776367,0.0
28a6709a-88dc-4f90-99d3-5416b4e4a51d.png,1475530,4.210546016693115,0.006165981292724609,0.0
1775215d-5a39-4cc7-a4e3-9ff9a032653d.png,547343,4.256416082382202,0.006845951080322266,0.0
0181d6f8-f366-448d-b0fd-8d0a8b45cea9.png,406667,4.241638660430908,0.0054471492767333984,0.0
12ae73f1-6a75-4664-895b-7caebfd435dc.png,594643,4.241849422454834,0.005300045013427734,0.0
000b7b74-0a22-4d0c-b717-e240fdc5d555.png,563135,4.260871648788452,0.006624937057495117,0.0
17e65213-e8ff-4aa4-a562-f2a1caca35c7.png,815607,4.224526405334473,0.005244016647338867,0.0
0ec0279e-4891-4f97-a765-6e6a1500b2d0.png,492043,4.23334264755249,0.0046465396881103516,0.0
2ccc7c34-aa70-4ea3-8a76-9a7e311ab5fb.png,541543,4.277402400970459,0.005182504653930664,0.0
2d2c2284-d7ba-4fce-9290-a3928b8d548d.png,698377,4.239561557769775,0.005391597747802734,0.0
2b8fd115-c1d6-411b-99ce-c2abbf7040da.png,908959,4.156980037689209,0.0053327083587646484,0.0
22390b77-31da-4a4f-86b5-bc4e8947983a.png,501583,4.226773500442505,0.005453824996948242,0.0
1e88df35-4ac6-4350-bb32-41c09a22d7a4.png,490546,4.2024500370025635,0.006181240081787109,0.0
25d9cece-f660-460f-b9e1-736f33c71c10.png,419408,4.209447622299194,0.005308628082275391,0.0
12ae73f1-6a75-4664-895b-7caebfd435dc.png,594643,4.228450536727905,0.005439281463623047,0.0
07d9f765-5d5b-44ba-93c1-fb8f822ba594.png,458180,4.264725923538208,0.005074262619018555,0.0
17e65213-e8ff-4aa4-a562-f2a1caca35c7.png,815607,4.256794691085815,0.005934953689575195,0.0
0a8426c1-93b5-4f84-8d0e-f2e7a83fb6c3.png,410010,4.246912956237793,0.004989147186279297,0.0
14c0c190-e885-4937-89c2-f3d26416ef98.png,389301,4.214204788208008,0.0052835941314697266,0.0
0ec0279e-4891-4f97-a765-6e6a1500b2d0.png,492043,4.27365517616272,0.005637645721435547,0.0
2e4673a1-7057-4436-b7d2-d4df4b08946a.png,613870,4.2500200271606445,0.005382537841796875,0.0
1e81e0d2-e55e-4daf-ba82-461bd7c0caad.png,430854,4.231464385986328,0.005118370056152344,0.0
25d9cece-f660-460f-b9e1-736f33c71c10.png,419408,4.287986993789673,0.0055043697357177734,0.0
08e8ca79-9c10-4152-b6aa-a285b6eec951.png,661982,4.237929582595825,0.005834341049194336,0.0
011d634d-51dc-4dc1-a139-ec9f54e907a0.png,781406,4.211650848388672,0.005806446075439453,0.0
14c0c190-e885-4937-89c2-f3d26416ef98.png,389301,4.229129076004028,0.00549626350402832,0.0
07d9f765-5d5b-44ba-93c1-fb8f822ba594.png,458180,4.224078893661499,0.0061185359954833984,0.0
1e81e0d2-e55e-4daf-ba82-461bd7c0caad.png,430854,4.230121374130249,0.005054473876953125,0.0
0191d8b3-42e7-451a-a775-23fa86522749.png,446310,4.233264684677124,0.005190610885620117,0.0
28a6709a-88dc-4f90-99d3-5416b4e4a51d.png,1475530,4.202329874038696,0.0074062347412109375,0.0
12ae73f1-6a75-4664-895b-7caebfd435dc.png,594643,4.245938062667847,0.005381345748901367,0.0
20b1eded-0838-4fd6-b86e-fd60d9072a4b.png,588654,4.204057693481445,0.004872322082519531,0.0
14b66200-2f5d-4088-8bbd-916a1708a9ac.png,480967,4.234574556350708,0.005213737487792969,0.0
17131c0c-8418-47c6-97fc-21534540ae6a.png,808680,4.246443510055542,0.005447864532470703,0.0
0a3c75bb-4bd0-47c8-a2ba-e2aee92ad43f.png,679566,4.259194850921631,0.005378246307373047,0.0
23d4f5f9-c0ae-4050-bc7b-598fbf80e326.png,1271343,4.264925956726074,0.005247831344604492,0.0
296039b7-61ef-49f4-bb48-59a533fb3813.png,883630,4.285651683807373,0.0054340362548828125,0.0
23d4f5f9-c0ae-4050-bc7b-598fbf80e326.png,1271343,4.286068677902222,0.005694866180419922,0.0
23d4f5f9-c0ae-4050-bc7b-598fbf80e326.png,1271343,4.291524887084961,0.005133152008056641,0.0
2036aaef-025e-4187-89d0-344f697a4546.png,859635,4.219758987426758,0.0049953460693359375,0.0
0a3c75bb-4bd0-47c8-a2ba-e2aee92ad43f.png,679566,4.219741582870483,0.005254030227661133,0.0
28a6709a-88dc-4f90-99d3-5416b4e4a51d.png,1475530,4.202990293502808,0.005689144134521484,0.0
25d9cece-f660-460f-b9e1-736f33c71c10.png,419408,4.197336673736572,0.0051229000091552734,0.0
0c10ba0e-8d8f-45f7-ab7d-e34bf486bc30.png,1002197,4.147728204727173,0.005046367645263672,0.0
0b2ea7dd-e924-46b3-9bee-da0e7e68341f.png,437895,4.176278829574585,0.0051038265228271484,0.0
1e88df35-4ac6-4350-bb32-41c09a22d7a4.png,490546,4.156729698181152,0.005259990692138672,0.0
1869588e-218e-40cb-be35-27539b278535.png,466842,4.14064359664917,0.0052149295806884766,0.0
25d9cece-f660-460f-b9e1-736f33c71c10.png,419408,4.246236085891724,0.0054128170013427734,0.0
011d634d-51dc-4dc1-a139-ec9f54e907a0.png,781406,4.244223117828369,0.005678415298461914,0.0
20b1eded-0838-4fd6-b86e-fd60d9072a4b.png,588654,4.219377756118774,0.005242824554443359,0.0
2013f6d1-e482-42d0-8861-6c9f2dc0eb55.png,507864,4.2180328369140625,0.006012678146362305,0.0
04f48a9f-5c84-4e8a-9b32-9c1ccf2e78da.png,675902,4.2048749923706055,0.006365537643432617,0.0
0c10ba0e-8d8f-45f7-ab7d-e34bf486bc30.png,1002197,4.159264326095581,0.0053064823150634766,0.0
1fdaac27-9006-4725-9195-175566572458.png,436643,4.205037355422974,0.0067141056060791016,0.0
000b7b74-0a22-4d0c-b717-e240fdc5d555.png,563135,4.208005905151367,0.005081653594970703,0.0
0b2ea7dd-e924-46b3-9bee-da0e7e68341f.png,437895,4.246155500411987,0.005045413970947266,0.0
2036aaef-025e-4187-89d0-344f697a4546.png,859635,4.156859397888184,0.0060808658599853516,0.0
23d4f5f9-c0ae-4050-bc7b-598fbf80e326.png,1271343,4.1873533725738525,0.005311489105224609,0.0
14c0c190-e885-4937-89c2-f3d26416ef98.png,389301,4.250511407852173,0.005132913589477539,0.0
1fdaac27-9006-4725-9195-175566572458.png,436643,4.230153322219849,0.004924297332763672,0.0
25d9cece-f660-460f-b9e1-736f33c71c10.png,419408,4.257553339004517,0.005773067474365234,0.0
0191d8b3-42e7-451a-a775-23fa86522749.png,446310,4.2459752559661865,0.005247354507446289,0.0
20b1eded-0838-4fd6-b86e-fd60d9072a4b.png,588654,4.199121713638306,0.004717826843261719,0.0
23d4f5f9-c0ae-4050-bc7b-598fbf80e326.png,1271343,4.2732625007629395,0.005110502243041992,0.0
0ec0279e-4891-4f97-a765-6e6a1500b2d0.png,492043,4.325966119766235,0.005631446838378906,0.0
2036aaef-025e-4187-89d0-344f697a4546.png,859635,4.2814412117004395,0.005525112152099609,0.0
25d9cece-f660-460f-b9e1-736f33c71c10.png,419408,4.281684875488281,0.004814624786376953,0.0
1775215d-5a39-4cc7-a4e3-9ff9a032653d.png,547343,4.327603340148926,0.005384922027587891,0.0
2b8fd115-c1d6-411b-99ce-c2abbf7040da.png,908959,4.2692320346832275,0.005276679992675781,0.0
2e4673a1-7057-4436-b7d2-d4df4b08946a.png,613870,4.282343864440918,0.005063056945800781,0.0
2013f6d1-e482-42d0-8861-6c9f2dc0eb55.png,507864,4.278578519821167,0.0052182674407958984,0.0
0181d6f8-f366-448d-b0fd-8d0a8b45cea9.png,406667,4.218084335327148,0.0052607059478759766,0.0
14c0c190-e885-4937-89c2-f3d26416ef98.png,389301,4.2817652225494385,0.0054056644439697266,0.0
0181d6f8-f366-448d-b0fd-8d0a8b45cea9.png,406667,4.291849851608276,0.005108356475830078,0.0
1869588e-218e-40cb-be35-27539b278535.png,466842,4.289851903915405,0.005860090255737305,0.0
2e4673a1-7057-4436-b7d2-d4df4b08946a.png,613870,4.2492241859436035,0.005343198776245117,0.0
2b79ac47-479a-411a-a05c-96492192124d.png,733663,4.257228374481201,0.005793094635009766,0.0
04f48a9f-5c84-4e8a-9b32-9c1ccf2e78da.png,675902,4.224341154098511,0.00707244873046875,0.0
2e4673a1-7057-4436-b7d2-d4df4b08946a.png,613870,4.194190740585327,0.005008697509765625,0.0
2b8fd115-c1d6-411b-99ce-c2abbf7040da.png,908959,4.137203693389893,0.005204677581787109,0.0
19a98fb2-0e2c-4c72-acf0-6c530ed8d718.png,817224,4.161291837692261,0.0054509639739990234,0.0
2d2c2284-d7ba-4fce-9290-a3928b8d548d.png,698377,4.120663166046143,0.004953622817993164,0.0
1ce99872-9f12-41cb-854a-e410004089d4.png,659981,4.082386016845703,0.004714488983154297,0.0
2d2c2284-d7ba-4fce-9290-a3928b8d548d.png,698377,4.042388677597046,0.005540609359741211,0.0
277e33c1-e61e-4be1-a3dd-0ee39dd997db.png,447135,4.047409534454346,0.005333900451660156,0.0
09376b19-149a-44d8-b958-133c98f049c0.png,584576,4.047472715377808,0.005234479904174805,0.0
2036aaef-025e-4187-89d0-344f697a4546.png,859635,4.027676820755005,0.005608081817626953,0.0
0191d8b3-42e7-451a-a775-23fa86522749.png,446310,4.020503282546997,0.004540681838989258,0.0
011d634d-51dc-4dc1-a139-ec9f54e907a0.png,781406,3.9592626094818115,0.005521059036254883,0.0
011d634d-51dc-4dc1-a139-ec9f54e907a0.png,781406,3.972270965576172,0.005954265594482422,0.0
14b66200-2f5d-4088-8bbd-916a1708a9ac.png,480967,3.976855993270874,0.0050754547119140625,0.0
23d4f5f9-c0ae-4050-bc7b-598fbf80e326.png,1271343,3.9795901775360107,0.005990743637084961,0.0
011d634d-51dc-4dc1-a139-ec9f54e907a0.png,781406,4.003424167633057,0.005988597869873047,0.0
28a6709a-88dc-4f90-99d3-5416b4e4a51d.png,1475530,4.017997741699219,0.0063440799713134766,0.0
177918b1-c468-4cd3-ab55-a2e5588ec40f.png,507358,4.024263143539429,0.00545811653137207,0.0
25d9cece-f660-460f-b9e1-736f33c71c10.png,419408,4.025725603103638,0.005353689193725586,0.0
20b1eded-0838-4fd6-b86e-fd60d9072a4b.png,588654,3.971134662628174,0.005479574203491211,0.0
1775215d-5a39-4cc7-a4e3-9ff9a032653d.png,547343,3.975206136703491,0.004785299301147461,0.0
1ce99872-9f12-41cb-854a-e410004089d4.png,659981,3.943042278289795,0.007170677185058594,0.0
2013f6d1-e482-42d0-8861-6c9f2dc0eb55.png,507864,3.998772621154785,0.004836082458496094,0.0
277e33c1-e61e-4be1-a3dd-0ee39dd997db.png,447135,4.0376763343811035,0.005832195281982422,0.0
07d9f765-5d5b-44ba-93c1-fb8f822ba594.png,458180,4.04062032699585,0.007440328598022461,0.0
28a6709a-88dc-4f90-99d3-5416b4e4a51d.png,1475530,4.0433290004730225,0.006793975830078125,0.0
19a98fb2-0e2c-4c72-acf0-6c530ed8d718.png,817224,4.063321828842163,0.00561833381652832,0.0
17e65213-e8ff-4aa4-a562-f2a1caca35c7.png,815607,4.056741714477539,0.006263256072998047,0.0
000b7b74-0a22-4d0c-b717-e240fdc5d555.png,563135,4.092500925064087,0.0052297115325927734,0.0
0ec5a082-3489-46cf-94c6-884c384f17d5.png,598010,4.086075782775879,0.005406379699707031,0.0
296039b7-61ef-49f4-bb48-59a533fb3813.png,883630,4.091226577758789,0.00547480583190918,0.0
17131c0c-8418-47c6-97fc-21534540ae6a.png,808680,4.056112051010132,0.0054509639739990234,0.0
0a3c75bb-4bd0-47c8-a2ba-e2aee92ad43f.png,679566,4.009906530380249,0.005837678909301758,0.0
113af5b7-17a4-4819-9895-e1c5ecf1d0b5.png,753130,4.045121192932129,0.005408048629760742,0.0
14c0c190-e885-4937-89c2-f3d26416ef98.png,389301,4.092134237289429,0.004532337188720703,0.0
08e8ca79-9c10-4152-b6aa-a285b6eec951.png,661982,4.107123613357544,0.005627870559692383,0.0
1f98a9d5-4e20-4de9-a7d3-1f4eed9477fd.png,600693,4.170259237289429,0.005580425262451172,0.0
0ec5a082-3489-46cf-94c6-884c384f17d5.png,598010,4.129658937454224,0.0052759647369384766,0.0
2b79ac47-479a-411a-a05c-96492192124d.png,733663,4.090181589126587,0.005109548568725586,0.0
17131c0c-8418-47c6-97fc-21534540ae6a.png,808680,4.095469236373901,0.005650043487548828,0.0
1869588e-218e-40cb-be35-27539b278535.png,466842,4.11764669418335,0.005103588104248047,0.0
277e33c1-e61e-4be1-a3dd-0ee39dd997db.png,447135,4.116374969482422,0.005297422409057617,0.0
22390b77-31da-4a4f-86b5-bc4e8947983a.png,501583,4.1073243618011475,0.005368232727050781,0.0
1f98a9d5-4e20-4de9-a7d3-1f4eed9477fd.png,600693,4.112195253372192,0.005648612976074219,0.0
071fa44f-8cd9-477b-8fcb-b02a4ecd10d8.png,606955,4.076797962188721,0.005163908004760742,0.0
2ccc7c34-aa70-4ea3-8a76-9a7e311ab5fb.png,541543,4.11379861831665,0.0054547786712646484,0.0
04f48a9f-5c84-4e8a-9b32-9c1ccf2e78da.png,675902,4.073200702667236,0.005231618881225586,0.0
04f48a9f-5c84-4e8a-9b32-9c1ccf2e78da.png,675902,4.030008554458618,0.005710601806640625,0.0
2d2c2284-d7ba-4fce-9290-a3928b8d548d.png,698377,3.9971113204956055,0.006705045700073242,0.0
14b66200-2f5d-4088-8bbd-916a1708a9ac.png,480967,4.0218186378479,0.00530552864074707,0.0
0b2ea7dd-e924-46b3-9bee-da0e7e68341f.png,437895,4.061716556549072,0.004919290542602539,0.0
07d9f765-5d5b-44ba-93c1-fb8f822ba594.png,458180,4.09587287902832,0.005639553070068359,0.0
2b79ac47-479a-411a-a05c-96492192124d.png,733663,4.072920322418213,0.005537986755371094,0.0
1dae0fcc-6723-45c0-bbad-b4ecc903ab78.png,640960,4.062792539596558,0.005815744400024414,0.0
071fa44f-8cd9-477b-8fcb-b02a4ecd10d8.png,606955,4.068039417266846,0.005604743957519531,0.0
0ec0279e-4891-4f97-a765-6e6a1500b2d0.png,492043,4.108121871948242,0.005785942077636719,0.0
07d9f765-5d5b-44ba-93c1-fb8f822ba594.png,458180,4.161149740219116,0.005695819854736328,0.0
1f98a9d5-4e20-4de9-a7d3-1f4eed9477fd.png,600693,0.24024462699890137,0.03531908988952637,0.0
17131c0c-8418-47c6-97fc-21534540ae6a.png,808680,0.41640782356262207,0.06611990928649902,0.0
2036aaef-025e-4187-89d0-344f697a4546.png,859635,0.5305769443511963,0.06967735290527344,0.0
0a8426c1-93b5-4f84-8d0e-f2e7a83fb6c3.png,410010,0.751274824142456,0.0703117847442627,0.0
28a6709a-88dc-4f90-99d3-5416b4e4a51d.png,1475530,0.927546501159668,0.07696080207824707,0.0
2013f6d1-e482-42d0-8861-6c9f2dc0eb55.png,507864,1.079422950744629,0.05441141128540039,0.0
1fdaac27-9006-4725-9195-175566572458.png,436643,1.2818262577056885,0.0762934684753418,0.0
071fa44f-8cd9-477b-8fcb-b02a4ecd10d8.png,606955,1.465801477432251,0.06061077117919922,0.0
19a98fb2-0e2c-4c72-acf0-6c530ed8d718.png,817224,1.6463420391082764,0.05909085273742676,0.0
22390b77-31da-4a4f-86b5-bc4e8947983a.png,501583,1.8137624263763428,0.03804945945739746,0.0
0b2ea7dd-e924-46b3-9bee-da0e7e68341f.png,437895,2.045084238052368,0.0823664665222168,0.0
277e33c1-e61e-4be1-a3dd-0ee39dd997db.png,447135,2.2206737995147705,0.03412914276123047,0.0
08e8ca79-9c10-4152-b6aa-a285b6eec951.png,661982,2.440955638885498,0.09519481658935547,0.0
19a98fb2-0e2c-4c72-acf0-6c530ed8d718.png,817224,2.531628370285034,0.03853917121887207,0.0
177918b1-c468-4cd3-ab55-a2e5588ec40f.png,507358,2.7805917263031006,0.07981491088867188,0.0
04f48a9f-5c84-4e8a-9b32-9c1ccf2e78da.png,675902,2.938217878341675,0.06381464004516602,0.0
1775215d-5a39-4cc7-a4e3-9ff9a032653d.png,547343,3.1877646446228027,0.08734440803527832,0.0
277e33c1-e61e-4be1-a3dd-0ee39dd997db.png,447135,3.3568408489227295,0.07609295845031738,0.0
14c0c190-e885-4937-89c2-f3d26416ef98.png,389301,3.552356719970703,0.07702946662902832,0.0
12ae73f1-6a75-4664-895b-7caebfd435dc.png,594643,3.7091968059539795,0.05587005615234375,0.0
071fa44f-8cd9-477b-8fcb-b02a4ecd10d8.png,606955,3.8594653606414795,0.047686100006103516,0.0
1dae0fcc-6723-45c0-bbad-b4ecc903ab78.png,640960,4.064633369445801,0.08559560775756836,0.0
0181d6f8-f366-448d-b0fd-8d0a8b45cea9.png,406667,4.255995750427246,0.0521395206451416,0.0
08e8ca79-9c10-4152-b6aa-a285b6eec951.png,661982,4.409320831298828,0.0399022102355957,0.0
1dae0fcc-6723-45c0-bbad-b4ecc903ab78.png,640960,4.373765707015991,0.005364894866943359,0.0
2b8fd115-c1d6-411b-99ce-c2abbf7040da.png,908959,4.334608793258667,0.005810260772705078,0.0
2074ba95-9d2e-4039-8ad9-65ffaebb8c7f.png,341355,4.414122104644775,0.004827260971069336,0.0
2b79ac47-479a-411a-a05c-96492192124d.png,733663,4.323867321014404,0.005355358123779297,0.0
23d4f5f9-c0ae-4050-bc7b-598fbf80e326.png,1271343,4.35159969329834,0.006102085113525391,0.0
198ba48e-1352-4cad-aaeb-304af1138fbb.png,484563,4.352519989013672,0.0060617923736572266,0.0
1fdaac27-9006-4725-9195-175566572458.png,436643,4.364721298217773,0.005103349685668945,0.0
23d4f5f9-c0ae-4050-bc7b-598fbf80e326.png,1271343,4.38711404800415,0.005873203277587891,0.0
12ae73f1-6a75-4664-895b-7caebfd435dc.png,594643,4.400879859924316,0.005604743957519531,0.0
00d83a64-a624-4ef2-a9b0-2666cde02218.png,581972,4.36036229133606,0.005095243453979492,0.0
2b79ac47-479a-411a-a05c-96492192124d.png,733663,4.3017261028289795,0.005457401275634766,0.0
1e81e0d2-e55e-4daf-ba82-461bd7c0caad.png,430854,4.235014915466309,0.005063533782958984,0.0
1fdaac27-9006-4725-9195-175566572458.png,436643,4.278035879135132,0.0057184696197509766,0.0
14b66200-2f5d-4088-8bbd-916a1708a9ac.png,480967,4.314144849777222,0.005287647247314453,0.0
2036aaef-025e-4187-89d0-344f697a4546.png,859635,4.227014064788818,0.0061664581298828125,0.0
09376b19-149a-44d8-b958-133c98f049c0.png,584576,4.271097421646118,0.005799531936645508,0.0
198ba48e-1352-4cad-aaeb-304af1138fbb.png,484563,4.2175915241241455,0.005240201950073242,0.0
1f98a9d5-4e20-4de9-a7d3-1f4eed9477fd.png,600693,4.189400911331177,0.005243778228759766,0.0
0b2ea7dd-e924-46b3-9bee-da0e7e68341f.png,437895,4.189263343811035,0.004947662353515625,0.0
0191d8b3-42e7-451a-a775-23fa86522749.png,446310,4.225339651107788,0.004855632781982422,0.0
2074ba95-9d2e-4039-8ad9-65ffaebb8c7f.png,341355,4.273528814315796,0.004968881607055664,0.0
1e81e0d2-e55e-4daf-ba82-461bd7c0caad.png,430854,4.273151874542236,0.005541086196899414,0.0
1e81e0d2-e55e-4daf-ba82-461bd7c0caad.png,430854,4.1988465785980225,0.005252361297607422,0.0
277e33c1-e61e-4be1-a3dd-0ee39dd997db.png,447135,4.231614828109741,0.0051898956298828125,0.0
296039b7-61ef-49f4-bb48-59a533fb3813.png,883630,4.2187323570251465,0.005028724670410156,0.0
09376b19-149a-44d8-b958-133c98f049c0.png,584576,4.28591513633728,0.005956172943115234,0.0
000b7b74-0a22-4d0c-b717-e240fdc5d555.png,563135,4.278894901275635,0.004648447036743164,0.0
2ccc7c34-aa70-4ea3-8a76-9a7e311ab5fb.png,541543,4.322308301925659,0.00510406494140625,0.0
2013f6d1-e482-42d0-8861-6c9f2dc0eb55.png,507864,4.306696891784668,0.005468130111694336,0.0
1775215d-5a39-4cc7-a4e3-9ff9a032653d.png,547343,4.304358243942261,0.005963802337646484,0.0
0181d6f8-f366-448d-b0fd-8d0a8b45cea9.png,406667,4.301493406295776,0.004776954650878906,0.0
296039b7-61ef-49f4-bb48-59a533fb3813.png,883630,4.247564315795898,0.005480051040649414,0.0
113af5b7-17a4-4819-9895-e1c5ecf1d0b5.png,753130,4.213167667388916,0.00507807731628418,0.0
277e33c1-e61e-4be1-a3dd-0ee39dd997db.png,447135,4.24932074546814,0.004775285720825195,0.0
0ec5a082-3489-46cf-94c6-884c384f17d5.png,598010,4.252107858657837,0.005415916442871094,0.0
000b7b74-0a22-4d0c-b717-e240fdc5d555.png,563135,4.290079593658447,0.005425930023193359,0.0
14b66200-2f5d-4088-8bbd-916a1708a9ac.png,480967,4.290910243988037,0.004624128341674805,0.0
277e33c1-e61e-4be1-a3dd-0ee39dd997db.png,447135,4.2911577224731445,0.0048675537109375,0.0
277e33c1-e61e-4be1-a3dd-0ee39dd997db.png,447135,4.369003057479858,0.005845069885253906,0.0
2ccc7c34-aa70-4ea3-8a76-9a7e311ab5fb.png,541543,4.346480369567871,0.005422830581665039,0.0
0c10ba0e-8d8f-45f7-ab7d-e34bf486bc30.png,1002197,4.307234764099121,0.005674600601196289,0.0
2074ba95-9d2e-4039-8ad9-65ffaebb8c7f.png,341355,4.330862283706665,0.005113363265991211,0.0
17e65213-e8ff-4aa4-a562-f2a1caca35c7.png,815607,4.286271810531616,0.0059316158294677734,0.0
0c10ba0e-8d8f-45f7-ab7d-e34bf486bc30.png,1002197,4.204776287078857,0.005576610565185547,0.0
2074ba95-9d2e-4039-8ad9-65ffaebb8c7f.png,341355,4.184259653091431,0.004796743392944336,0.0
00d83a64-a624-4ef2-a9b0-2666cde02218.png,581972,4.17662787437439,0.0053424835205078125,0.0
22390b77-31da-4a4f-86b5-bc4e8947983a.png,501583,4.2086403369903564,0.004854679107666016,0.0
0ec0279e-4891-4f97-a765-6e6a1500b2d0.png,492043,4.199219226837158,0.0056231021881103516,0.0
296039b7-61ef-49f4-bb48-59a533fb3813.png,883630,4.217850685119629,0.0050754547119140625,0.0
2e4673a1-7057-4436-b7d2-d4df4b08946a.png,613870,4.168650150299072,0.005270242691040039,0.0
1e88df35-4ac6-4350-bb32-41c09a22d7a4.png,490546,4.1264729499816895,0.0049326419830322266,0.0
113af5b7-17a4-4819-9895-e1c5ecf1d0b5.png,753130,4.113497257232666,0.00495600700378418,0.0
14b66200-2f5d-4088-8bbd-916a1708a9ac.png,480967,4.120129585266113,0.005216360092163086,0.0
1fdaac27-9006-4725-9195-175566572458.png,436643,4.1157190799713135,0.006365299224853516,0.0
296039b7-61ef-49f4-bb48-59a533fb3813.png,883630,4.082183122634888,0.0052683353424072266,0.0
2074ba95-9d2e-4039-8ad9-65ffaebb8c7f.png,341355,4.1336350440979,0.004615306854248047,0.0
28a6709a-88dc-4f90-99d3-5416b4e4a51d.png,1475530,4.17751669883728,0.006087064743041992,0.0
11b30384-1954-4335-bbc1-e985d25bc652.png,561086,4.18020224571228,0.004586696624755859,0.0
296039b7-61ef-49f4-bb48-59a533fb3813.png,883630,4.181843280792236,0.0051114559173583984,0.0
1fdaac27-9006-4725-9195-175566572458.png,436643,4.176994562149048,0.004942655563354492,0.0
198ba48e-1352-4cad-aaeb-304af1138fbb.png,484563,4.180719614028931,0.0052454471588134766,0.0
0181d6f8-f366-448d-b0fd-8d0a8b45cea9.png,406667,4.17896032333374,0.004863262176513672,0.0
14b66200-2f5d-4088-8bbd-916a1708a9ac.png,480967,4.155164957046509,0.0050771236419677734,0.0
00d83a64-a624-4ef2-a9b0-2666cde02218.png,581972,4.11567497253418,0.00518035888671875,0.0
23d4f5f9-c0ae-4050-bc7b-598fbf80e326.png,1271343,4.1695568561553955,0.0065877437591552734,0.0
07d9f765-5d5b-44ba-93c1-fb8f822ba594.png,458180,4.1667304039001465,0.005064487457275391,0.0
277e33c1-e61e-4be1-a3dd-0ee39dd997db.png,447135,4.212897539138794,0.005551338195800781,0.0
2b8fd115-c1d6-411b-99ce-c2abbf7040da.png,908959,4.193819522857666,0.006573677062988281,0.0
2b8fd115-c1d6-411b-99ce-c2abbf7040da.png,908959,4.139325857162476,0.005632638931274414,0.0
2013f6d1-e482-42d0-8861-6c9f2dc0eb55.png,507864,4.1786887645721436,0.005617856979370117,0.0
2d2c2284-d7ba-4fce-9290-a3928b8d548d.png,698377,4.149317502975464,0.0053136348724365234,0.0
2074ba95-9d2e-4039-8ad9-65ffaebb8c7f.png,341355,4.1502745151519775,0.005080699920654297,0.0
19a98fb2-0e2c-4c72-acf0-6c530ed8d718.png,817224,4.147771835327148,0.005305290222167969,0.0
0ec5a082-3489-46cf-94c6-884c384f17d5.png,598010,4.16012716293335,0.00596928596496582,0.0
0a8426c1-93b5-4f84-8d0e-f2e7a83fb6c3.png,410010,4.240128993988037,0.0051424503326416016,0.0
113af5b7-17a4-4819-9895-e1c5ecf1d0b5.png,753130,4.251521348953247,0.005112171173095703,0.0
000b7b74-0a22-4d0c-b717-e240fdc5d555.png,563135,4.2526233196258545,0.0054168701171875,0.0
0181d6f8-f366-448d-b0fd-8d0a8b45cea9.png,406667,4.252179861068726,0.0062427520751953125,0.0
17e65213-e8ff-4aa4-a562-f2a1caca35c7.png,815607,4.232585191726685,0.006076335906982422,0.0
19a98fb2-0e2c-4c72-acf0-6c530ed8d718.png,817224,4.198688507080078,0.01276397705078125,0.0
1869588e-218e-40cb-be35-27539b278535.png,466842,4.195369243621826,0.005967855453491211,0.0
071fa44f-8cd9-477b-8fcb-b02a4ecd10d8.png,606955,4.158524990081787,0.00502777099609375,0.0
0a8426c1-93b5-4f84-8d0e-f2e7a83fb6c3.png,410010,4.19908595085144,0.005226612091064453,0.0
0181d6f8-f366-448d-b0fd-8d0a8b45cea9.png,406667,4.199911117553711,0.0052492618560791016,0.0
177918b1-c468-4cd3-ab55-a2e5588ec40f.png,507358,4.191770553588867,0.005394458770751953,0.0
2b8fd115-c1d6-411b-99ce-c2abbf7040da.png,908959,4.137169122695923,0.005761623382568359,0.0
0b2ea7dd-e924-46b3-9bee-da0e7e68341f.png,437895,4.1389782428741455,0.005221366882324219,0.0
22390b77-31da-4a4f-86b5-bc4e8947983a.png,501583,4.175906419754028,0.005608081817626953,0.0
17e65213-e8ff-4aa4-a562-f2a1caca35c7.png,815607,4.121325969696045,0.0056040287017822266,0.0
11b30384-1954-4335-bbc1-e985d25bc652.png,561086,4.124484300613403,0.005053281784057617,0.0
1e81e0d2-e55e-4daf-ba82-461bd7c0caad.png,430854,4.088789224624634,0.00518488883972168,0.0
12ae73f1-6a75-4664-895b-7caebfd435dc.png,594643,4.149857759475708,0.005429744720458984,0.0
2013f6d1-e482-42d0-8861-6c9f2dc0eb55.png,507864,4.218868017196655,0.00513148307800293,0.0
296039b7-61ef-49f4-bb48-59a533fb3813.png,883630,4.172749996185303,0.005465507507324219,0.0
1fdaac27-9006-4725-9195-175566572458.png,436643,4.203220367431641,0.005377769470214844,0.0
09376b19-149a-44d8-b958-133c98f049c0.png,584576,4.233392238616943,0.0047037601470947266,0.0
19a98fb2-0e2c-4c72-acf0-6c530ed8d718.png,817224,4.235653638839722,0.005116939544677734,0.0
14c0c190-e885-4937-89c2-f3d26416ef98.png,389301,4.277910232543945,0.0058743953704833984,0.0
17131c0c-8418-47c6-97fc-21534540ae6a.png,808680,4.2158026695251465,0.005335092544555664,0.0
2036aaef-025e-4187-89d0-344f697a4546.png,859635,4.163267612457275,0.005357265472412109,0.0
0a3c75bb-4bd0-47c8-a2ba-e2aee92ad43f.png,679566,4.116577386856079,0.005250692367553711,0.0
296039b7-61ef-49f4-bb48-59a533fb3813.png,883630,4.088602542877197,0.005983591079711914,0.0
1869588e-218e-40cb-be35-27539b278535.png,466842,4.151180744171143,0.006880044937133789,0.0
28a6709a-88dc-4f90-99d3-5416b4e4a51d.png,1475530,4.132043123245239,0.006236076354980469,0.0
0191d8b3-42e7-451a-a775-23fa86522749.png,446310,4.117891550064087,0.005018949508666992,0.0
0a3c75bb-4bd0-47c8-a2ba-e2aee92ad43f.png,679566,4.10903000831604,0.0050754547119140625,0.0
04f48a9f-5c84-4e8a-9b32-9c1ccf2e78da.png,675902,4.07416296005249,0.005430459976196289,0.0
11b30384-1954-4335-bbc1-e985d25bc652.png,561086,4.0828516483306885,0.005290508270263672,0.0
2b79ac47-479a-411a-a05c-96492192124d.png,733663,4.03507661819458,0.005154609680175781,0.0
1dae0fcc-6723-45c0-bbad-b4ecc903ab78.png,640960,4.051346302032471,0.005736589431762695,0.0
0a3c75bb-4bd0-47c8-a2ba-e2aee92ad43f.png,679566,4.003636837005615,0.005391120910644531,0.0
2b8fd115-c1d6-411b-99ce-c2abbf7040da.png,908959,3.944459915161133,0.005391359329223633,0.0
14b66200-2f5d-4088-8bbd-916a1708a9ac.png,480967,3.9931066036224365,0.005544900894165039,0.0
25d9cece-f660-460f-b9e1-736f33c71c10.png,419408,4.008624315261841,0.004735469818115234,0.0
14c0c190-e885-4937-89c2-f3d26416ef98.png,389301,4.0421833992004395,0.005233049392700195,0.0
0ec5a082-3489-46cf-94c6-884c384f17d5.png,598010,4.003073453903198,0.0051670074462890625,0.0
1f98a9d5-4e20-4de9-a7d3-1f4eed9477fd.png,600693,3.9667320251464844,0.005260467529296875,0.0
011d634d-51dc-4dc1-a139-ec9f54e907a0.png,781406,3.962970495223999,0.005548954010009766,0.0
23d4f5f9-c0ae-4050-bc7b-598fbf80e326.png,1271343,3.9681291580200195,0.005531787872314453,0.0
1e81e0d2-e55e-4daf-ba82-461bd7c0caad.png,430854,3.936164617538452,0.005295276641845703,0.0
2ccc7c34-aa70-4ea3-8a76-9a7e311ab5fb.png,541543,3.9778342247009277,0.0052337646484375,0.0
2013f6d1-e482-42d0-8861-6c9f2dc0eb55.png,507864,3.9651453495025635,0.005270957946777344,0.0
22390b77-31da-4a4f-86b5-bc4e8947983a.png,501583,3.9861154556274414,0.0051403045654296875,0.0
09376b19-149a-44d8-b958-133c98f049c0.png,584576,4.035095453262329,0.005055904388427734,0.0
1f98a9d5-4e20-4de9-a7d3-1f4eed9477fd.png,600693,4.0560455322265625,0.005706310272216797,0.0
1dae0fcc-6723-45c0-bbad-b4ecc903ab78.png,640960,4.079496383666992,0.007042884826660156,0.0
2b79ac47-479a-411a-a05c-96492192124d.png,733663,4.0328192710876465,0.0050258636474609375,0.0
0a8426c1-93b5-4f84-8d0e-f2e7a83fb6c3.png,410010,4.058255910873413,0.0054662227630615234,0.0
08e8ca79-9c10-4152-b6aa-a285b6eec951.png,661982,4.02560019493103,0.005120515823364258,0.0
09376b19-149a-44d8-b958-133c98f049c0.png,584576,4.066419363021851,0.005051136016845703,0.0
23d4f5f9-c0ae-4050-bc7b-598fbf80e326.png,1271343,4.101363182067871,0.005857944488525391,0.0
07d9f765-5d5b-44ba-93c1-fb8f822ba594.png,458180,4.0956714153289795,0.005240917205810547,0.0
1e88df35-4ac6-4350-bb32-41c09a22d7a4.png,490546,4.07951807975769,0.005647182464599609,0.0
25d9cece-f660-460f-b9e1-736f33c71c10.png,419408,4.129549980163574,0.005545854568481445,0.0
0ec5a082-3489-46cf-94c6-884c384f17d5.png,598010,4.145049810409546,0.005671977996826172,0.0
14b66200-2f5d-4088-8bbd-916a1708a9ac.png,480967,4.206192255020142,0.006008148193359375,0.0
0a8426c1-93b5-4f84-8d0e-f2e7a83fb6c3.png,410010,4.237401008605957,0.0050432682037353516,0.0
296039b7-61ef-49f4-bb48-59a533fb3813.png,883630,4.186711311340332,0.004749774932861328,0.0
1e88df35-4ac6-4350-bb32-41c09a22d7a4.png,490546,4.139614105224609,0.005342960357666016,0.0
1ce99872-9f12-41cb-854a-e410004089d4.png,659981,4.147661924362183,0.0054547786712646484,0.0
1e88df35-4ac6-4350-bb32-41c09a22d7a4.png,490546,4.127970933914185,0.005617618560791016,0.0
19a98fb2-0e2c-4c72-acf0-6c530ed8d718.png,817224,4.134490489959717,0.00537419319152832,0.0
0ec0279e-4891-4f97-a765-6e6a1500b2d0.png,492043,4.136767625808716,0.0062520503997802734,0.0
00d83a64-a624-4ef2-a9b0-2666cde02218.png,581972,4.09890604019165,0.0051348209381103516,0.0
2e4673a1-7057-4436-b7d2-d4df4b08946a.png,613870,4.05353569984436,0.004959583282470703,0.0
1e81e0d2-e55e-4daf-ba82-461bd7c0caad.png,430854,4.031138181686401,0.005290508270263672,0.0
14c0c190-e885-4937-89c2-f3d26416ef98.png,389301,4.033860683441162,0.0048487186431884766,0.0
14b66200-2f5d-4088-8bbd-916a1708a9ac.png,480967,4.039334535598755,0.005062103271484375,0.0
20b1eded-0838-4fd6-b86e-fd60d9072a4b.png,588654,4.035525321960449,0.005595684051513672,0.0
1fdaac27-9006-4725-9195-175566572458.png,436643,4.04138445854187,0.006226062774658203,0.0
1e81e0d2-e55e-4daf-ba82-461bd7c0caad.png,430854,4.052629709243774,0.005198240280151367,0.0
00d83a64-a624-4ef2-a9b0-2666cde02218.png,581972,4.02435040473938,0.005160093307495117,0.0
2036aaef-025e-4187-89d0-344f697a4546.png,859635,3.9992151260375977,0.005517482757568359,0.0
0a3c75bb-4bd0-47c8-a2ba-e2aee92ad43f.png,679566,3.9625484943389893,0.004897356033325195,0.0
00d83a64-a624-4ef2-a9b0-2666cde02218.png,581972,3.9286949634552,0.005060911178588867,0.0
1dae0fcc-6723-45c0-bbad-b4ecc903ab78.png,640960,3.880047082901001,0.0054814815521240234,0.0
177918b1-c468-4cd3-ab55-a2e5588ec40f.png,507358,3.9557881355285645,0.005342721939086914,0.0
1e81e0d2-e55e-4daf-ba82-461bd7c0caad.png,430854,3.9261462688446045,0.005527496337890625,0.0
04f48a9f-5c84-4e8a-9b32-9c1ccf2e78da.png,675902,3.9576520919799805,0.005507469177246094,0.0
0191d8b3-42e7-451a-a775-23fa86522749.png,446310,3.965669631958008,0.0057697296142578125,0.0
28a6709a-88dc-4f90-99d3-5416b4e4a51d.png,1475530,3.918762683868408,0.006405830383300781,0.0
071fa44f-8cd9-477b-8fcb-b02a4ecd10d8.png,606955,3.9205448627471924,0.005263566970825195,0.0
296039b7-61ef-49f4-bb48-59a533fb3813.png,883630,3.9327592849731445,0.0053691864013671875,0.0
277e33c1-e61e-4be1-a3dd-0ee39dd997db.png,447135,3.9768307209014893,0.005280971527099609,0.0
0191d8b3-42e7-451a-a775-23fa86522749.png,446310,4.028391361236572,0.005356550216674805,0.0
2ccc7c34-aa70-4ea3-8a76-9a7e311ab5fb.png,541543,4.0854222774505615,0.005357503890991211,0.0
1e88df35-4ac6-4350-bb32-41c09a22d7a4.png,490546,4.030564308166504,0.006493091583251953,0.0
1775215d-5a39-4cc7-a4e3-9ff9a032653d.png,547343,4.062346935272217,0.004998207092285156,0.0
19a98fb2-0e2c-4c72-acf0-6c530ed8d718.png,817224,4.05432391166687,0.005357503890991211,0.0
113af5b7-17a4-4819-9895-e1c5ecf1d0b5.png,753130,4.038551330566406,0.005674600601196289,0.0
04305dd9-2607-4bd2-99d6-58a989fced80.png,488295,4.052587270736694,0.0047855377197265625,0.0
000b7b74-0a22-4d0c-b717-e240fdc5d555.png,563135,4.082963466644287,0.004618644714355469,0.0
17131c0c-8418-47c6-97fc-21534540ae6a.png,808680,4.087995529174805,0.007163047790527344,0.0
07d9f765-5d5b-44ba-93c1-fb8f822ba594.png,458180,4.082618474960327,0.004967927932739258,0.0
2b79ac47-479a-411a-a05c-96492192124d.png,733663,4.083916425704956,0.005998134613037109,0.0
1ce99872-9f12-41cb-854a-e410004089d4.png,659981,4.1000189781188965,0.005764484405517578,0.0
14b66200-2f5d-4088-8bbd-916a1708a9ac.png,480967,4.165666580200195,0.0053043365478515625,0.0
1dae0fcc-6723-45c0-bbad-b4ecc903ab78.png,640960,4.163562297821045,0.004939079284667969,0.0
0ec5a082-3489-46cf-94c6-884c384f17d5.png,598010,4.166724681854248,0.005753278732299805,0.0
113af5b7-17a4-4819-9895-e1c5ecf1d0b5.png,753130,4.180299282073975,0.005892038345336914,0.0
011d634d-51dc-4dc1-a139-ec9f54e907a0.png,781406,4.111639022827148,0.0056302547454833984,0.0
1e81e0d2-e55e-4daf-ba82-461bd7c0caad.png,430854,4.113052845001221,0.00545954704284668,0.0
0a3c75bb-4bd0-47c8-a2ba-e2aee92ad43f.png,679566,4.075217008590698,0.0053844451904296875,0.0
04305dd9-2607-4bd2-99d6-58a989fced80.png,488295,4.072108268737793,0.005082607269287109,0.0
00d83a64-a624-4ef2-a9b0-2666cde02218.png,581972,4.059938192367554,0.005663394927978516,0.0
0a8426c1-93b5-4f84-8d0e-f2e7a83fb6c3.png,410010,4.088578701019287,0.004995822906494141,0.0
1775215d-5a39-4cc7-a4e3-9ff9a032653d.png,547343,4.146544694900513,0.005542755126953125,0.0
011d634d-51dc-4dc1-a139-ec9f54e907a0.png,781406,4.0736494064331055,0.005443096160888672,0.0
1869588e-218e-40cb-be35-27539b278535.png,466842,4.074431896209717,0.00525975227355957,0.0
00d83a64-a624-4ef2-a9b0-2666cde02218.png,581972,4.018181562423706,0.005342245101928711,0.0
1e88df35-4ac6-4350-bb32-41c09a22d7a4.png,490546,4.020850658416748,0.005152463912963867,0.0
0a8426c1-93b5-4f84-8d0e-f2e7a83fb6c3.png,410010,4.028695106506348,0.004945993423461914,0.0
1f98a9d5-4e20-4de9-a7d3-1f4eed9477fd.png,600693,4.051517009735107,0.005278587341308594,0.0
0191d8b3-42e7-451a-a775-23fa86522749.png,446310,4.099714994430542,0.005005836486816406,0.0
011d634d-51dc-4dc1-a139-ec9f54e907a0.png,781406,4.0545570850372314,0.005214214324951172,0.0
1f98a9d5-4e20-4de9-a7d3-1f4eed9477fd.png,600693,4.0142974853515625,0.004998207092285156,0.0
1fdaac27-9006-4725-9195-175566572458.png,436643,4.041063070297241,0.00635075569152832,0.0
1e81e0d2-e55e-4daf-ba82-461bd7c0caad.png,430854,4.019270896911621,0.0048427581787109375,0.0
12ae73f1-6a75-4664-895b-7caebfd435dc.png,594643,4.0560832023620605,0.006043910980224609,0.0
08e8ca79-9c10-4152-b6aa-a285b6eec951.png,661982,4.027684450149536,0.00592494010925293,0.0
2074ba95-9d2e-4039-8ad9-65ffaebb8c7f.png,341355,4.029575824737549,0.0052182674407958984,0.0
04305dd9-2607-4bd2-99d6-58a989fced80.png,488295,4.0737693309783936,0.005323648452758789,0.0
177918b1-c468-4cd3-ab55-a2e5588ec40f.png,507358,4.104284763336182,0.005370140075683594,0.0
07d9f765-5d5b-44ba-93c1-fb8f822ba594.png,458180,4.139531850814819,0.00546574592590332,0.0
28a6709a-88dc-4f90-99d3-5416b4e4a51d.png,1475530,4.173498630523682,0.0066335201263427734,0.0
2d2c2284-d7ba-4fce-9290-a3928b8d548d.png,698377,4.165163993835449,0.0054340362548828125,0.0
1e81e0d2-e55e-4daf-ba82-461bd7c0caad.png,430854,4.173036575317383,0.005719900131225586,0.0
277e33c1-e61e-4be1-a3dd-0ee39dd997db.png,447135,4.170032501220703,0.005213260650634766,0.0
0ec5a082-3489-46cf-94c6-884c384f17d5.png,598010,4.200812578201294,0.005535125732421875,0.0
17e65213-e8ff-4aa4-a562-f2a1caca35c7.png,815607,4.177613735198975,0.0049397945404052734,0.0
28a6709a-88dc-4f90-99d3-5416b4e4a51d.png,1475530,4.136441230773926,0.0063495635986328125,0.0
1e88df35-4ac6-4350-bb32-41c09a22d7a4.png,490546,4.169184684753418,0.005152702331542969,0.0
08e8ca79-9c10-4152-b6aa-a285b6eec951.png,661982,4.138171672821045,0.0052928924560546875,0.0
00d83a64-a624-4ef2-a9b0-2666cde02218.png,581972,4.135537624359131,0.005260467529296875,0.0
0a8426c1-93b5-4f84-8d0e-f2e7a83fb6c3.png,410010,4.231423616409302,0.005394935607910156,0.0
2036aaef-025e-4187-89d0-344f697a4546.png,859635,4.177888870239258,0.005132913589477539,0.0
2e4673a1-7057-4436-b7d2-d4df4b08946a.png,613870,4.169692277908325,0.00545048713684082,0.0
2b79ac47-479a-411a-a05c-96492192124d.png,733663,4.12338399887085,0.005449056625366211,0.0
2d2c2284-d7ba-4fce-9290-a3928b8d548d.png,698377,4.125442266464233,0.004914760589599609,0.0
177918b1-c468-4cd3-ab55-a2e5588ec40f.png,507358,4.175069093704224,0.0049076080322265625,0.0
1e88df35-4ac6-4350-bb32-41c09a22d7a4.png,490546,4.130218267440796,0.0060002803802490234,0.0
1775215d-5a39-4cc7-a4e3-9ff9a032653d.png,547343,4.167917013168335,0.004931449890136719,0.0
113af5b7-17a4-4819-9895-e1c5ecf1d0b5.png,753130,4.122292518615723,0.0053060054779052734,0.0
1775215d-5a39-4cc7-a4e3-9ff9a032653d.png,547343,4.161176681518555,0.0054187774658203125,0.0
1f98a9d5-4e20-4de9-a7d3-1f4eed9477fd.png,600693,4.1251232624053955,0.005166292190551758,0.0
011d634d-51dc-4dc1-a139-ec9f54e907a0.png,781406,4.075138568878174,0.005015850067138672,0.0
1ce99872-9f12-41cb-854a-e410004089d4.png,659981,4.039688587188721,0.004965305328369141,0.0
1dae0fcc-6723-45c0-bbad-b4ecc903ab78.png,640960,4.020929574966431,0.005518198013305664,0.0
113af5b7-17a4-4819-9895-e1c5ecf1d0b5.png,753130,4.03731369972229,0.005627155303955078,0.0
2d2c2284-d7ba-4fce-9290-a3928b8d548d.png,698377,4.038531541824341,0.005616903305053711,0.0
0181d6f8-f366-448d-b0fd-8d0a8b45cea9.png,406667,4.058814525604248,0.004843711853027344,0.0
277e33c1-e61e-4be1-a3dd-0ee39dd997db.png,447135,4.066107511520386,0.005017757415771484,0.0
113af5b7-17a4-4819-9895-e1c5ecf1d0b5.png,753130,4.038538455963135,0.0058290958404541016,0.0
0a8426c1-93b5-4f84-8d0e-f2e7a83fb6c3.png,410010,4.075469970703125,0.005295753479003906,0.0
09376b19-149a-44d8-b958-133c98f049c0.png,584576,4.085697889328003,0.005509614944458008,0.0
0a3c75bb-4bd0-47c8-a2ba-e2aee92ad43f.png,679566,4.081244707107544,0.006113529205322266,0.0
14b66200-2f5d-4088-8bbd-916a1708a9ac.png,480967,4.110995292663574,0.006656646728515625,0.0
1fdaac27-9006-4725-9195-175566572458.png,436643,4.155865430831909,0.0049860477447509766,0.0
1f98a9d5-4e20-4de9-a7d3-1f4eed9477fd.png,600693,4.084878921508789,0.005840778350830078,0.0
0191d8b3-42e7-451a-a775-23fa86522749.png,446310,4.140851736068726,0.005480289459228516,0.0
2ccc7c34-aa70-4ea3-8a76-9a7e311ab5fb.png,541543,4.178725004196167,0.005527496337890625,0.0
11b30384-1954-4335-bbc1-e985d25bc652.png,561086,4.216521739959717,0.005440711975097656,0.0
28a6709a-88dc-4f90-99d3-5416b4e4a51d.png,1475530,4.2280614376068115,0.005820035934448242,0.0
1e88df35-4ac6-4350-bb32-41c09a22d7a4.png,490546,4.146448373794556,0.006285905838012695,0.0
0181d6f8-f366-448d-b0fd-8d0a8b45cea9.png,406667,4.180536508560181,0.005506277084350586,0.0
277e33c1-e61e-4be1-a3dd-0ee39dd997db.png,447135,4.176265716552734,0.0061953067779541016,0.0
20b1eded-0838-4fd6-b86e-fd60d9072a4b.png,588654,4.169656038284302,0.005570888519287109,0.0
2036aaef-025e-4187-89d0-344f697a4546.png,859635,4.127845764160156,0.005387306213378906,0.0
011d634d-51dc-4dc1-a139-ec9f54e907a0.png,781406,4.143886089324951,0.00566411018371582,0.0
0a8426c1-93b5-4f84-8d0e-f2e7a83fb6c3.png,410010,4.191510200500488,0.004905223846435547,0.0
0181d6f8-f366-448d-b0fd-8d0a8b45cea9.png,406667,4.2211973667144775,0.004782676696777344,0.0
177918b1-c468-4cd3-ab55-a2e5588ec40f.png,507358,4.249167203903198,0.0057830810546875,0.0
1e88df35-4ac6-4350-bb32-41c09a22d7a4.png,490546,4.226243019104004,0.006466388702392578,0.0
071fa44f-8cd9-477b-8fcb-b02a4ecd10d8.png,606955,4.2311155796051025,0.005750417709350586,0.0
22390b77-31da-4a4f-86b5-bc4e8947983a.png,501583,4.234590530395508,0.004896879196166992,0.0
12ae73f1-6a75-4664-895b-7caebfd435dc.png,594643,4.237578868865967,0.0055768489837646484,0.0
09376b19-149a-44d8-b958-133c98f049c0.png,584576,4.2544379234313965,0.0052754878997802734,0.0
25d9cece-f660-460f-b9e1-736f33c71c10.png,419408,4.249086141586304,0.005234956741333008,0.0
1dae0fcc-6723-45c0-bbad-b4ecc903ab78.png,640960,4.201472282409668,0.0052337646484375,0.0
04305dd9-2607-4bd2-99d6-58a989fced80.png,488295,4.258469104766846,0.005907297134399414,0.0
2e4673a1-7057-4436-b7d2-d4df4b08946a.png,613870,4.210862398147583,0.0054492950439453125,0.0
2b79ac47-479a-411a-a05c-96492192124d.png,733663,4.211293458938599,0.005643367767333984,0.0
0c10ba0e-8d8f-45f7-ab7d-e34bf486bc30.png,1002197,4.185725927352905,0.0074536800384521484,0.0
0a3c75bb-4bd0-47c8-a2ba-e2aee92ad43f.png,679566,4.133023500442505,0.005181550979614258,0.0
1775215d-5a39-4cc7-a4e3-9ff9a032653d.png,547343,4.112774610519409,0.004971027374267578,0.0
2013f6d1-e482-42d0-8861-6c9f2dc0eb55.png,507864,4.106789588928223,0.005046367645263672,0.0
0ec0279e-4891-4f97-a765-6e6a1500b2d0.png,492043,4.129999399185181,0.00502467155456543,0.0
17e65213-e8ff-4aa4-a562-f2a1caca35c7.png,815607,4.118896484375,0.0070416927337646484,0.0
113af5b7-17a4-4819-9895-e1c5ecf1d0b5.png,753130,4.086995363235474,0.005575895309448242,0.0
1e88df35-4ac6-4350-bb32-41c09a22d7a4.png,490546,4.0394673347473145,0.006478786468505859,0.0
2e4673a1-7057-4436-b7d2-d4df4b08946a.png,613870,4.041913032531738,0.005487203598022461,0.0
1775215d-5a39-4cc7-a4e3-9ff9a032653d.png,547343,4.0893003940582275,0.0059587955474853516,0.0
0a8426c1-93b5-4f84-8d0e-f2e7a83fb6c3.png,410010,4.116307020187378,0.005840301513671875,0.0
22390b77-31da-4a4f-86b5-bc4e8947983a.png,501583,4.123328685760498,0.005080461502075195,0.0
11b30384-1954-4335-bbc1-e985d25bc652.png,561086,4.120006084442139,0.005208492279052734,0.0
08e8ca79-9c10-4152-b6aa-a285b6eec951.png,661982,4.072961091995239,0.005308389663696289,0.0
1e81e0d2-e55e-4daf-ba82-461bd7c0caad.png,430854,4.0702879428863525,0.005738973617553711,0.0
2d2c2284-d7ba-4fce-9290-a3928b8d548d.png,698377,4.066718578338623,0.0057888031005859375,0.0
07d9f765-5d5b-44ba-93c1-fb8f822ba594.png,458180,4.072899341583252,0.005216360092163086,0.0
1e81e0d2-e55e-4daf-ba82-461bd7c0caad.png,430854,4.026423692703247,0.005558013916015625,0.0
000b7b74-0a22-4d0c-b717-e240fdc5d555.png,563135,4.023796796798706,0.005265712738037109,0.0
0ec5a082-3489-46cf-94c6-884c384f17d5.png,598010,3.9929544925689697,0.005564451217651367,0.0
011d634d-51dc-4dc1-a139-ec9f54e907a0.png,781406,3.9996719360351562,0.005175352096557617,0.0
0ec5a082-3489-46cf-94c6-884c384f17d5.png,598010,3.9415745735168457,0.005522489547729492,0.0
12ae73f1-6a75-4664-895b-7caebfd435dc.png,594643,3.988590717315674,0.005231142044067383,0.0
071fa44f-8cd9-477b-8fcb-b02a4ecd10d8.png,606955,3.946312189102173,0.005768537521362305,0.0
2e4673a1-7057-4436-b7d2-d4df4b08946a.png,613870,3.9592323303222656,0.006600618362426758,0.0
2d2c2284-d7ba-4fce-9290-a3928b8d548d.png,698377,3.9758520126342773,0.005228281021118164,0.0
2e4673a1-7057-4436-b7d2-d4df4b08946a.png,613870,3.9525387287139893,0.0048961639404296875,0.0
1869588e-218e-40cb-be35-27539b278535.png,466842,3.9599626064300537,0.005212068557739258,0.0
17e65213-e8ff-4aa4-a562-f2a1caca35c7.png,815607,3.90519380569458,0.005083560943603516,0.0
0a3c75bb-4bd0-47c8-a2ba-e2aee92ad43f.png,679566,3.9069955348968506,0.006491184234619141,0.0
2b79ac47-479a-411a-a05c-96492192124d.png,733663,3.90273380279541,0.005509614944458008,0.0
2d2c2284-d7ba-4fce-9290-a3928b8d548d.png,698377,3.917243003845215,0.006876945495605469,0.0
0a8426c1-93b5-4f84-8d0e-f2e7a83fb6c3.png,410010,3.9620649814605713,0.005234479904174805,0.0
071fa44f-8cd9-477b-8fcb-b02a4ecd10d8.png,606955,3.9179999828338623,0.005343198776245117,0.0
000b7b74-0a22-4d0c-b717-e240fdc5d555.png,563135,3.906751871109009,0.005118846893310547,0.0
11b30384-1954-4335-bbc1-e985d25bc652.png,561086,3.9107065200805664,0.0049135684967041016,0.0
296039b7-61ef-49f4-bb48-59a533fb3813.png,883630,3.8722646236419678,0.0051310062408447266,0.0
113af5b7-17a4-4819-9895-e1c5ecf1d0b5.png,753130,3.8826913833618164,0.006012439727783203,0.0
277e33c1-e61e-4be1-a3dd-0ee39dd997db.png,447135,3.916839361190796,0.005776643753051758,0.0
08e8ca79-9c10-4152-b6aa-a285b6eec951.png,661982,3.909804344177246,0.00615382194519043,0.0
1fdaac27-9006-4725-9195-175566572458.png,436643,3.9000532627105713,0.005326986312866211,0.0
04305dd9-2607-4bd2-99d6-58a989fced80.png,488295,3.9349937438964844,0.0057065486907958984,0.0
113af5b7-17a4-4819-9895-e1c5ecf1d0b5.png,753130,3.906731367111206,0.00564122200012207,0.0
00d83a64-a624-4ef2-a9b0-2666cde02218.png,581972,3.910567045211792,0.005834341049194336,0.0
0ec5a082-3489-46cf-94c6-884c384f17d5.png,598010,3.921478033065796,0.005701541900634766,0.0
22390b77-31da-4a4f-86b5-bc4e8947983a.png,501583,3.9743998050689697,0.00538945198059082,0.0
25d9cece-f660-460f-b9e1-736f33c71c10.png,419408,3.9639804363250732,0.005263805389404297,0.0
2b79ac47-479a-411a-a05c-96492192124d.png,733663,3.9676475524902344,0.005738973617553711,0.0
00d83a64-a624-4ef2-a9b0-2666cde02218.png,581972,3.96073317527771,0.0070574283599853516,0.0
1fdaac27-9006-4725-9195-175566572458.png,436643,3.9920408725738525,0.0054738521575927734,0.0
2e4673a1-7057-4436-b7d2-d4df4b08946a.png,613870,3.9947378635406494,0.005341053009033203,0.0
113af5b7-17a4-4819-9895-e1c5ecf1d0b5.png,753130,3.9592528343200684,0.005354166030883789,0.0
2e4673a1-7057-4436-b7d2-d4df4b08946a.png,613870,3.983659505844116,0.005193948745727539,0.0
011d634d-51dc-4dc1-a139-ec9f54e907a0.png,781406,3.984236240386963,0.006823301315307617,0.0
14c0c190-e885-4937-89c2-f3d26416ef98.png,389301,4.018885612487793,0.005493640899658203,0.0
0a3c75bb-4bd0-47c8-a2ba-e2aee92ad43f.png,679566,4.009053468704224,0.006667613983154297,0.0
2013f6d1-e482-42d0-8861-6c9f2dc0eb55.png,507864,4.01229453086853,0.004630088806152344,0.0
0c10ba0e-8d8f-45f7-ab7d-e34bf486bc30.png,1002197,4.003797292709351,0.0057828426361083984,0.0
17e65213-e8ff-4aa4-a562-f2a1caca35c7.png,815607,3.956718921661377,0.005178928375244141,0.0
07d9f765-5d5b-44ba-93c1-fb8f822ba594.png,458180,3.954672336578369,0.005274772644042969,0.0
2d2c2284-d7ba-4fce-9290-a3928b8d548d.png,698377,3.9632115364074707,0.005523681640625,0.0
12ae73f1-6a75-4664-895b-7caebfd435dc.png,594643,3.9952571392059326,0.005797624588012695,0.0
