image_name,size,main_duration_ms,minio_get_ms,minio_put_ms
25d9cece-f660-460f-b9e1-736f33c71c10.png,419408,0.6459922790527344,0.004725933074951172,0.4582948684692383
1869588e-218e-40cb-be35-27539b278535.png,466842,0.6101808547973633,0.004782915115356445,0.45212650299072266
09376b19-149a-44d8-b958-133c98f049c0.png,584576,0.6385247707366943,0.006170034408569336,0.4354698657989502
198ba48e-1352-4cad-aaeb-304af1138fbb.png,484563,0.667933464050293,0.008670806884765625,0.4685244560241699
000b7b74-0a22-4d0c-b717-e240fdc5d555.png,563135,0.620213508605957,0.005502939224243164,0.47666406631469727
0191d8b3-42e7-451a-a775-23fa86522749.png,446310,0.6132724285125732,0.003973484039306641,0.4529566764831543
19a98fb2-0e2c-4c72-acf0-6c530ed8d718.png,817224,0.8071079254150391,0.0050983428955078125,0.5410656929016113
08e8ca79-9c10-4152-b6aa-a285b6eec951.png,661982,0.8119380474090576,0.004305601119995117,0.48142027854919434
1ce99872-9f12-41cb-854a-e410004089d4.png,659981,0.7711904048919678,0.0070726871490478516,0.554854154586792
04f48a9f-5c84-4e8a-9b32-9c1ccf2e78da.png,675902,0.8701615333557129,0.03179001808166504,0.5848538875579834
07d9f765-5d5b-44ba-93c1-fb8f822ba594.png,458180,0.843212366104126,0.01015162467956543,0.5488603115081787
0a3c75bb-4bd0-47c8-a2ba-e2aee92ad43f.png,679566,0.7912166118621826,0.0053784847259521484,0.5162053108215332
22390b77-31da-4a4f-86b5-bc4e8947983a.png,501583,0.870166540145874,0.034646034240722656,0.5527243614196777
0181d6f8-f366-448d-b0fd-8d0a8b45cea9.png,406667,0.7663149833679199,0.005445957183837891,0.6223368644714355
277e33c1-e61e-4be1-a3dd-0ee39dd997db.png,447135,0.8284702301025391,0.007358074188232422,0.5676896572113037
2b8fd115-c1d6-411b-99ce-c2abbf7040da.png,908959,0.8468272686004639,0.00702357292175293,0.5195448398590088
04305dd9-2607-4bd2-99d6-58a989fced80.png,488295,0.8250682353973389,0.004690647125244141,0.5867092609405518
2074ba95-9d2e-4039-8ad9-65ffaebb8c7f.png,341355,0.8081569671630859,0.004404306411743164,0.56648850440979
0ec5a082-3489-46cf-94c6-884c384f17d5.png,598010,0.818183183670044,0.006384611129760742,0.5659523010253906
17131c0c-8418-47c6-97fc-21534540ae6a.png,808680,0.8439736366271973,0.008541345596313477,0.530616044998169
2d2c2284-d7ba-4fce-9290-a3928b8d548d.png,698377,0.8420004844665527,0.008080005645751953,0.5172810554504395
0a8426c1-93b5-4f84-8d0e-f2e7a83fb6c3.png,410010,0.8072469234466553,0.0056035518646240234,0.5704431533813477
2b79ac47-479a-411a-a05c-96492192124d.png,733663,0.826324462890625,0.00413203239440918,0.5626959800720215
1fdaac27-9006-4725-9195-175566572458.png,436643,0.8764448165893555,0.02840733528137207,0.6184093952178955
0c10ba0e-8d8f-45f7-ab7d-e34bf486bc30.png,1002197,0.857999324798584,0.01406717300415039,0.49750590324401855
28a6709a-88dc-4f90-99d3-5416b4e4a51d.png,1475530,0.8828520774841309,0.03777599334716797,0.3897392749786377
2ccc7c34-aa70-4ea3-8a76-9a7e311ab5fb.png,541543,0.7867860794067383,0.003694295883178711,0.5573651790618896
198ba48e-1352-4cad-aaeb-304af1138fbb.png,484563,0.9047996997833252,0.005247592926025391,0.7202959060668945
1869588e-218e-40cb-be35-27539b278535.png,466842,0.884613037109375,0.004290580749511719,0.6739144325256348
25d9cece-f660-460f-b9e1-736f33c71c10.png,419408,0.8732976913452148,0.003960132598876953,0.6999940872192383
0ec5a082-3489-46cf-94c6-884c384f17d5.png,598010,1.0388994216918945,0.012800455093383789,0.7316608428955078
19a98fb2-0e2c-4c72-acf0-6c530ed8d718.png,817224,0.9848389625549316,0.006417274475097656,0.6802928447723389
04f48a9f-5c84-4e8a-9b32-9c1ccf2e78da.png,675902,1.0234742164611816,0.006059408187866211,0.7324762344360352
2d2c2284-d7ba-4fce-9290-a3928b8d548d.png,698377,1.0698373317718506,0.029274463653564453,0.6969192028045654
2ccc7c34-aa70-4ea3-8a76-9a7e311ab5fb.png,541543,1.069993019104004,0.030470609664916992,0.7628426551818848
0191d8b3-42e7-451a-a775-23fa86522749.png,446310,0.3579521179199219,0.0057599544525146484,0.2582862377166748
198ba48e-1352-4cad-aaeb-304af1138fbb.png,484563,1.1662445068359375,0.0039055347442626953,0.9495890140533447
2b79ac47-479a-411a-a05c-96492192124d.png,733663,0.5590286254882812,0.007854938507080078,0.3645436763763428
17131c0c-8418-47c6-97fc-21534540ae6a.png,808680,0.5533294677734375,0.005373954772949219,0.4236149787902832
1e81e0d2-e55e-4daf-ba82-461bd7c0caad.png,430854,0.5591967105865479,0.008765935897827148,0.35930967330932617
0181d6f8-f366-448d-b0fd-8d0a8b45cea9.png,406667,0.5513532161712646,0.011151790618896484,0.43540334701538086
04f48a9f-5c84-4e8a-9b32-9c1ccf2e78da.png,675902,0.7585675716400146,0.003882169723510742,0.5975465774536133
1775215d-5a39-4cc7-a4e3-9ff9a032653d.png,547343,0.5947222709655762,0.0038220882415771484,0.427839994430542
1869588e-218e-40cb-be35-27539b278535.png,466842,0.7412838935852051,0.006279945373535156,0.6055898666381836
11b30384-1954-4335-bbc1-e985d25bc652.png,561086,0.6585452556610107,0.004099369049072266,0.5048153400421143
08e8ca79-9c10-4152-b6aa-a285b6eec951.png,661982,0.6932621002197266,0.006983280181884766,0.5036780834197998
20b1eded-0838-4fd6-b86e-fd60d9072a4b.png,588654,0.7244751453399658,0.01632857322692871,0.515265703201294
1e88df35-4ac6-4350-bb32-41c09a22d7a4.png,490546,0.7118604183197021,0.02050614356994629,0.50002121925354
1fdaac27-9006-4725-9195-175566572458.png,436643,0.72292160987854,0.01425027847290039,0.5407223701477051
296039b7-61ef-49f4-bb48-59a533fb3813.png,883630,0.6862061023712158,0.0070917606353759766,0.4869875907897949
071fa44f-8cd9-477b-8fcb-b02a4ecd10d8.png,606955,0.7185735702514648,0.015102863311767578,0.508704662322998
28a6709a-88dc-4f90-99d3-5416b4e4a51d.png,1475530,0.7253873348236084,0.015627145767211914,0.3991963863372803
277e33c1-e61e-4be1-a3dd-0ee39dd997db.png,447135,0.695796012878418,0.006827354431152344,0.5262250900268555
1dae0fcc-6723-45c0-bbad-b4ecc903ab78.png,640960,0.7178208827972412,0.01677227020263672,0.499783992767334
0a8426c1-93b5-4f84-8d0e-f2e7a83fb6c3.png,410010,0.5341856479644775,0.0076787471771240234,0.40264320373535156
2013f6d1-e482-42d0-8861-6c9f2dc0eb55.png,507864,0.5438482761383057,0.0135345458984375,0.42792749404907227
2074ba95-9d2e-4039-8ad9-65ffaebb8c7f.png,341355,0.7029807567596436,0.01210641860961914,0.5170731544494629
04305dd9-2607-4bd2-99d6-58a989fced80.png,488295,0.690509557723999,0.007782697677612305,0.5258886814117432
113af5b7-17a4-4819-9895-e1c5ecf1d0b5.png,753130,0.6426887512207031,0.00412440299987793,0.48863840103149414
011d634d-51dc-4dc1-a139-ec9f54e907a0.png,781406,0.736095666885376,0.004742145538330078,0.5278606414794922
2b8fd115-c1d6-411b-99ce-c2abbf7040da.png,908959,0.6872448921203613,0.005692720413208008,0.42186951637268066
17131c0c-8418-47c6-97fc-21534540ae6a.png,808680,0.720956563949585,0.00357818603515625,0.560396671295166
177918b1-c468-4cd3-ab55-a2e5588ec40f.png,507358,0.4371349811553955,0.005979776382446289,0.30283689498901367
09376b19-149a-44d8-b958-133c98f049c0.png,584576,0.4354677200317383,0.005395650863647461,0.31224775314331055
22390b77-31da-4a4f-86b5-bc4e8947983a.png,501583,0.4414479732513428,0.005604743957519531,0.32167673110961914
2074ba95-9d2e-4039-8ad9-65ffaebb8c7f.png,341355,0.8951687812805176,0.008004188537597656,0.7714343070983887
1fdaac27-9006-4725-9195-175566572458.png,436643,0.9073810577392578,0.00677800178527832,0.7402148246765137
113af5b7-17a4-4819-9895-e1c5ecf1d0b5.png,753130,0.9891414642333984,0.012082815170288086,0.8095777034759521
296039b7-61ef-49f4-bb48-59a533fb3813.png,883630,0.8275787830352783,0.0145721435546875,0.6205427646636963
2013f6d1-e482-42d0-8861-6c9f2dc0eb55.png,507864,0.8189425468444824,0.0054781436920166016,0.721747875213623
17131c0c-8418-47c6-97fc-21534540ae6a.png,808680,1.1516492366790771,0.01015472412109375,0.9702908992767334
04f48a9f-5c84-4e8a-9b32-9c1ccf2e78da.png,675902,1.0662214756011963,0.0050051212310791016,0.8675646781921387
28a6709a-88dc-4f90-99d3-5416b4e4a51d.png,1475530,0.956294059753418,0.005341053009033203,0.6513144969940186
07d9f765-5d5b-44ba-93c1-fb8f822ba594.png,458180,0.5661342144012451,0.01195073127746582,0.39801621437072754
0b2ea7dd-e924-46b3-9bee-da0e7e68341f.png,437895,0.4901094436645508,0.0034682750701904297,0.3467538356781006
0c10ba0e-8d8f-45f7-ab7d-e34bf486bc30.png,1002197,0.7332420349121094,0.005529880523681641,0.5545463562011719
1ce99872-9f12-41cb-854a-e410004089d4.png,659981,0.5354681015014648,0.004798412322998047,0.3917534351348877
0a8426c1-93b5-4f84-8d0e-f2e7a83fb6c3.png,410010,0.56416916847229,0.010697603225708008,0.43059349060058594
2074ba95-9d2e-4039-8ad9-65ffaebb8c7f.png,341355,0.5615568161010742,0.012384414672851562,0.351747989654541
011d634d-51dc-4dc1-a139-ec9f54e907a0.png,781406,1.114173412322998,0.009362459182739258,0.9306068420410156
20b1eded-0838-4fd6-b86e-fd60d9072a4b.png,588654,0.560676097869873,0.015355110168457031,0.3568875789642334
08e8ca79-9c10-4152-b6aa-a285b6eec951.png,661982,0.4821341037750244,0.005864858627319336,0.3301503658294678
19a98fb2-0e2c-4c72-acf0-6c530ed8d718.png,817224,0.7383990287780762,0.006629228591918945,0.5268402099609375
1f98a9d5-4e20-4de9-a7d3-1f4eed9477fd.png,600693,0.5611693859100342,0.012269973754882812,0.3559856414794922
22390b77-31da-4a4f-86b5-bc4e8947983a.png,501583,0.5559329986572266,0.007118940353393555,0.3999500274658203
177918b1-c468-4cd3-ab55-a2e5588ec40f.png,507358,0.6934068202972412,0.005063533782958984,0.5691192150115967
00d83a64-a624-4ef2-a9b0-2666cde02218.png,581972,0.6903464794158936,0.008399724960327148,0.44896626472473145
113af5b7-17a4-4819-9895-e1c5ecf1d0b5.png,753130,0.6800448894500732,0.006097078323364258,0.4689145088195801
2013f6d1-e482-42d0-8861-6c9f2dc0eb55.png,507864,1.0560564994812012,0.005769252777099609,0.9337012767791748
296039b7-61ef-49f4-bb48-59a533fb3813.png,883630,0.8462035655975342,0.008204221725463867,0.6452710628509521
28a6709a-88dc-4f90-99d3-5416b4e4a51d.png,1475530,0.8855783939361572,0.011510848999023438,0.5186779499053955
04f48a9f-5c84-4e8a-9b32-9c1ccf2e78da.png,675902,0.8862776756286621,0.007642984390258789,0.662006139755249
17131c0c-8418-47c6-97fc-21534540ae6a.png,808680,0.8042106628417969,0.004526615142822266,0.6527807712554932
11b30384-1954-4335-bbc1-e985d25bc652.png,561086,0.6125621795654297,0.0021169185638427734,0.4948570728302002
20b1eded-0838-4fd6-b86e-fd60d9072a4b.png,588654,0.9642343521118164,0.0029811859130859375,0.774561882019043
1e88df35-4ac6-4350-bb32-41c09a22d7a4.png,490546,0.862191915512085,0.0076940059661865234,0.5928432941436768
22390b77-31da-4a4f-86b5-bc4e8947983a.png,501583,0.6337776184082031,0.004849672317504883,0.5080537796020508
2013f6d1-e482-42d0-8861-6c9f2dc0eb55.png,507864,0.964524507522583,0.0042667388916015625,0.8329257965087891
17e65213-e8ff-4aa4-a562-f2a1caca35c7.png,815607,0.6314353942871094,0.005361318588256836,0.45415806770324707
0a3c75bb-4bd0-47c8-a2ba-e2aee92ad43f.png,679566,0.6304662227630615,0.005945444107055664,0.4280209541320801
19a98fb2-0e2c-4c72-acf0-6c530ed8d718.png,817224,0.8345036506652832,0.0028276443481445312,0.677159309387207
1f98a9d5-4e20-4de9-a7d3-1f4eed9477fd.png,600693,0.9083991050720215,0.0030100345611572266,0.740485429763794
0a8426c1-93b5-4f84-8d0e-f2e7a83fb6c3.png,410010,0.9275164604187012,0.003581523895263672,0.820692777633667
000b7b74-0a22-4d0c-b717-e240fdc5d555.png,563135,0.7121937274932861,0.01798272132873535,0.5172739028930664
12ae73f1-6a75-4664-895b-7caebfd435dc.png,594643,0.7138104438781738,0.009343385696411133,0.535210132598877
1775215d-5a39-4cc7-a4e3-9ff9a032653d.png,547343,0.7143237590789795,0.012481927871704102,0.5480868816375732
09376b19-149a-44d8-b958-133c98f049c0.png,584576,0.5930991172790527,0.0030667781829833984,0.49756932258605957
177918b1-c468-4cd3-ab55-a2e5588ec40f.png,507358,0.700432300567627,0.009694099426269531,0.569190502166748
2ccc7c34-aa70-4ea3-8a76-9a7e311ab5fb.png,541543,0.702770471572876,0.009048700332641602,0.550534725189209
296039b7-61ef-49f4-bb48-59a533fb3813.png,883630,1.2648518085479736,0.0069506168365478516,1.0555830001831055
04f48a9f-5c84-4e8a-9b32-9c1ccf2e78da.png,675902,1.4544486999511719,0.005662679672241211,1.2425236701965332
00d83a64-a624-4ef2-a9b0-2666cde02218.png,581972,0.6682968139648438,0.0035512447357177734,0.49763965606689453
071fa44f-8cd9-477b-8fcb-b02a4ecd10d8.png,606955,0.7890734672546387,0.015103340148925781,0.5327742099761963
28a6709a-88dc-4f90-99d3-5416b4e4a51d.png,1475530,1.5403058528900146,0.0071828365325927734,1.1860761642456055
2013f6d1-e482-42d0-8861-6c9f2dc0eb55.png,507864,2.095623254776001,0.008165359497070312,1.9504873752593994
07d9f765-5d5b-44ba-93c1-fb8f822ba594.png,458180,0.8021159172058105,0.011007070541381836,0.6678338050842285
11b30384-1954-4335-bbc1-e985d25bc652.png,561086,0.6200332641601562,0.0029006004333496094,0.4895470142364502
1f98a9d5-4e20-4de9-a7d3-1f4eed9477fd.png,600693,0.9577622413635254,0.003977775573730469,0.8376138210296631
25d9cece-f660-460f-b9e1-736f33c71c10.png,419408,0.6525049209594727,0.009876489639282227,0.5209014415740967
0a3c75bb-4bd0-47c8-a2ba-e2aee92ad43f.png,679566,0.8497030735015869,0.0034923553466796875,0.6766350269317627
2074ba95-9d2e-4039-8ad9-65ffaebb8c7f.png,341355,0.6597890853881836,0.010132074356079102,0.5472311973571777
17e65213-e8ff-4aa4-a562-f2a1caca35c7.png,815607,0.6648612022399902,0.009330987930297852,0.5050270557403564
0a8426c1-93b5-4f84-8d0e-f2e7a83fb6c3.png,410010,0.9698781967163086,0.005118370056152344,0.8648958206176758
2013f6d1-e482-42d0-8861-6c9f2dc0eb55.png,507864,1.1529200077056885,0.008849382400512695,1.0111632347106934
04f48a9f-5c84-4e8a-9b32-9c1ccf2e78da.png,675902,1.1598515510559082,0.008397817611694336,1.0189170837402344
2ccc7c34-aa70-4ea3-8a76-9a7e311ab5fb.png,541543,0.6369819641113281,0.0038309097290039062,0.5123600959777832
28a6709a-88dc-4f90-99d3-5416b4e4a51d.png,1475530,1.4611191749572754,0.0038843154907226562,1.1715114116668701
2d2c2284-d7ba-4fce-9290-a3928b8d548d.png,698377,0.6809439659118652,0.007208108901977539,0.5200114250183105
09376b19-149a-44d8-b958-133c98f049c0.png,584576,0.843665361404419,0.008046150207519531,0.7281723022460938
2b79ac47-479a-411a-a05c-96492192124d.png,733663,0.6924622058868408,0.005902767181396484,0.5065736770629883
0191d8b3-42e7-451a-a775-23fa86522749.png,446310,0.6492569446563721,0.006897687911987305,0.4942619800567627
0a8426c1-93b5-4f84-8d0e-f2e7a83fb6c3.png,410010,1.3716330528259277,0.018841266632080078,1.2223975658416748
08e8ca79-9c10-4152-b6aa-a285b6eec951.png,661982,0.6491689682006836,0.00974893569946289,0.5031328201293945
20b1eded-0838-4fd6-b86e-fd60d9072a4b.png,588654,0.6612451076507568,0.01150965690612793,0.44680166244506836
296039b7-61ef-49f4-bb48-59a533fb3813.png,883630,0.6580784320831299,0.020831584930419922,0.4395744800567627
113af5b7-17a4-4819-9895-e1c5ecf1d0b5.png,753130,0.6549797058105469,0.014502763748168945,0.45963382720947266
071fa44f-8cd9-477b-8fcb-b02a4ecd10d8.png,606955,1.0534539222717285,0.011395454406738281,0.8476607799530029
17e65213-e8ff-4aa4-a562-f2a1caca35c7.png,815607,1.2492992877960205,0.0034301280975341797,1.0858898162841797
0a3c75bb-4bd0-47c8-a2ba-e2aee92ad43f.png,679566,0.5798604488372803,0.004618167877197266,0.40157103538513184
14b66200-2f5d-4088-8bbd-916a1708a9ac.png,480967,0.5250773429870605,0.009538888931274414,0.39348912239074707
2ccc7c34-aa70-4ea3-8a76-9a7e311ab5fb.png,541543,1.0282299518585205,0.010231733322143555,0.8436336517333984
12ae73f1-6a75-4664-895b-7caebfd435dc.png,594643,0.7176740169525146,0.01065516471862793,0.5080289840698242
2013f6d1-e482-42d0-8861-6c9f2dc0eb55.png,507864,2.092407703399658,0.010323762893676758,1.9351401329040527
25d9cece-f660-460f-b9e1-736f33c71c10.png,419408,0.7992227077484131,0.0131072998046875,0.6506824493408203
2e4673a1-7057-4436-b7d2-d4df4b08946a.png,613870,0.7924001216888428,0.013178586959838867,0.567962646484375
22390b77-31da-4a4f-86b5-bc4e8947983a.png,501583,0.529749870300293,0.0072972774505615234,0.40348100662231445
0ec5a082-3489-46cf-94c6-884c384f17d5.png,598010,0.7119572162628174,0.007565021514892578,0.5331904888153076
1e88df35-4ac6-4350-bb32-41c09a22d7a4.png,490546,0.7255556583404541,0.008635282516479492,0.5663294792175293
0b2ea7dd-e924-46b3-9bee-da0e7e68341f.png,437895,0.606497049331665,0.002460956573486328,0.49016404151916504
28a6709a-88dc-4f90-99d3-5416b4e4a51d.png,1475530,1.1591944694519043,0.006980180740356445,0.7995800971984863
0181d6f8-f366-448d-b0fd-8d0a8b45cea9.png,406667,0.4815175533294678,0.010777950286865234,0.33923792839050293
011d634d-51dc-4dc1-a139-ec9f54e907a0.png,781406,0.6689431667327881,0.012109994888305664,0.454667329788208
17e65213-e8ff-4aa4-a562-f2a1caca35c7.png,815607,1.105459451675415,0.003265857696533203,0.9481515884399414
2074ba95-9d2e-4039-8ad9-65ffaebb8c7f.png,341355,0.4821934700012207,0.01605224609375,0.32946300506591797
1fdaac27-9006-4725-9195-175566572458.png,436643,0.4768507480621338,0.013739347457885742,0.3375113010406494
09376b19-149a-44d8-b958-133c98f049c0.png,584576,0.4665811061859131,0.007010698318481445,0.33373165130615234
17131c0c-8418-47c6-97fc-21534540ae6a.png,808680,0.6443676948547363,0.010942459106445312,0.4632601737976074
2ccc7c34-aa70-4ea3-8a76-9a7e311ab5fb.png,541543,1.1041679382324219,0.006578922271728516,0.9329841136932373
2013f6d1-e482-42d0-8861-6c9f2dc0eb55.png,507864,0.839000940322876,0.010170221328735352,0.7035901546478271
0a8426c1-93b5-4f84-8d0e-f2e7a83fb6c3.png,410010,1.2909960746765137,0.0049169063568115234,1.1558537483215332
20b1eded-0838-4fd6-b86e-fd60d9072a4b.png,588654,0.8266119956970215,0.0045623779296875,0.6423373222351074
14b66200-2f5d-4088-8bbd-916a1708a9ac.png,480967,0.5659623146057129,0.007589817047119141,0.41260457038879395
1775215d-5a39-4cc7-a4e3-9ff9a032653d.png,547343,0.6318387985229492,0.010089635848999023,0.5229902267456055
28a6709a-88dc-4f90-99d3-5416b4e4a51d.png,1475530,1.6934518814086914,0.006975889205932617,1.3656644821166992
11b30384-1954-4335-bbc1-e985d25bc652.png,561086,0.4929084777832031,0.00567173957824707,0.38221096992492676
0b2ea7dd-e924-46b3-9bee-da0e7e68341f.png,437895,0.8479764461517334,0.007993698120117188,0.6962847709655762
0ec5a082-3489-46cf-94c6-884c384f17d5.png,598010,0.8479452133178711,0.009339094161987305,0.6602210998535156
198ba48e-1352-4cad-aaeb-304af1138fbb.png,484563,0.6331536769866943,0.003770589828491211,0.5259108543395996
113af5b7-17a4-4819-9895-e1c5ecf1d0b5.png,753130,0.5502593517303467,0.003058910369873047,0.4085111618041992
25d9cece-f660-460f-b9e1-736f33c71c10.png,419408,0.5320675373077393,0.006030082702636719,0.427471399307251
17e65213-e8ff-4aa4-a562-f2a1caca35c7.png,815607,0.80784010887146,0.007021188735961914,0.5921840667724609
2074ba95-9d2e-4039-8ad9-65ffaebb8c7f.png,341355,0.6500616073608398,0.0070705413818359375,0.5011920928955078
1869588e-218e-40cb-be35-27539b278535.png,466842,0.5354673862457275,0.006953001022338867,0.4128115177154541
1dae0fcc-6723-45c0-bbad-b4ecc903ab78.png,640960,0.7298893928527832,0.008331775665283203,0.5323948860168457
0a8426c1-93b5-4f84-8d0e-f2e7a83fb6c3.png,410010,1.2808866500854492,0.006028890609741211,1.1699297428131104
0181d6f8-f366-448d-b0fd-8d0a8b45cea9.png,406667,0.7277910709381104,0.010812520980834961,0.6194634437561035
17131c0c-8418-47c6-97fc-21534540ae6a.png,808680,0.9712166786193848,0.008644342422485352,0.7871196269989014
198ba48e-1352-4cad-aaeb-304af1138fbb.png,484563,0.9674639701843262,0.006066799163818359,0.8492641448974609
1f98a9d5-4e20-4de9-a7d3-1f4eed9477fd.png,600693,0.6869115829467773,0.006283998489379883,0.5415515899658203
08e8ca79-9c10-4152-b6aa-a285b6eec951.png,661982,0.6827459335327148,0.006287574768066406,0.5326323509216309
07d9f765-5d5b-44ba-93c1-fb8f822ba594.png,458180,0.5173695087432861,0.004679679870605469,0.38805556297302246
2ccc7c34-aa70-4ea3-8a76-9a7e311ab5fb.png,541543,0.8951482772827148,0.008101701736450195,0.7584617137908936
2013f6d1-e482-42d0-8861-6c9f2dc0eb55.png,507864,1.6242179870605469,0.008585691452026367,1.4900846481323242
0ec0279e-4891-4f97-a765-6e6a1500b2d0.png,492043,0.677208423614502,0.004729032516479492,0.5630483627319336
1ce99872-9f12-41cb-854a-e410004089d4.png,659981,0.6757521629333496,0.007272958755493164,0.5151858329772949
1775215d-5a39-4cc7-a4e3-9ff9a032653d.png,547343,0.9824199676513672,0.019682884216308594,0.8347208499908447
28a6709a-88dc-4f90-99d3-5416b4e4a51d.png,1475530,1.1338677406311035,0.012715816497802734,0.7859389781951904
0ec5a082-3489-46cf-94c6-884c384f17d5.png,598010,0.9885904788970947,0.006325483322143555,0.810014009475708
19a98fb2-0e2c-4c72-acf0-6c530ed8d718.png,817224,0.6887199878692627,0.01205754280090332,0.501969575881958
0b2ea7dd-e924-46b3-9bee-da0e7e68341f.png,437895,0.9879591464996338,0.012561321258544922,0.8204336166381836
14b66200-2f5d-4088-8bbd-916a1708a9ac.png,480967,0.8600485324859619,0.005754709243774414,0.7545566558837891
198ba48e-1352-4cad-aaeb-304af1138fbb.png,484563,1.0293183326721191,0.005934953689575195,0.8889331817626953
296039b7-61ef-49f4-bb48-59a533fb3813.png,883630,0.6694550514221191,0.008581399917602539,0.47215843200683594
2013f6d1-e482-42d0-8861-6c9f2dc0eb55.png,507864,1.1453194618225098,0.005803585052490234,1.0150742530822754
0a8426c1-93b5-4f84-8d0e-f2e7a83fb6c3.png,410010,1.3635756969451904,0.007490396499633789,1.2441887855529785
09376b19-149a-44d8-b958-133c98f049c0.png,584576,0.7168340682983398,0.009111642837524414,0.611393928527832
2074ba95-9d2e-4039-8ad9-65ffaebb8c7f.png,341355,0.9154877662658691,0.00687098503112793,0.7656433582305908
1869588e-218e-40cb-be35-27539b278535.png,466842,0.5655088424682617,0.005731344223022461,0.43210577964782715
2e4673a1-7057-4436-b7d2-d4df4b08946a.png,613870,0.6833600997924805,0.008819341659545898,0.48243021965026855
12ae73f1-6a75-4664-895b-7caebfd435dc.png,594643,0.6858787536621094,0.011870622634887695,0.48027825355529785
07d9f765-5d5b-44ba-93c1-fb8f822ba594.png,458180,0.6817231178283691,0.0079345703125,0.5625195503234863
14c0c190-e885-4937-89c2-f3d26416ef98.png,389301,0.6743173599243164,0.006829261779785156,0.5371124744415283
1f98a9d5-4e20-4de9-a7d3-1f4eed9477fd.png,600693,0.7481939792633057,0.006204366683959961,0.6086959838867188
2b8fd115-c1d6-411b-99ce-c2abbf7040da.png,908959,0.915482759475708,0.00824737548828125,0.7107560634613037
1e88df35-4ac6-4350-bb32-41c09a22d7a4.png,490546,0.7402513027191162,0.006709575653076172,0.5289075374603271
000b7b74-0a22-4d0c-b717-e240fdc5d555.png,563135,0.6092157363891602,0.0035064220428466797,0.47710132598876953
07d9f765-5d5b-44ba-93c1-fb8f822ba594.png,458180,1.0852434635162354,0.008365154266357422,0.9544839859008789
14b66200-2f5d-4088-8bbd-916a1708a9ac.png,480967,0.8534684181213379,0.005135059356689453,0.7257828712463379
198ba48e-1352-4cad-aaeb-304af1138fbb.png,484563,1.5807247161865234,0.007992982864379883,1.4681382179260254
113af5b7-17a4-4819-9895-e1c5ecf1d0b5.png,753130,0.5968670845031738,0.006409645080566406,0.44667840003967285
22390b77-31da-4a4f-86b5-bc4e8947983a.png,501583,0.7594559192657471,0.007238626480102539,0.6247572898864746
04305dd9-2607-4bd2-99d6-58a989fced80.png,488295,0.6133477687835693,0.0029757022857666016,0.49468111991882324
2013f6d1-e482-42d0-8861-6c9f2dc0eb55.png,507864,1.731858253479004,0.008498430252075195,1.586118459701538
0c10ba0e-8d8f-45f7-ab7d-e34bf486bc30.png,1002197,0.7676539421081543,0.010061264038085938,0.5791380405426025
25d9cece-f660-460f-b9e1-736f33c71c10.png,419408,0.6018781661987305,0.006711483001708984,0.49965453147888184
19a98fb2-0e2c-4c72-acf0-6c530ed8d718.png,817224,1.0936684608459473,0.010469436645507812,0.8927929401397705
20b1eded-0838-4fd6-b86e-fd60d9072a4b.png,588654,0.6864874362945557,0.0036585330963134766,0.49633026123046875
0191d8b3-42e7-451a-a775-23fa86522749.png,446310,0.7705004215240479,0.007631063461303711,0.6286051273345947
08e8ca79-9c10-4152-b6aa-a285b6eec951.png,661982,0.6945416927337646,0.004590272903442383,0.5265839099884033
11b30384-1954-4335-bbc1-e985d25bc652.png,561086,0.6443560123443604,0.0056498050689697266,0.5202782154083252
0a8426c1-93b5-4f84-8d0e-f2e7a83fb6c3.png,410010,1.1905837059020996,0.005398273468017578,1.0509474277496338
1e81e0d2-e55e-4daf-ba82-461bd7c0caad.png,430854,0.876793622970581,0.009151935577392578,0.6861400604248047
296039b7-61ef-49f4-bb48-59a533fb3813.png,883630,0.8585491180419922,0.005459785461425781,0.705679178237915
17131c0c-8418-47c6-97fc-21534540ae6a.png,808680,0.8084471225738525,0.005583763122558594,0.6608381271362305
00d83a64-a624-4ef2-a9b0-2666cde02218.png,581972,1.0369226932525635,0.011703252792358398,0.8420753479003906
1e88df35-4ac6-4350-bb32-41c09a22d7a4.png,490546,1.1345314979553223,0.008611202239990234,0.9306554794311523
20b1eded-0838-4fd6-b86e-fd60d9072a4b.png,588654,1.140002727508545,0.008406639099121094,0.942249059677124
14b66200-2f5d-4088-8bbd-916a1708a9ac.png,480967,1.3058180809020996,0.009359598159790039,1.1708996295928955
1f98a9d5-4e20-4de9-a7d3-1f4eed9477fd.png,600693,0.966148853302002,0.00531315803527832,0.8073153495788574
198ba48e-1352-4cad-aaeb-304af1138fbb.png,484563,1.6278612613677979,0.0048830509185791016,1.526045322418213
08e8ca79-9c10-4152-b6aa-a285b6eec951.png,661982,1.0658681392669678,0.004501819610595703,0.8840441703796387
0c10ba0e-8d8f-45f7-ab7d-e34bf486bc30.png,1002197,1.37860107421875,0.003343343734741211,1.230543851852417
07d9f765-5d5b-44ba-93c1-fb8f822ba594.png,458180,0.8203158378601074,0.008777379989624023,0.675173282623291
113af5b7-17a4-4819-9895-e1c5ecf1d0b5.png,753130,0.8285379409790039,0.01529550552368164,0.6373457908630371
22390b77-31da-4a4f-86b5-bc4e8947983a.png,501583,0.8213493824005127,0.008603572845458984,0.6909477710723877
1775215d-5a39-4cc7-a4e3-9ff9a032653d.png,547343,0.8205909729003906,0.005584001541137695,0.7247750759124756
25d9cece-f660-460f-b9e1-736f33c71c10.png,419408,1.083627700805664,0.004086732864379883,0.9728102684020996
1dae0fcc-6723-45c0-bbad-b4ecc903ab78.png,640960,0.8412156105041504,0.009605646133422852,0.6145410537719727
1fdaac27-9006-4725-9195-175566572458.png,436643,0.8270175457000732,0.009508848190307617,0.7178008556365967
2b8fd115-c1d6-411b-99ce-c2abbf7040da.png,908959,1.027853012084961,0.005804538726806641,0.8162236213684082
2013f6d1-e482-42d0-8861-6c9f2dc0eb55.png,507864,0.8504908084869385,0.010877847671508789,0.7070932388305664
0a8426c1-93b5-4f84-8d0e-f2e7a83fb6c3.png,410010,1.0895085334777832,0.0055353641510009766,0.9446070194244385
2e4673a1-7057-4436-b7d2-d4df4b08946a.png,613870,0.8316953182220459,0.0066471099853515625,0.6538310050964355
17e65213-e8ff-4aa4-a562-f2a1caca35c7.png,815607,0.8260402679443359,0.01092219352722168,0.6141872406005859
2074ba95-9d2e-4039-8ad9-65ffaebb8c7f.png,341355,0.8535251617431641,0.00892496109008789,0.6907758712768555
277e33c1-e61e-4be1-a3dd-0ee39dd997db.png,447135,0.849362850189209,0.008741378784179688,0.6999044418334961
071fa44f-8cd9-477b-8fcb-b02a4ecd10d8.png,606955,1.035276174545288,0.005021572113037109,0.8286635875701904
20b1eded-0838-4fd6-b86e-fd60d9072a4b.png,588654,1.1500895023345947,0.0038292407989501953,0.9788315296173096
23d4f5f9-c0ae-4050-bc7b-598fbf80e326.png,1271343,0.854076623916626,0.008229255676269531,0.5599343776702881
0191d8b3-42e7-451a-a775-23fa86522749.png,446310,1.098572015762329,0.003149271011352539,0.9913442134857178
1e88df35-4ac6-4350-bb32-41c09a22d7a4.png,490546,0.7039239406585693,0.0037622451782226562,0.522113561630249
000b7b74-0a22-4d0c-b717-e240fdc5d555.png,563135,0.702974796295166,0.004816770553588867,0.5745832920074463
12ae73f1-6a75-4664-895b-7caebfd435dc.png,594643,0.7096068859100342,0.00635981559753418,0.5119850635528564
0ec5a082-3489-46cf-94c6-884c384f17d5.png,598010,0.7080497741699219,0.005818843841552734,0.5016827583312988
1f98a9d5-4e20-4de9-a7d3-1f4eed9477fd.png,600693,1.008486032485962,0.0031464099884033203,0.8563675880432129
0b2ea7dd-e924-46b3-9bee-da0e7e68341f.png,437895,0.5469763278961182,0.0035598278045654297,0.4306797981262207
198ba48e-1352-4cad-aaeb-304af1138fbb.png,484563,1.1593866348266602,0.00394749641418457,1.0404603481292725
2b79ac47-479a-411a-a05c-96492192124d.png,733663,0.5488688945770264,0.00393986701965332,0.36376476287841797
1e81e0d2-e55e-4daf-ba82-461bd7c0caad.png,430854,0.549872636795044,0.009820699691772461,0.36626291275024414
2013f6d1-e482-42d0-8861-6c9f2dc0eb55.png,507864,2.2776949405670166,0.0033102035522460938,2.146458864212036
17e65213-e8ff-4aa4-a562-f2a1caca35c7.png,815607,1.1136655807495117,0.014604330062866211,0.8930966854095459
011d634d-51dc-4dc1-a139-ec9f54e907a0.png,781406,0.6373608112335205,0.003690958023071289,0.4607987403869629
08e8ca79-9c10-4152-b6aa-a285b6eec951.png,661982,0.6365652084350586,0.0036787986755371094,0.4335198402404785
1775215d-5a39-4cc7-a4e3-9ff9a032653d.png,547343,0.7887771129608154,0.008051872253417969,0.6519434452056885
113af5b7-17a4-4819-9895-e1c5ecf1d0b5.png,753130,0.8950190544128418,0.004498004913330078,0.7235164642333984
1fdaac27-9006-4725-9195-175566572458.png,436643,0.7842154502868652,0.007472991943359375,0.6624577045440674
20b1eded-0838-4fd6-b86e-fd60d9072a4b.png,588654,0.790931224822998,0.010500907897949219,0.5992870330810547
000b7b74-0a22-4d0c-b717-e240fdc5d555.png,563135,0.6102433204650879,0.009177207946777344,0.45616817474365234
0a8426c1-93b5-4f84-8d0e-f2e7a83fb6c3.png,410010,0.5966989994049072,0.010659933090209961,0.4897298812866211
296039b7-61ef-49f4-bb48-59a533fb3813.png,883630,0.6191332340240479,0.013295173645019531,0.43836474418640137
2074ba95-9d2e-4039-8ad9-65ffaebb8c7f.png,341355,0.6265814304351807,0.008270502090454102,0.48169803619384766
07d9f765-5d5b-44ba-93c1-fb8f822ba594.png,458180,0.6124606132507324,0.011673927307128906,0.4876391887664795
277e33c1-e61e-4be1-a3dd-0ee39dd997db.png,447135,0.60270094871521,0.006942033767700195,0.48166704177856445
1ce99872-9f12-41cb-854a-e410004089d4.png,659981,0.7389297485351562,0.008155345916748047,0.5494012832641602
14c0c190-e885-4937-89c2-f3d26416ef98.png,389301,0.6650302410125732,0.007941961288452148,0.5157153606414795
2e4673a1-7057-4436-b7d2-d4df4b08946a.png,613870,0.7557268142700195,0.00938725471496582,0.5516612529754639
2013f6d1-e482-42d0-8861-6c9f2dc0eb55.png,507864,1.1077752113342285,0.006235837936401367,0.9884612560272217
11b30384-1954-4335-bbc1-e985d25bc652.png,561086,0.5588259696960449,0.0033044815063476562,0.4550333023071289
198ba48e-1352-4cad-aaeb-304af1138fbb.png,484563,0.6673364639282227,0.0077931880950927734,0.5222702026367188
17e65213-e8ff-4aa4-a562-f2a1caca35c7.png,815607,0.6520755290985107,0.004950284957885742,0.4702279567718506
12ae73f1-6a75-4664-895b-7caebfd435dc.png,594643,0.7645008563995361,0.016265869140625,0.5483815670013428
04f48a9f-5c84-4e8a-9b32-9c1ccf2e78da.png,675902,0.6594884395599365,0.010242700576782227,0.4977223873138428
2b8fd115-c1d6-411b-99ce-c2abbf7040da.png,908959,0.7874517440795898,0.01369786262512207,0.5460114479064941
0ec5a082-3489-46cf-94c6-884c384f17d5.png,598010,0.6726133823394775,0.009733438491821289,0.49298715591430664
0a3c75bb-4bd0-47c8-a2ba-e2aee92ad43f.png,679566,0.8183391094207764,0.003386974334716797,0.5997657775878906
2b79ac47-479a-411a-a05c-96492192124d.png,733663,0.7615582942962646,0.007959365844726562,0.5273270606994629
2d2c2284-d7ba-4fce-9290-a3928b8d548d.png,698377,0.7902431488037109,0.01768970489501953,0.5765643119812012
1e88df35-4ac6-4350-bb32-41c09a22d7a4.png,490546,0.6376078128814697,0.0029685497283935547,0.4765026569366455
113af5b7-17a4-4819-9895-e1c5ecf1d0b5.png,753130,0.6399276256561279,0.0030264854431152344,0.5133137702941895
08e8ca79-9c10-4152-b6aa-a285b6eec951.png,661982,0.859896183013916,0.009486913681030273,0.6720237731933594
20b1eded-0838-4fd6-b86e-fd60d9072a4b.png,588654,0.7682607173919678,0.0063359737396240234,0.612579345703125
296039b7-61ef-49f4-bb48-59a533fb3813.png,883630,0.8793947696685791,0.009816408157348633,0.6835510730743408
07d9f765-5d5b-44ba-93c1-fb8f822ba594.png,458180,1.0345396995544434,0.009916543960571289,0.9011814594268799
2e4673a1-7057-4436-b7d2-d4df4b08946a.png,613870,1.0415925979614258,0.009018898010253906,0.8531241416931152
2ccc7c34-aa70-4ea3-8a76-9a7e311ab5fb.png,541543,0.5779879093170166,0.010672807693481445,0.4294548034667969
19a98fb2-0e2c-4c72-acf0-6c530ed8d718.png,817224,0.5762014389038086,0.006460905075073242,0.43025946617126465
14c0c190-e885-4937-89c2-f3d26416ef98.png,389301,0.9223086833953857,0.0068988800048828125,0.7816619873046875
04305dd9-2607-4bd2-99d6-58a989fced80.png,488295,0.5756878852844238,0.008823156356811523,0.4349038600921631
20b1eded-0838-4fd6-b86e-fd60d9072a4b.png,588654,1.1205525398254395,0.008449077606201172,0.9271218776702881
113af5b7-17a4-4819-9895-e1c5ecf1d0b5.png,753130,1.2525973320007324,0.009419918060302734,1.0091211795806885
00d83a64-a624-4ef2-a9b0-2666cde02218.png,581972,0.8563210964202881,0.006345987319946289,0.6909463405609131
1e88df35-4ac6-4350-bb32-41c09a22d7a4.png,490546,0.6906173229217529,0.010986089706420898,0.5013575553894043
071fa44f-8cd9-477b-8fcb-b02a4ecd10d8.png,606955,0.8591618537902832,0.005378246307373047,0.7115366458892822
08e8ca79-9c10-4152-b6aa-a285b6eec951.png,661982,0.673985481262207,0.010512113571166992,0.5194756984710693
22390b77-31da-4a4f-86b5-bc4e8947983a.png,501583,0.6824212074279785,0.01667928695678711,0.5337541103363037
198ba48e-1352-4cad-aaeb-304af1138fbb.png,484563,0.872251033782959,0.003530263900756836,0.7617557048797607
2b8fd115-c1d6-411b-99ce-c2abbf7040da.png,908959,1.0037028789520264,0.004281520843505859,0.7589457035064697
000b7b74-0a22-4d0c-b717-e240fdc5d555.png,563135,0.724139928817749,0.0033905506134033203,0.6046760082244873
1e81e0d2-e55e-4daf-ba82-461bd7c0caad.png,430854,0.6818280220031738,0.006244182586669922,0.5067777633666992
277e33c1-e61e-4be1-a3dd-0ee39dd997db.png,447135,1.0218091011047363,0.0053713321685791016,0.8896079063415527
14c0c190-e885-4937-89c2-f3d26416ef98.png,389301,0.8609700202941895,0.0038416385650634766,0.7614986896514893
0b2ea7dd-e924-46b3-9bee-da0e7e68341f.png,437895,0.682314395904541,0.009800434112548828,0.5556538105010986
0191d8b3-42e7-451a-a775-23fa86522749.png,446310,0.8555169105529785,0.00379180908203125,0.7507882118225098
2013f6d1-e482-42d0-8861-6c9f2dc0eb55.png,507864,0.678478479385376,0.009569168090820312,0.5716967582702637
2d2c2284-d7ba-4fce-9290-a3928b8d548d.png,698377,0.6799678802490234,0.008941411972045898,0.487337589263916
1f98a9d5-4e20-4de9-a7d3-1f4eed9477fd.png,600693,0.6005206108093262,0.008461475372314453,0.43454647064208984
1dae0fcc-6723-45c0-bbad-b4ecc903ab78.png,640960,0.7569599151611328,0.010679006576538086,0.5483286380767822
1869588e-218e-40cb-be35-27539b278535.png,466842,0.607774019241333,0.004622220993041992,0.49576854705810547
19a98fb2-0e2c-4c72-acf0-6c530ed8d718.png,817224,0.7519283294677734,0.0072443485260009766,0.5574729442596436
23d4f5f9-c0ae-4050-bc7b-598fbf80e326.png,1271343,0.8586540222167969,0.013675928115844727,0.5853984355926514
1775215d-5a39-4cc7-a4e3-9ff9a032653d.png,547343,0.6028120517730713,0.0059299468994140625,0.49060988426208496
17e65213-e8ff-4aa4-a562-f2a1caca35c7.png,815607,0.8579823970794678,0.017093181610107422,0.6409506797790527
17131c0c-8418-47c6-97fc-21534540ae6a.png,808680,0.7644708156585693,0.012333393096923828,0.5968270301818848
25d9cece-f660-460f-b9e1-736f33c71c10.png,419408,0.6050591468811035,0.004015684127807617,0.5049524307250977
2e4673a1-7057-4436-b7d2-d4df4b08946a.png,613870,0.8689119815826416,0.017636537551879883,0.6724932193756104
14b66200-2f5d-4088-8bbd-916a1708a9ac.png,480967,0.5493924617767334,0.002851724624633789,0.4641077518463135
0a3c75bb-4bd0-47c8-a2ba-e2aee92ad43f.png,679566,0.6102800369262695,0.004206418991088867,0.4372086524963379
0191d8b3-42e7-451a-a775-23fa86522749.png,446310,1.2385060787200928,0.006299257278442383,1.1241514682769775
296039b7-61ef-49f4-bb48-59a533fb3813.png,883630,0.8103451728820801,0.009534835815429688,0.635155200958252
08e8ca79-9c10-4152-b6aa-a285b6eec951.png,661982,1.3882591724395752,0.006405353546142578,1.2136571407318115
198ba48e-1352-4cad-aaeb-304af1138fbb.png,484563,1.0454998016357422,0.005227565765380859,0.9021267890930176
14c0c190-e885-4937-89c2-f3d26416ef98.png,389301,1.0686466693878174,0.010690450668334961,0.9207444190979004
1e88df35-4ac6-4350-bb32-41c09a22d7a4.png,490546,1.0565614700317383,0.008882999420166016,0.8682613372802734
19a98fb2-0e2c-4c72-acf0-6c530ed8d718.png,817224,0.9793713092803955,0.006201982498168945,0.7889723777770996
23d4f5f9-c0ae-4050-bc7b-598fbf80e326.png,1271343,1.1353135108947754,0.0074079036712646484,0.844125509262085
2013f6d1-e482-42d0-8861-6c9f2dc0eb55.png,507864,0.6314525604248047,0.010663032531738281,0.5141046047210693
113af5b7-17a4-4819-9895-e1c5ecf1d0b5.png,753130,0.7094228267669678,0.010411262512207031,0.5442557334899902
0c10ba0e-8d8f-45f7-ab7d-e34bf486bc30.png,1002197,0.7045447826385498,0.0043261051177978516,0.5468630790710449
011d634d-51dc-4dc1-a139-ec9f54e907a0.png,781406,0.6882777214050293,0.004067420959472656,0.481947660446167
1869588e-218e-40cb-be35-27539b278535.png,466842,0.6750271320343018,0.0048258304595947266,0.5602560043334961
09376b19-149a-44d8-b958-133c98f049c0.png,584576,0.6818809509277344,0.008480310440063477,0.5481212139129639
04305dd9-2607-4bd2-99d6-58a989fced80.png,488295,0.7364857196807861,0.008223772048950195,0.6243419647216797
2e4673a1-7057-4436-b7d2-d4df4b08946a.png,613870,0.7530109882354736,0.007035255432128906,0.5468869209289551
11b30384-1954-4335-bbc1-e985d25bc652.png,561086,0.6017913818359375,0.014056682586669922,0.46121692657470703
04f48a9f-5c84-4e8a-9b32-9c1ccf2e78da.png,675902,0.7655425071716309,0.007210254669189453,0.5768923759460449
08e8ca79-9c10-4152-b6aa-a285b6eec951.png,661982,1.3660452365875244,0.006811857223510742,1.1982007026672363
0a8426c1-93b5-4f84-8d0e-f2e7a83fb6c3.png,410010,0.5841324329376221,0.006071329116821289,0.45978355407714844
1e88df35-4ac6-4350-bb32-41c09a22d7a4.png,490546,0.8906002044677734,0.004901409149169922,0.7082672119140625
2d2c2284-d7ba-4fce-9290-a3928b8d548d.png,698377,0.7186470031738281,0.006764888763427734,0.5469551086425781
20b1eded-0838-4fd6-b86e-fd60d9072a4b.png,588654,0.7265894412994385,0.014007091522216797,0.5614132881164551
1e81e0d2-e55e-4daf-ba82-461bd7c0caad.png,430854,0.7271926403045654,0.006943702697753906,0.5672354698181152
1dae0fcc-6723-45c0-bbad-b4ecc903ab78.png,640960,0.7825629711151123,0.012881278991699219,0.6078646183013916
296039b7-61ef-49f4-bb48-59a533fb3813.png,883630,0.7811968326568604,0.010318994522094727,0.6066863536834717
12ae73f1-6a75-4664-895b-7caebfd435dc.png,594643,0.774996280670166,0.005340099334716797,0.5992228984832764
0191d8b3-42e7-451a-a775-23fa86522749.png,446310,0.9365317821502686,0.008240938186645508,0.796882152557373
071fa44f-8cd9-477b-8fcb-b02a4ecd10d8.png,606955,0.6669189929962158,0.015212059020996094,0.4627101421356201
2013f6d1-e482-42d0-8861-6c9f2dc0eb55.png,507864,0.800194501876831,0.001953601837158203,0.6832077503204346
19a98fb2-0e2c-4c72-acf0-6c530ed8d718.png,817224,1.2325739860534668,0.0057256221771240234,1.0819180011749268
1869588e-218e-40cb-be35-27539b278535.png,466842,1.0691132545471191,0.005779266357421875,0.9510393142700195
0a8426c1-93b5-4f84-8d0e-f2e7a83fb6c3.png,410010,1.0653538703918457,0.012703895568847656,0.9282796382904053
000b7b74-0a22-4d0c-b717-e240fdc5d555.png,563135,0.6969187259674072,0.005906105041503906,0.5584943294525146
04f48a9f-5c84-4e8a-9b32-9c1ccf2e78da.png,675902,1.2257294654846191,0.009988784790039062,1.0290710926055908
0c10ba0e-8d8f-45f7-ab7d-e34bf486bc30.png,1002197,1.2336561679840088,0.005011320114135742,1.073606014251709
09376b19-149a-44d8-b958-133c98f049c0.png,584576,0.5612614154815674,0.005185365676879883,0.45847034454345703
08e8ca79-9c10-4152-b6aa-a285b6eec951.png,661982,0.7224962711334229,0.0031027793884277344,0.5871739387512207
20b1eded-0838-4fd6-b86e-fd60d9072a4b.png,588654,0.9805412292480469,0.0133056640625,0.7690548896789551
25d9cece-f660-460f-b9e1-736f33c71c10.png,419408,0.6523888111114502,0.009052276611328125,0.5095760822296143
177918b1-c468-4cd3-ab55-a2e5588ec40f.png,507358,0.6516873836517334,0.006068229675292969,0.5059018135070801
1e81e0d2-e55e-4daf-ba82-461bd7c0caad.png,430854,0.9845912456512451,0.008585214614868164,0.8069870471954346
1fdaac27-9006-4725-9195-175566572458.png,436643,0.6533281803131104,0.011007308959960938,0.515263557434082
0ec0279e-4891-4f97-a765-6e6a1500b2d0.png,492043,0.6054644584655762,0.0028645992279052734,0.46212315559387207
2d2c2284-d7ba-4fce-9290-a3928b8d548d.png,698377,0.7454333305358887,0.008828163146972656,0.5552048683166504
0ec5a082-3489-46cf-94c6-884c384f17d5.png,598010,0.7555515766143799,0.005651712417602539,0.5858256816864014
2ccc7c34-aa70-4ea3-8a76-9a7e311ab5fb.png,541543,0.6267762184143066,0.007143974304199219,0.4950368404388428
1dae0fcc-6723-45c0-bbad-b4ecc903ab78.png,640960,1.1527328491210938,0.0141754150390625,0.946204662322998
0a3c75bb-4bd0-47c8-a2ba-e2aee92ad43f.png,679566,0.752100944519043,0.0047321319580078125,0.5587430000305176
19a98fb2-0e2c-4c72-acf0-6c530ed8d718.png,817224,1.5117542743682861,0.008477210998535156,1.304222822189331
113af5b7-17a4-4819-9895-e1c5ecf1d0b5.png,753130,0.567619800567627,0.00731205940246582,0.43198156356811523
0a8426c1-93b5-4f84-8d0e-f2e7a83fb6c3.png,410010,0.9943814277648926,0.003345012664794922,0.8850781917572021
22390b77-31da-4a4f-86b5-bc4e8947983a.png,501583,0.5636990070343018,0.009474039077758789,0.42696690559387207
12ae73f1-6a75-4664-895b-7caebfd435dc.png,594643,1.1573634147644043,0.016248703002929688,0.9730000495910645
277e33c1-e61e-4be1-a3dd-0ee39dd997db.png,447135,0.7616469860076904,0.00616765022277832,0.62984299659729
0c10ba0e-8d8f-45f7-ab7d-e34bf486bc30.png,1002197,0.7641904354095459,0.006147146224975586,0.583035945892334
08e8ca79-9c10-4152-b6aa-a285b6eec951.png,661982,1.2969121932983398,0.008484363555908203,1.1371452808380127
0191d8b3-42e7-451a-a775-23fa86522749.png,446310,0.765681266784668,0.002726316452026367,0.6678488254547119
1f98a9d5-4e20-4de9-a7d3-1f4eed9477fd.png,600693,0.6978945732116699,0.0028302669525146484,0.5275452136993408
177918b1-c468-4cd3-ab55-a2e5588ec40f.png,507358,0.841139554977417,0.008273124694824219,0.7221601009368896
23d4f5f9-c0ae-4050-bc7b-598fbf80e326.png,1271343,0.8980021476745605,0.005673408508300781,0.6177854537963867
2d2c2284-d7ba-4fce-9290-a3928b8d548d.png,698377,1.1261835098266602,0.0028460025787353516,0.9473845958709717
2013f6d1-e482-42d0-8861-6c9f2dc0eb55.png,507864,0.6346328258514404,0.015361309051513672,0.48864173889160156
011d634d-51dc-4dc1-a139-ec9f54e907a0.png,781406,0.6379525661468506,0.017508268356323242,0.43337392807006836
0ec0279e-4891-4f97-a765-6e6a1500b2d0.png,492043,0.5208907127380371,0.008082866668701172,0.4162592887878418
04305dd9-2607-4bd2-99d6-58a989fced80.png,488295,0.645186185836792,0.015700101852416992,0.49187231063842773
071fa44f-8cd9-477b-8fcb-b02a4ecd10d8.png,606955,0.6419575214385986,0.011173009872436523,0.44856834411621094
1dae0fcc-6723-45c0-bbad-b4ecc903ab78.png,640960,1.6440215110778809,0.02237987518310547,1.4145338535308838
17131c0c-8418-47c6-97fc-21534540ae6a.png,808680,0.654447078704834,0.008353233337402344,0.5011947154998779
19a98fb2-0e2c-4c72-acf0-6c530ed8d718.png,817224,1.3101279735565186,0.007313251495361328,1.1384022235870361
277e33c1-e61e-4be1-a3dd-0ee39dd997db.png,447135,1.1174476146697998,0.007145404815673828,0.9870851039886475
09376b19-149a-44d8-b958-133c98f049c0.png,584576,0.6958255767822266,0.008183717727661133,0.5619840621948242
08e8ca79-9c10-4152-b6aa-a285b6eec951.png,661982,0.9648706912994385,0.003029346466064453,0.815762996673584
0ec5a082-3489-46cf-94c6-884c384f17d5.png,598010,0.7109630107879639,0.007666110992431641,0.5469703674316406
22390b77-31da-4a4f-86b5-bc4e8947983a.png,501583,0.6928856372833252,0.0077250003814697266,0.5565593242645264
296039b7-61ef-49f4-bb48-59a533fb3813.png,883630,0.6886947154998779,0.004674434661865234,0.5000905990600586
1ce99872-9f12-41cb-854a-e410004089d4.png,659981,0.7064263820648193,0.00677490234375,0.5234465599060059
113af5b7-17a4-4819-9895-e1c5ecf1d0b5.png,753130,0.7020866870880127,0.007764339447021484,0.5503454208374023
000b7b74-0a22-4d0c-b717-e240fdc5d555.png,563135,0.698375940322876,0.007024049758911133,0.5884759426116943
277e33c1-e61e-4be1-a3dd-0ee39dd997db.png,447135,1.4315648078918457,0.009730100631713867,1.3170537948608398
2d2c2284-d7ba-4fce-9290-a3928b8d548d.png,698377,1.152216911315918,0.01159811019897461,0.9491522312164307
071fa44f-8cd9-477b-8fcb-b02a4ecd10d8.png,606955,1.0294148921966553,0.004492521286010742,0.8540101051330566
1e88df35-4ac6-4350-bb32-41c09a22d7a4.png,490546,0.591350793838501,0.005879402160644531,0.41650390625
17131c0c-8418-47c6-97fc-21534540ae6a.png,808680,1.0515446662902832,0.0029494762420654297,0.8856055736541748
0a3c75bb-4bd0-47c8-a2ba-e2aee92ad43f.png,679566,0.8620836734771729,0.006762981414794922,0.6605048179626465
04f48a9f-5c84-4e8a-9b32-9c1ccf2e78da.png,675902,0.6008913516998291,0.007380485534667969,0.395557165145874
14b66200-2f5d-4088-8bbd-916a1708a9ac.png,480967,0.7317743301391602,0.003725290298461914,0.6058282852172852
011d634d-51dc-4dc1-a139-ec9f54e907a0.png,781406,1.0439627170562744,0.010219097137451172,0.8442485332489014
177918b1-c468-4cd3-ab55-a2e5588ec40f.png,507358,0.8830921649932861,0.002893209457397461,0.7378268241882324
04305dd9-2607-4bd2-99d6-58a989fced80.png,488295,0.6001784801483154,0.008230924606323242,0.46529078483581543
09376b19-149a-44d8-b958-133c98f049c0.png,584576,0.7879490852355957,0.004743099212646484,0.662031888961792
113af5b7-17a4-4819-9895-e1c5ecf1d0b5.png,753130,1.044964075088501,0.007372379302978516,0.8803403377532959
0191d8b3-42e7-451a-a775-23fa86522749.png,446310,0.5748670101165771,0.005427360534667969,0.4671618938446045
17e65213-e8ff-4aa4-a562-f2a1caca35c7.png,815607,0.7013840675354004,0.010074853897094727,0.49689769744873047
0ec0279e-4891-4f97-a765-6e6a1500b2d0.png,492043,0.5739684104919434,0.005227088928222656,0.43323659896850586
2036aaef-025e-4187-89d0-344f697a4546.png,859635,0.713458776473999,0.0072956085205078125,0.4694995880126953
1dae0fcc-6723-45c0-bbad-b4ecc903ab78.png,640960,1.362828016281128,0.01016855239868164,1.137423038482666
19a98fb2-0e2c-4c72-acf0-6c530ed8d718.png,817224,0.712761640548706,0.011332511901855469,0.5158188343048096
0b2ea7dd-e924-46b3-9bee-da0e7e68341f.png,437895,0.6995713710784912,0.0058748722076416016,0.5519444942474365
22390b77-31da-4a4f-86b5-bc4e8947983a.png,501583,0.9301953315734863,0.0029320716857910156,0.8309848308563232
08e8ca79-9c10-4152-b6aa-a285b6eec951.png,661982,1.0686006546020508,0.010614156723022461,0.8782143592834473
071fa44f-8cd9-477b-8fcb-b02a4ecd10d8.png,606955,1.3280162811279297,0.004004001617431641,1.1416239738464355
25d9cece-f660-460f-b9e1-736f33c71c10.png,419408,0.37709999084472656,0.007861137390136719,0.25273799896240234
1869588e-218e-40cb-be35-27539b278535.png,466842,0.41533684730529785,0.007930278778076172,0.31546664237976074
2d2c2284-d7ba-4fce-9290-a3928b8d548d.png,698377,0.8185923099517822,0.005005359649658203,0.6205704212188721
0c10ba0e-8d8f-45f7-ab7d-e34bf486bc30.png,1002197,0.6045522689819336,0.004801034927368164,0.42343997955322266
2b79ac47-479a-411a-a05c-96492192124d.png,733663,0.5851562023162842,0.0065953731536865234,0.39906740188598633
1dae0fcc-6723-45c0-bbad-b4ecc903ab78.png,640960,1.3001902103424072,0.007781028747558594,1.0789859294891357
1f98a9d5-4e20-4de9-a7d3-1f4eed9477fd.png,600693,0.593390703201294,0.00904703140258789,0.41657519340515137
28a6709a-88dc-4f90-99d3-5416b4e4a51d.png,1475530,0.817481279373169,0.008303165435791016,0.49746203422546387
198ba48e-1352-4cad-aaeb-304af1138fbb.png,484563,0.4422035217285156,0.009039878845214844,0.2913093566894531
04305dd9-2607-4bd2-99d6-58a989fced80.png,488295,0.5567440986633301,0.014571905136108398,0.4055051803588867
17e65213-e8ff-4aa4-a562-f2a1caca35c7.png,815607,1.0859885215759277,0.010319709777832031,0.8906290531158447
296039b7-61ef-49f4-bb48-59a533fb3813.png,883630,0.7310550212860107,0.00912785530090332,0.5277032852172852
0b2ea7dd-e924-46b3-9bee-da0e7e68341f.png,437895,1.1423323154449463,0.009886980056762695,0.9965536594390869
0191d8b3-42e7-451a-a775-23fa86522749.png,446310,0.7089025974273682,0.011741161346435547,0.5845177173614502
08e8ca79-9c10-4152-b6aa-a285b6eec951.png,661982,0.7080888748168945,0.013021230697631836,0.5012102127075195
07d9f765-5d5b-44ba-93c1-fb8f822ba594.png,458180,0.8773815631866455,0.008468389511108398,0.740013837814331
12ae73f1-6a75-4664-895b-7caebfd435dc.png,594643,0.6978156566619873,0.005116939544677734,0.4987967014312744
14b66200-2f5d-4088-8bbd-916a1708a9ac.png,480967,1.0601251125335693,0.002381563186645508,0.9529256820678711
011d634d-51dc-4dc1-a139-ec9f54e907a0.png,781406,0.872666597366333,0.0065577030181884766,0.6759459972381592
19a98fb2-0e2c-4c72-acf0-6c530ed8d718.png,817224,0.8785326480865479,0.007848024368286133,0.6839792728424072
0a8426c1-93b5-4f84-8d0e-f2e7a83fb6c3.png,410010,1.0334711074829102,0.009798288345336914,0.8843145370483398
14c0c190-e885-4937-89c2-f3d26416ef98.png,389301,1.0323679447174072,0.013130903244018555,0.8741660118103027
0c10ba0e-8d8f-45f7-ab7d-e34bf486bc30.png,1002197,1.226069450378418,0.007385730743408203,1.0760822296142578
277e33c1-e61e-4be1-a3dd-0ee39dd997db.png,447135,1.0175690650939941,0.012667655944824219,0.874610424041748
0a3c75bb-4bd0-47c8-a2ba-e2aee92ad43f.png,679566,1.029250144958496,0.014065742492675781,0.8057477474212646
071fa44f-8cd9-477b-8fcb-b02a4ecd10d8.png,606955,1.030170202255249,0.0125885009765625,0.8234877586364746
14b66200-2f5d-4088-8bbd-916a1708a9ac.png,480967,1.2931787967681885,0.00664210319519043,1.1823928356170654
0b2ea7dd-e924-46b3-9bee-da0e7e68341f.png,437895,1.2795822620391846,0.0037987232208251953,1.1613099575042725
2b8fd115-c1d6-411b-99ce-c2abbf7040da.png,908959,1.079364538192749,0.011200428009033203,0.8311588764190674
04305dd9-2607-4bd2-99d6-58a989fced80.png,488295,1.0821936130523682,0.011503219604492188,0.9601938724517822
12ae73f1-6a75-4664-895b-7caebfd435dc.png,594643,1.094562292098999,0.009634256362915039,0.9074327945709229
1f98a9d5-4e20-4de9-a7d3-1f4eed9477fd.png,600693,1.189666986465454,0.004311561584472656,1.0354993343353271
1e81e0d2-e55e-4daf-ba82-461bd7c0caad.png,430854,0.9570062160491943,0.008247852325439453,0.7624390125274658
17e65213-e8ff-4aa4-a562-f2a1caca35c7.png,815607,0.9600186347961426,0.007843732833862305,0.7505183219909668
19a98fb2-0e2c-4c72-acf0-6c530ed8d718.png,817224,1.1276838779449463,0.0072422027587890625,0.9359254837036133
20b1eded-0838-4fd6-b86e-fd60d9072a4b.png,588654,1.0137479305267334,0.00493168830871582,0.813643217086792
1dae0fcc-6723-45c0-bbad-b4ecc903ab78.png,640960,1.0106391906738281,0.004397392272949219,0.8173561096191406
28a6709a-88dc-4f90-99d3-5416b4e4a51d.png,1475530,1.1889746189117432,0.0047190189361572266,0.8731868267059326
0ec5a082-3489-46cf-94c6-884c384f17d5.png,598010,0.8527669906616211,0.006636142730712891,0.6354730129241943
09376b19-149a-44d8-b958-133c98f049c0.png,584576,0.9619660377502441,0.0034165382385253906,0.8375411033630371
0b2ea7dd-e924-46b3-9bee-da0e7e68341f.png,437895,1.5928547382354736,0.012964248657226562,1.4351203441619873
04f48a9f-5c84-4e8a-9b32-9c1ccf2e78da.png,675902,0.8663511276245117,0.012357711791992188,0.6764552593231201
2036aaef-025e-4187-89d0-344f697a4546.png,859635,0.8557167053222656,0.006110668182373047,0.6020791530609131
2b8fd115-c1d6-411b-99ce-c2abbf7040da.png,908959,1.3080956935882568,0.004117727279663086,1.0765039920806885
2d2c2284-d7ba-4fce-9290-a3928b8d548d.png,698377,0.865959644317627,0.008226633071899414,0.7007899284362793
2e4673a1-7057-4436-b7d2-d4df4b08946a.png,613870,1.0221478939056396,0.004518985748291016,0.8448774814605713
11b30384-1954-4335-bbc1-e985d25bc652.png,561086,0.8665533065795898,0.008861780166625977,0.7386140823364258
0a8426c1-93b5-4f84-8d0e-f2e7a83fb6c3.png,410010,1.2707579135894775,0.011236190795898438,1.1569139957427979
04305dd9-2607-4bd2-99d6-58a989fced80.png,488295,0.9950590133666992,0.004754066467285156,0.8613102436065674
0a3c75bb-4bd0-47c8-a2ba-e2aee92ad43f.png,679566,1.2720913887023926,0.010585308074951172,1.05326509475708
0c10ba0e-8d8f-45f7-ab7d-e34bf486bc30.png,1002197,1.2782049179077148,0.014154434204101562,1.0940794944763184
071fa44f-8cd9-477b-8fcb-b02a4ecd10d8.png,606955,1.2667810916900635,0.005209684371948242,1.0731556415557861
12ae73f1-6a75-4664-895b-7caebfd435dc.png,594643,1.497173547744751,0.00490570068359375,1.2829315662384033
08e8ca79-9c10-4152-b6aa-a285b6eec951.png,661982,0.5169708728790283,0.006621599197387695,0.36597299575805664
1e88df35-4ac6-4350-bb32-41c09a22d7a4.png,490546,0.5663535594940186,0.0055387020111083984,0.36409950256347656
07d9f765-5d5b-44ba-93c1-fb8f822ba594.png,458180,0.5124645233154297,0.008939266204833984,0.36893510818481445
19a98fb2-0e2c-4c72-acf0-6c530ed8d718.png,817224,1.3659634590148926,0.00882411003112793,1.1627628803253174
25d9cece-f660-460f-b9e1-736f33c71c10.png,419408,0.5707147121429443,0.00804758071899414,0.4327833652496338
14b66200-2f5d-4088-8bbd-916a1708a9ac.png,480967,0.5732746124267578,0.010583162307739258,0.43659067153930664
1fdaac27-9006-4725-9195-175566572458.png,436643,0.5793149471282959,0.015395879745483398,0.4349946975708008
1e81e0d2-e55e-4daf-ba82-461bd7c0caad.png,430854,0.5158822536468506,0.006744861602783203,0.3125615119934082
2b79ac47-479a-411a-a05c-96492192124d.png,733663,0.5700337886810303,0.008579730987548828,0.3670942783355713
28a6709a-88dc-4f90-99d3-5416b4e4a51d.png,1475530,0.6175031661987305,0.00832986831665039,0.2934725284576416
04f48a9f-5c84-4e8a-9b32-9c1ccf2e78da.png,675902,0.574131965637207,0.00970602035522461,0.34439873695373535
0181d6f8-f366-448d-b0fd-8d0a8b45cea9.png,406667,0.5737602710723877,0.005826711654663086,0.4442152976989746
1e81e0d2-e55e-4daf-ba82-461bd7c0caad.png,430854,0.9008488655090332,0.011617183685302734,0.7082984447479248
04305dd9-2607-4bd2-99d6-58a989fced80.png,488295,1.4141192436218262,0.006979942321777344,1.2805931568145752
12ae73f1-6a75-4664-895b-7caebfd435dc.png,594643,1.9979336261749268,0.009459972381591797,1.7919557094573975
071fa44f-8cd9-477b-8fcb-b02a4ecd10d8.png,606955,0.6996915340423584,0.007994890213012695,0.52665114402771
2074ba95-9d2e-4039-8ad9-65ffaebb8c7f.png,341355,0.7030649185180664,0.020109891891479492,0.560516357421875
0b2ea7dd-e924-46b3-9bee-da0e7e68341f.png,437895,0.6900482177734375,0.009932279586791992,0.5608444213867188
2d2c2284-d7ba-4fce-9290-a3928b8d548d.png,698377,0.7123703956604004,0.010171175003051758,0.5267105102539062
00d83a64-a624-4ef2-a9b0-2666cde02218.png,581972,0.7272262573242188,0.002897977828979492,0.5188901424407959
2b79ac47-479a-411a-a05c-96492192124d.png,733663,0.6408851146697998,0.010913610458374023,0.4559481143951416
07d9f765-5d5b-44ba-93c1-fb8f822ba594.png,458180,0.6410205364227295,0.008899450302124023,0.5039958953857422
0c10ba0e-8d8f-45f7-ab7d-e34bf486bc30.png,1002197,0.6394875049591064,0.008810997009277344,0.4817159175872803
20b1eded-0838-4fd6-b86e-fd60d9072a4b.png,588654,0.7495052814483643,0.00804281234741211,0.5517287254333496
0a3c75bb-4bd0-47c8-a2ba-e2aee92ad43f.png,679566,0.7628369331359863,0.011030435562133789,0.5630395412445068
04f48a9f-5c84-4e8a-9b32-9c1ccf2e78da.png,675902,0.8206708431243896,0.009741544723510742,0.6437413692474365
0a8426c1-93b5-4f84-8d0e-f2e7a83fb6c3.png,410010,0.701840877532959,0.012143611907958984,0.5601983070373535
277e33c1-e61e-4be1-a3dd-0ee39dd997db.png,447135,0.7026748657226562,0.012851953506469727,0.5644688606262207
0191d8b3-42e7-451a-a775-23fa86522749.png,446310,0.6046755313873291,0.014020204544067383,0.45223093032836914
1fdaac27-9006-4725-9195-175566572458.png,436643,0.5946319103240967,0.007635831832885742,0.4601781368255615
11b30384-1954-4335-bbc1-e985d25bc652.png,561086,0.6008479595184326,0.004647254943847656,0.499924898147583
14c0c190-e885-4937-89c2-f3d26416ef98.png,389301,0.6529712677001953,0.004794120788574219,0.5477759838104248
19a98fb2-0e2c-4c72-acf0-6c530ed8d718.png,817224,0.8771350383758545,0.021907329559326172,0.6851694583892822
1869588e-218e-40cb-be35-27539b278535.png,466842,0.5105786323547363,0.0038909912109375,0.4035155773162842
28a6709a-88dc-4f90-99d3-5416b4e4a51d.png,1475530,0.7584717273712158,0.010564088821411133,0.41393136978149414
09376b19-149a-44d8-b958-133c98f049c0.png,584576,0.5146186351776123,0.0035829544067382812,0.3976597785949707
0ec5a082-3489-46cf-94c6-884c384f17d5.png,598010,0.6720316410064697,0.009108304977416992,0.46063780784606934
12ae73f1-6a75-4664-895b-7caebfd435dc.png,594643,1.189260721206665,0.006106376647949219,1.0014426708221436
04305dd9-2607-4bd2-99d6-58a989fced80.png,488295,0.8992762565612793,0.01662611961364746,0.7551801204681396
071fa44f-8cd9-477b-8fcb-b02a4ecd10d8.png,606955,0.9555408954620361,0.005753278732299805,0.7805678844451904
0a8426c1-93b5-4f84-8d0e-f2e7a83fb6c3.png,410010,0.7980122566223145,0.005693197250366211,0.6879680156707764
0191d8b3-42e7-451a-a775-23fa86522749.png,446310,0.6998836994171143,0.0026705265045166016,0.5917916297912598
277e33c1-e61e-4be1-a3dd-0ee39dd997db.png,447135,0.780444860458374,0.0056231021881103516,0.630267858505249
11b30384-1954-4335-bbc1-e985d25bc652.png,561086,0.7980408668518066,0.008714675903320312,0.6839406490325928
2b79ac47-479a-411a-a05c-96492192124d.png,733663,0.7915809154510498,0.009446859359741211,0.6382467746734619
1775215d-5a39-4cc7-a4e3-9ff9a032653d.png,547343,0.49820995330810547,0.0058650970458984375,0.3912644386291504
19a98fb2-0e2c-4c72-acf0-6c530ed8d718.png,817224,1.201240062713623,0.019161224365234375,1.0233218669891357
011d634d-51dc-4dc1-a139-ec9f54e907a0.png,781406,0.664668083190918,0.00548100471496582,0.4605824947357178
071fa44f-8cd9-477b-8fcb-b02a4ecd10d8.png,606955,1.3604016304016113,0.012066841125488281,1.1712026596069336
198ba48e-1352-4cad-aaeb-304af1138fbb.png,484563,0.601111650466919,0.008073091506958008,0.4709174633026123
08e8ca79-9c10-4152-b6aa-a285b6eec951.png,661982,0.669205904006958,0.0070264339447021484,0.4853527545928955
0ec5a082-3489-46cf-94c6-884c384f17d5.png,598010,0.6680283546447754,0.003972768783569336,0.49311041831970215
12ae73f1-6a75-4664-895b-7caebfd435dc.png,594643,1.5783157348632812,0.004525899887084961,1.3554236888885498
0ec0279e-4891-4f97-a765-6e6a1500b2d0.png,492043,0.6087348461151123,0.014756441116333008,0.4570755958557129
2e4673a1-7057-4436-b7d2-d4df4b08946a.png,613870,0.7877247333526611,0.008942365646362305,0.5680029392242432
17131c0c-8418-47c6-97fc-21534540ae6a.png,808680,0.7335984706878662,0.0068476200103759766,0.580345869064331
14c0c190-e885-4937-89c2-f3d26416ef98.png,389301,0.6653430461883545,0.008453130722045898,0.523118257522583
04305dd9-2607-4bd2-99d6-58a989fced80.png,488295,0.6892130374908447,0.013083219528198242,0.5322268009185791
17e65213-e8ff-4aa4-a562-f2a1caca35c7.png,815607,0.6657626628875732,0.008942842483520508,0.46230387687683105
20b1eded-0838-4fd6-b86e-fd60d9072a4b.png,588654,0.5935006141662598,0.0040187835693359375,0.43195199966430664
00d83a64-a624-4ef2-a9b0-2666cde02218.png,581972,0.7430565357208252,0.0054509639739990234,0.5728192329406738
1e81e0d2-e55e-4daf-ba82-461bd7c0caad.png,430854,0.6823017597198486,0.013181209564208984,0.5168704986572266
2036aaef-025e-4187-89d0-344f697a4546.png,859635,0.8640024662017822,0.0066645145416259766,0.6115739345550537
0c10ba0e-8d8f-45f7-ab7d-e34bf486bc30.png,1002197,0.7428078651428223,0.00723719596862793,0.5632753372192383
177918b1-c468-4cd3-ab55-a2e5588ec40f.png,507358,0.7249505519866943,0.0061032772064208984,0.5744764804840088
296039b7-61ef-49f4-bb48-59a533fb3813.png,883630,0.7973332405090332,0.010585308074951172,0.5850496292114258
0a8426c1-93b5-4f84-8d0e-f2e7a83fb6c3.png,410010,0.8720269203186035,0.008650779724121094,0.7164995670318604
1dae0fcc-6723-45c0-bbad-b4ecc903ab78.png,640960,0.7357914447784424,0.011545658111572266,0.5204410552978516
277e33c1-e61e-4be1-a3dd-0ee39dd997db.png,447135,0.5515217781066895,0.007297039031982422,0.41759181022644043
011d634d-51dc-4dc1-a139-ec9f54e907a0.png,781406,0.6840441226959229,0.006639719009399414,0.4873361587524414
0ec0279e-4891-4f97-a765-6e6a1500b2d0.png,492043,0.8707964420318604,0.005567312240600586,0.7196402549743652
2d2c2284-d7ba-4fce-9290-a3928b8d548d.png,698377,0.6839215755462646,0.008119821548461914,0.48847341537475586
2e4673a1-7057-4436-b7d2-d4df4b08946a.png,613870,1.1018691062927246,0.007404327392578125,0.9193542003631592
12ae73f1-6a75-4664-895b-7caebfd435dc.png,594643,1.3338844776153564,0.003134489059448242,1.1789817810058594
08e8ca79-9c10-4152-b6aa-a285b6eec951.png,661982,0.9966139793395996,0.005732059478759766,0.8337380886077881
000b7b74-0a22-4d0c-b717-e240fdc5d555.png,563135,0.49117183685302734,0.006366252899169922,0.3716590404510498
14c0c190-e885-4937-89c2-f3d26416ef98.png,389301,0.9754366874694824,0.010078907012939453,0.826338529586792
113af5b7-17a4-4819-9895-e1c5ecf1d0b5.png,753130,0.6715049743652344,0.004019498825073242,0.5380206108093262
0a8426c1-93b5-4f84-8d0e-f2e7a83fb6c3.png,410010,1.2613346576690674,0.003255128860473633,1.151498556137085
2b79ac47-479a-411a-a05c-96492192124d.png,733663,0.6723566055297852,0.00455927848815918,0.49623918533325195
1e81e0d2-e55e-4daf-ba82-461bd7c0caad.png,430854,0.9790301322937012,0.010906457901000977,0.7778487205505371
277e33c1-e61e-4be1-a3dd-0ee39dd997db.png,447135,0.9193875789642334,0.006351470947265625,0.8110508918762207
296039b7-61ef-49f4-bb48-59a533fb3813.png,883630,0.6720905303955078,0.003461122512817383,0.47544431686401367
17e65213-e8ff-4aa4-a562-f2a1caca35c7.png,815607,1.1398606300354004,0.010703325271606445,0.959601879119873
0c10ba0e-8d8f-45f7-ab7d-e34bf486bc30.png,1002197,0.6574969291687012,0.0071752071380615234,0.4943277835845947
04f48a9f-5c84-4e8a-9b32-9c1ccf2e78da.png,675902,0.6662883758544922,0.007175922393798828,0.49799060821533203
2036aaef-025e-4187-89d0-344f697a4546.png,859635,0.6666843891143799,0.008020401000976562,0.46654343605041504
2074ba95-9d2e-4039-8ad9-65ffaebb8c7f.png,341355,0.6256659030914307,0.010308980941772461,0.46650075912475586
1e81e0d2-e55e-4daf-ba82-461bd7c0caad.png,430854,1.2052373886108398,0.009518861770629883,1.0341055393218994
198ba48e-1352-4cad-aaeb-304af1138fbb.png,484563,0.6427059173583984,0.010704517364501953,0.4810144901275635
09376b19-149a-44d8-b958-133c98f049c0.png,584576,0.6226835250854492,0.007257938385009766,0.519737958908081
28a6709a-88dc-4f90-99d3-5416b4e4a51d.png,1475530,0.8504188060760498,0.011445760726928711,0.498715877532959
1775215d-5a39-4cc7-a4e3-9ff9a032653d.png,547343,0.6520917415618896,0.007351875305175781,0.5370547771453857
2b79ac47-479a-411a-a05c-96492192124d.png,733663,1.0243048667907715,0.004472017288208008,0.8746888637542725
04305dd9-2607-4bd2-99d6-58a989fced80.png,488295,0.6245346069335938,0.010531902313232422,0.47224998474121094
14b66200-2f5d-4088-8bbd-916a1708a9ac.png,480967,0.6353178024291992,0.00740361213684082,0.5276212692260742
12ae73f1-6a75-4664-895b-7caebfd435dc.png,594643,0.8084132671356201,0.009566068649291992,0.608689546585083
14c0c190-e885-4937-89c2-f3d26416ef98.png,389301,0.6938176155090332,0.005749702453613281,0.5629711151123047
23d4f5f9-c0ae-4050-bc7b-598fbf80e326.png,1271343,0.8198966979980469,0.018622636795043945,0.4819953441619873
2e4673a1-7057-4436-b7d2-d4df4b08946a.png,613870,0.8132014274597168,0.006376028060913086,0.6042125225067139
08e8ca79-9c10-4152-b6aa-a285b6eec951.png,661982,0.8238389492034912,0.008099794387817383,0.6715378761291504
0a8426c1-93b5-4f84-8d0e-f2e7a83fb6c3.png,410010,0.8031501770019531,0.010455846786499023,0.6545500755310059
0191d8b3-42e7-451a-a775-23fa86522749.png,446310,0.6994805335998535,0.004148960113525391,0.5858948230743408
25d9cece-f660-460f-b9e1-736f33c71c10.png,419408,0.6817948818206787,0.009522676467895508,0.5453476905822754
17e65213-e8ff-4aa4-a562-f2a1caca35c7.png,815607,0.7170753479003906,0.011787176132202148,0.5497097969055176
1ce99872-9f12-41cb-854a-e410004089d4.png,659981,0.7203238010406494,0.013078927993774414,0.5357232093811035
1fdaac27-9006-4725-9195-175566572458.png,436643,0.710749626159668,0.008097648620605469,0.5719242095947266
11b30384-1954-4335-bbc1-e985d25bc652.png,561086,0.5672459602355957,0.004507780075073242,0.45316386222839355
04f48a9f-5c84-4e8a-9b32-9c1ccf2e78da.png,675902,1.0197465419769287,0.00596308708190918,0.8367304801940918
0a3c75bb-4bd0-47c8-a2ba-e2aee92ad43f.png,679566,0.7246568202972412,0.009473562240600586,0.5188798904418945
1f98a9d5-4e20-4de9-a7d3-1f4eed9477fd.png,600693,0.6352236270904541,0.003207683563232422,0.49996161460876465
09376b19-149a-44d8-b958-133c98f049c0.png,584576,1.0876719951629639,0.008494138717651367,0.9800019264221191
2013f6d1-e482-42d0-8861-6c9f2dc0eb55.png,507864,0.6340937614440918,0.0027289390563964844,0.5378081798553467
2b79ac47-479a-411a-a05c-96492192124d.png,733663,1.1178030967712402,0.008027315139770508,0.9457147121429443
198ba48e-1352-4cad-aaeb-304af1138fbb.png,484563,0.8912556171417236,0.007594108581542969,0.7511160373687744
28a6709a-88dc-4f90-99d3-5416b4e4a51d.png,1475530,1.1757450103759766,0.01625990867614746,0.8639943599700928
0a8426c1-93b5-4f84-8d0e-f2e7a83fb6c3.png,410010,1.065110206604004,0.005037069320678711,0.9628419876098633
14b66200-2f5d-4088-8bbd-916a1708a9ac.png,480967,0.9316673278808594,0.002342700958251953,0.8332464694976807
08e8ca79-9c10-4152-b6aa-a285b6eec951.png,661982,1.0915241241455078,0.009247541427612305,0.9090602397918701
12ae73f1-6a75-4664-895b-7caebfd435dc.png,594643,1.0924866199493408,0.012421369552612305,0.8824827671051025
296039b7-61ef-49f4-bb48-59a533fb3813.png,883630,0.7523679733276367,0.006006479263305664,0.5738587379455566
177918b1-c468-4cd3-ab55-a2e5588ec40f.png,507358,0.7483694553375244,0.01228785514831543,0.6130645275115967
2ccc7c34-aa70-4ea3-8a76-9a7e311ab5fb.png,541543,0.7556638717651367,0.012420415878295898,0.5857596397399902
1869588e-218e-40cb-be35-27539b278535.png,466842,0.7434704303741455,0.009252786636352539,0.6044614315032959
1ce99872-9f12-41cb-854a-e410004089d4.png,659981,0.9448659420013428,0.006453514099121094,0.7710635662078857
00d83a64-a624-4ef2-a9b0-2666cde02218.png,581972,0.7483668327331543,0.005900859832763672,0.5902121067047119
0b2ea7dd-e924-46b3-9bee-da0e7e68341f.png,437895,0.7541606426239014,0.007617473602294922,0.6135015487670898
113af5b7-17a4-4819-9895-e1c5ecf1d0b5.png,753130,0.6646757125854492,0.0073108673095703125,0.515021800994873
1dae0fcc-6723-45c0-bbad-b4ecc903ab78.png,640960,0.8260302543640137,0.007836103439331055,0.6283550262451172
0181d6f8-f366-448d-b0fd-8d0a8b45cea9.png,406667,0.6711649894714355,0.008471012115478516,0.5381920337677002
1fdaac27-9006-4725-9195-175566572458.png,436643,1.0989878177642822,0.0038318634033203125,0.9658932685852051
23d4f5f9-c0ae-4050-bc7b-598fbf80e326.png,1271343,1.2512540817260742,0.012619256973266602,0.9692153930664062
2d2c2284-d7ba-4fce-9290-a3928b8d548d.png,698377,0.730717658996582,0.007500171661376953,0.5764467716217041
011d634d-51dc-4dc1-a139-ec9f54e907a0.png,781406,0.7385118007659912,0.00709080696105957,0.573469877243042
2036aaef-025e-4187-89d0-344f697a4546.png,859635,0.9066593647003174,0.00981450080871582,0.7135429382324219
0a3c75bb-4bd0-47c8-a2ba-e2aee92ad43f.png,679566,0.8035626411437988,0.009964704513549805,0.6133582592010498
0ec0279e-4891-4f97-a765-6e6a1500b2d0.png,492043,0.7957351207733154,0.0041124820709228516,0.6582236289978027
17e65213-e8ff-4aa4-a562-f2a1caca35c7.png,815607,0.84515380859375,0.0029048919677734375,0.6654725074768066
1f98a9d5-4e20-4de9-a7d3-1f4eed9477fd.png,600693,0.6656124591827393,0.0031638145446777344,0.5243527889251709
04f48a9f-5c84-4e8a-9b32-9c1ccf2e78da.png,675902,0.7171955108642578,0.01114797592163086,0.5278923511505127
19a98fb2-0e2c-4c72-acf0-6c530ed8d718.png,817224,0.8300578594207764,0.00546574592590332,0.6463053226470947
0c10ba0e-8d8f-45f7-ab7d-e34bf486bc30.png,1002197,0.7609164714813232,0.005045413970947266,0.5833964347839355
22390b77-31da-4a4f-86b5-bc4e8947983a.png,501583,0.6771531105041504,0.0038161277770996094,0.5458884239196777
1fdaac27-9006-4725-9195-175566572458.png,436643,1.2282342910766602,0.004614114761352539,1.1351025104522705
1e81e0d2-e55e-4daf-ba82-461bd7c0caad.png,430854,0.7000999450683594,0.0039441585540771484,0.5353231430053711
00d83a64-a624-4ef2-a9b0-2666cde02218.png,581972,0.7916057109832764,0.004037618637084961,0.6176111698150635
08e8ca79-9c10-4152-b6aa-a285b6eec951.png,661982,0.7724399566650391,0.0056607723236083984,0.5891611576080322
28a6709a-88dc-4f90-99d3-5416b4e4a51d.png,1475530,0.931389331817627,0.0076618194580078125,0.608212947845459
177918b1-c468-4cd3-ab55-a2e5588ec40f.png,507358,0.5523626804351807,0.017144441604614258,0.4275937080383301
1dae0fcc-6723-45c0-bbad-b4ecc903ab78.png,640960,0.8522982597351074,0.002865314483642578,0.6873345375061035
14b66200-2f5d-4088-8bbd-916a1708a9ac.png,480967,0.7150435447692871,0.023084402084350586,0.5543622970581055
23d4f5f9-c0ae-4050-bc7b-598fbf80e326.png,1271343,1.136864423751831,0.0054624080657958984,0.8849046230316162
2d2c2284-d7ba-4fce-9290-a3928b8d548d.png,698377,1.1367285251617432,0.009767293930053711,0.9578583240509033
0a8426c1-93b5-4f84-8d0e-f2e7a83fb6c3.png,410010,0.5306668281555176,0.0031158924102783203,0.39774513244628906
113af5b7-17a4-4819-9895-e1c5ecf1d0b5.png,753130,0.8693966865539551,0.0029594898223876953,0.6946377754211426
2074ba95-9d2e-4039-8ad9-65ffaebb8c7f.png,341355,0.7439167499542236,0.010018110275268555,0.578052282333374
11b30384-1954-4335-bbc1-e985d25bc652.png,561086,0.5950608253479004,0.008783578872680664,0.43036580085754395
17e65213-e8ff-4aa4-a562-f2a1caca35c7.png,815607,0.7514908313751221,0.015768766403198242,0.5274035930633545
1f98a9d5-4e20-4de9-a7d3-1f4eed9477fd.png,600693,0.5997769832611084,0.005342245101928711,0.458510160446167
2013f6d1-e482-42d0-8861-6c9f2dc0eb55.png,507864,0.7565145492553711,0.016881465911865234,0.6251113414764404
0181d6f8-f366-448d-b0fd-8d0a8b45cea9.png,406667,0.6078367233276367,0.013126373291015625,0.46575355529785156
0ec0279e-4891-4f97-a765-6e6a1500b2d0.png,492043,0.674567699432373,0.003345012664794922,0.5769076347351074
2036aaef-025e-4187-89d0-344f697a4546.png,859635,0.6778709888458252,0.006304502487182617,0.44748950004577637
19a98fb2-0e2c-4c72-acf0-6c530ed8d718.png,817224,1.0704436302185059,0.003643512725830078,0.8997852802276611
0191d8b3-42e7-451a-a775-23fa86522749.png,446310,0.7656764984130859,0.013344526290893555,0.6229839324951172
1dae0fcc-6723-45c0-bbad-b4ecc903ab78.png,640960,0.8703274726867676,0.007122039794921875,0.6787936687469482
1ce99872-9f12-41cb-854a-e410004089d4.png,659981,0.6532101631164551,0.003347635269165039,0.4921689033508301
17131c0c-8418-47c6-97fc-21534540ae6a.png,808680,0.5539987087249756,0.0032491683959960938,0.4154222011566162
1fdaac27-9006-4725-9195-175566572458.png,436643,1.2710580825805664,0.0058019161224365234,1.1398546695709229
2013f6d1-e482-42d0-8861-6c9f2dc0eb55.png,507864,0.9562907218933105,0.005577564239501953,0.8582892417907715
2036aaef-025e-4187-89d0-344f697a4546.png,859635,0.8882319927215576,0.008893966674804688,0.6513409614562988
1f98a9d5-4e20-4de9-a7d3-1f4eed9477fd.png,600693,0.8020107746124268,0.004590034484863281,0.661829948425293
000b7b74-0a22-4d0c-b717-e240fdc5d555.png,563135,0.5561010837554932,0.003843069076538086,0.43079113960266113
1775215d-5a39-4cc7-a4e3-9ff9a032653d.png,547343,0.5805480480194092,0.005501747131347656,0.4515502452850342
0191d8b3-42e7-451a-a775-23fa86522749.png,446310,1.0429010391235352,0.015275955200195312,0.9147441387176514
0181d6f8-f366-448d-b0fd-8d0a8b45cea9.png,406667,0.8799264430999756,0.010312557220458984,0.7198455333709717
09376b19-149a-44d8-b958-133c98f049c0.png,584576,0.5830957889556885,0.005320072174072266,0.45470762252807617
113af5b7-17a4-4819-9895-e1c5ecf1d0b5.png,753130,0.8194386959075928,0.0034754276275634766,0.6677827835083008
14b66200-2f5d-4088-8bbd-916a1708a9ac.png,480967,0.686272382736206,0.0031070709228515625,0.562669038772583
22390b77-31da-4a4f-86b5-bc4e8947983a.png,501583,0.6841490268707275,0.0031239986419677734,0.5602715015411377
07d9f765-5d5b-44ba-93c1-fb8f822ba594.png,458180,0.5349013805389404,0.0029451847076416016,0.4176971912384033
011d634d-51dc-4dc1-a139-ec9f54e907a0.png,781406,0.6962757110595703,0.007032155990600586,0.4832601547241211
0ec0279e-4891-4f97-a765-6e6a1500b2d0.png,492043,0.7684051990509033,0.004720211029052734,0.6719083786010742
0ec5a082-3489-46cf-94c6-884c384f17d5.png,598010,0.6594152450561523,0.006618022918701172,0.47509312629699707
2ccc7c34-aa70-4ea3-8a76-9a7e311ab5fb.png,541543,0.6477870941162109,0.007856369018554688,0.4866061210632324
2e4673a1-7057-4436-b7d2-d4df4b08946a.png,613870,0.6592483520507812,0.015046834945678711,0.47551941871643066
1dae0fcc-6723-45c0-bbad-b4ecc903ab78.png,640960,0.9728400707244873,0.0038008689880371094,0.7640459537506104
0a8426c1-93b5-4f84-8d0e-f2e7a83fb6c3.png,410010,0.6725931167602539,0.005983591079711914,0.5526459217071533
08e8ca79-9c10-4152-b6aa-a285b6eec951.png,661982,0.6553933620452881,0.006498098373413086,0.5034961700439453
000b7b74-0a22-4d0c-b717-e240fdc5d555.png,563135,0.9466853141784668,0.004841804504394531,0.8066747188568115
0b2ea7dd-e924-46b3-9bee-da0e7e68341f.png,437895,0.6445879936218262,0.006091594696044922,0.4736137390136719
1f98a9d5-4e20-4de9-a7d3-1f4eed9477fd.png,600693,1.4370145797729492,0.015227079391479492,1.2433335781097412
04f48a9f-5c84-4e8a-9b32-9c1ccf2e78da.png,675902,0.6680252552032471,0.010823726654052734,0.4708070755004883
19a98fb2-0e2c-4c72-acf0-6c530ed8d718.png,817224,0.6670236587524414,0.009512186050415039,0.4763367176055908
0181d6f8-f366-448d-b0fd-8d0a8b45cea9.png,406667,0.7113974094390869,0.00722050666809082,0.6082067489624023
1ce99872-9f12-41cb-854a-e410004089d4.png,659981,0.7119443416595459,0.0073049068450927734,0.5408556461334229
00d83a64-a624-4ef2-a9b0-2666cde02218.png,581972,0.8269414901733398,0.014040231704711914,0.6164169311523438
0191d8b3-42e7-451a-a775-23fa86522749.png,446310,0.8246133327484131,0.010460853576660156,0.686363935470581
17131c0c-8418-47c6-97fc-21534540ae6a.png,808680,0.7087588310241699,0.00505828857421875,0.5751004219055176
1fdaac27-9006-4725-9195-175566572458.png,436643,0.7114808559417725,0.007700920104980469,0.5682265758514404
277e33c1-e61e-4be1-a3dd-0ee39dd997db.png,447135,0.551375150680542,0.009342193603515625,0.44818592071533203
113af5b7-17a4-4819-9895-e1c5ecf1d0b5.png,753130,1.0571420192718506,0.004231929779052734,0.8761546611785889
2013f6d1-e482-42d0-8861-6c9f2dc0eb55.png,507864,0.8329379558563232,0.016431331634521484,0.6915435791015625
1e81e0d2-e55e-4daf-ba82-461bd7c0caad.png,430854,0.7133297920227051,0.009322404861450195,0.5273408889770508
04f48a9f-5c84-4e8a-9b32-9c1ccf2e78da.png,675902,1.0219616889953613,0.010142087936401367,0.7898538112640381
0ec0279e-4891-4f97-a765-6e6a1500b2d0.png,492043,0.7280383110046387,0.020684242248535156,0.5738978385925293
011d634d-51dc-4dc1-a139-ec9f54e907a0.png,781406,1.0237138271331787,0.009763956069946289,0.8476004600524902
20b1eded-0838-4fd6-b86e-fd60d9072a4b.png,588654,0.7295167446136475,0.01790022850036621,0.5029377937316895
04305dd9-2607-4bd2-99d6-58a989fced80.png,488295,0.5140514373779297,0.0038404464721679688,0.3896219730377197
2ccc7c34-aa70-4ea3-8a76-9a7e311ab5fb.png,541543,1.0048034191131592,0.006941795349121094,0.8815808296203613
25d9cece-f660-460f-b9e1-736f33c71c10.png,419408,0.5262823104858398,0.0069446563720703125,0.39773011207580566
198ba48e-1352-4cad-aaeb-304af1138fbb.png,484563,0.5278761386871338,0.006258726119995117,0.42168712615966797
0a3c75bb-4bd0-47c8-a2ba-e2aee92ad43f.png,679566,0.7445240020751953,0.01063847541809082,0.5517661571502686
12ae73f1-6a75-4664-895b-7caebfd435dc.png,594643,0.7412605285644531,0.008011341094970703,0.542830228805542
19a98fb2-0e2c-4c72-acf0-6c530ed8d718.png,817224,0.9559364318847656,0.009534835815429688,0.7467386722564697
0191d8b3-42e7-451a-a775-23fa86522749.png,446310,0.9460501670837402,0.019820451736450195,0.7972216606140137
09376b19-149a-44d8-b958-133c98f049c0.png,584576,0.5600810050964355,0.007742643356323242,0.4454071521759033
2013f6d1-e482-42d0-8861-6c9f2dc0eb55.png,507864,0.9287455081939697,0.004364967346191406,0.8315067291259766
25d9cece-f660-460f-b9e1-736f33c71c10.png,419408,0.7431714534759521,0.007837295532226562,0.6355462074279785
00d83a64-a624-4ef2-a9b0-2666cde02218.png,581972,1.1426239013671875,0.006467342376708984,0.9119071960449219
0ec5a082-3489-46cf-94c6-884c384f17d5.png,598010,0.7400960922241211,0.01029515266418457,0.5542173385620117
17131c0c-8418-47c6-97fc-21534540ae6a.png,808680,0.7447471618652344,0.009179830551147461,0.5761051177978516
17e65213-e8ff-4aa4-a562-f2a1caca35c7.png,815607,0.7385668754577637,0.009699106216430664,0.5211844444274902
1ce99872-9f12-41cb-854a-e410004089d4.png,659981,0.7357823848724365,0.0054547786712646484,0.5721194744110107
04f48a9f-5c84-4e8a-9b32-9c1ccf2e78da.png,675902,1.1299779415130615,0.007757663726806641,0.9297101497650146
23d4f5f9-c0ae-4050-bc7b-598fbf80e326.png,1271343,0.7748584747314453,0.00505828857421875,0.4484372138977051
071fa44f-8cd9-477b-8fcb-b02a4ecd10d8.png,606955,0.7609055042266846,0.009054183959960938,0.5499460697174072
1869588e-218e-40cb-be35-27539b278535.png,466842,0.7568800449371338,0.022855520248413086,0.5894334316253662
113af5b7-17a4-4819-9895-e1c5ecf1d0b5.png,753130,0.757744550704956,0.010016202926635742,0.5564191341400146
296039b7-61ef-49f4-bb48-59a533fb3813.png,883630,0.7360134124755859,0.009326934814453125,0.5445151329040527
14c0c190-e885-4937-89c2-f3d26416ef98.png,389301,0.7506639957427979,0.01442575454711914,0.5960886478424072
000b7b74-0a22-4d0c-b717-e240fdc5d555.png,563135,0.7476091384887695,0.011745929718017578,0.605823278427124
277e33c1-e61e-4be1-a3dd-0ee39dd997db.png,447135,0.5780484676361084,0.011667966842651367,0.43537139892578125
198ba48e-1352-4cad-aaeb-304af1138fbb.png,484563,0.9365537166595459,0.006482124328613281,0.8223412036895752
08e8ca79-9c10-4152-b6aa-a285b6eec951.png,661982,0.7608113288879395,0.011420965194702148,0.5967803001403809
1e81e0d2-e55e-4daf-ba82-461bd7c0caad.png,430854,0.6705985069274902,0.008087158203125,0.47648072242736816
1fdaac27-9006-4725-9195-175566572458.png,436643,0.6795134544372559,0.009564876556396484,0.5060925483703613
2e4673a1-7057-4436-b7d2-d4df4b08946a.png,613870,0.7792010307312012,0.0060520172119140625,0.575434684753418
09376b19-149a-44d8-b958-133c98f049c0.png,584576,0.955662727355957,0.013780593872070312,0.8159453868865967
20b1eded-0838-4fd6-b86e-fd60d9072a4b.png,588654,0.7977030277252197,0.009599924087524414,0.569586992263794
0a8426c1-93b5-4f84-8d0e-f2e7a83fb6c3.png,410010,0.5820925235748291,0.0064351558685302734,0.46781301498413086
198ba48e-1352-4cad-aaeb-304af1138fbb.png,484563,1.2613577842712402,0.011663436889648438,1.120492696762085
1ce99872-9f12-41cb-854a-e410004089d4.png,659981,0.9201655387878418,0.01773548126220703,0.6849744319915771
23d4f5f9-c0ae-4050-bc7b-598fbf80e326.png,1271343,1.095221996307373,0.017423629760742188,0.7657020092010498
00d83a64-a624-4ef2-a9b0-2666cde02218.png,581972,0.9143731594085693,0.006552219390869141,0.6815979480743408
04f48a9f-5c84-4e8a-9b32-9c1ccf2e78da.png,675902,1.2701213359832764,0.009937524795532227,1.1289246082305908
1fdaac27-9006-4725-9195-175566572458.png,436643,0.9291036128997803,0.008754968643188477,0.8255844116210938
17131c0c-8418-47c6-97fc-21534540ae6a.png,808680,0.9087357521057129,0.007916450500488281,0.7102205753326416
25d9cece-f660-460f-b9e1-736f33c71c10.png,419408,0.7109785079956055,0.008436441421508789,0.5724005699157715
1869588e-218e-40cb-be35-27539b278535.png,466842,1.1066043376922607,0.020051002502441406,0.9364168643951416
2013f6d1-e482-42d0-8861-6c9f2dc0eb55.png,507864,0.7152972221374512,0.006481170654296875,0.5897476673126221
277e33c1-e61e-4be1-a3dd-0ee39dd997db.png,447135,0.9417262077331543,0.017679691314697266,0.7577507495880127
07d9f765-5d5b-44ba-93c1-fb8f822ba594.png,458180,0.6025757789611816,0.00806879997253418,0.466139554977417
113af5b7-17a4-4819-9895-e1c5ecf1d0b5.png,753130,0.6402876377105713,0.016211271286010742,0.4265146255493164
071fa44f-8cd9-477b-8fcb-b02a4ecd10d8.png,606955,0.6437909603118896,0.01329350471496582,0.44475507736206055
296039b7-61ef-49f4-bb48-59a533fb3813.png,883630,0.8284430503845215,0.005367279052734375,0.6299571990966797
000b7b74-0a22-4d0c-b717-e240fdc5d555.png,563135,0.6262741088867188,0.0049800872802734375,0.49080848693847656
2074ba95-9d2e-4039-8ad9-65ffaebb8c7f.png,341355,0.6474549770355225,0.006946086883544922,0.5202679634094238
1e88df35-4ac6-4350-bb32-41c09a22d7a4.png,490546,0.8268427848815918,0.003048419952392578,0.6219222545623779
19a98fb2-0e2c-4c72-acf0-6c530ed8d718.png,817224,0.6468949317932129,0.004979133605957031,0.47716236114501953
011d634d-51dc-4dc1-a139-ec9f54e907a0.png,781406,0.8399159908294678,0.010706424713134766,0.6332011222839355
0ec0279e-4891-4f97-a765-6e6a1500b2d0.png,492043,0.5778014659881592,0.0025174617767333984,0.47350263595581055
2e4673a1-7057-4436-b7d2-d4df4b08946a.png,613870,0.6572427749633789,0.008793354034423828,0.45802950859069824
20b1eded-0838-4fd6-b86e-fd60d9072a4b.png,588654,0.8428871631622314,0.011819124221801758,0.6517415046691895
08e8ca79-9c10-4152-b6aa-a285b6eec951.png,661982,0.6653010845184326,0.004300117492675781,0.480527400970459
0191d8b3-42e7-451a-a775-23fa86522749.png,446310,0.6633374691009521,0.013724088668823242,0.555492639541626
198ba48e-1352-4cad-aaeb-304af1138fbb.png,484563,1.0062546730041504,0.01997995376586914,0.8580071926116943
071fa44f-8cd9-477b-8fcb-b02a4ecd10d8.png,606955,1.0035841464996338,0.008965253829956055,0.7786226272583008
1775215d-5a39-4cc7-a4e3-9ff9a032653d.png,547343,0.6082282066345215,0.0049588680267333984,0.47499680519104004
23d4f5f9-c0ae-4050-bc7b-598fbf80e326.png,1271343,0.816624641418457,0.007015705108642578,0.5226297378540039
1ce99872-9f12-41cb-854a-e410004089d4.png,659981,0.6147463321685791,0.00462794303894043,0.4477658271789551
000b7b74-0a22-4d0c-b717-e240fdc5d555.png,563135,0.9145386219024658,0.010134458541870117,0.7760021686553955
296039b7-61ef-49f4-bb48-59a533fb3813.png,883630,0.8923966884613037,0.0032248497009277344,0.7171754837036133
113af5b7-17a4-4819-9895-e1c5ecf1d0b5.png,753130,0.7648918628692627,0.005975008010864258,0.6300523281097412
0a8426c1-93b5-4f84-8d0e-f2e7a83fb6c3.png,410010,0.6961052417755127,0.002760171890258789,0.5840432643890381
12ae73f1-6a75-4664-895b-7caebfd435dc.png,594643,0.7713396549224854,0.012547016143798828,0.5816941261291504
11b30384-1954-4335-bbc1-e985d25bc652.png,561086,0.7578485012054443,0.003348112106323242,0.6622202396392822
0b2ea7dd-e924-46b3-9bee-da0e7e68341f.png,437895,0.7799513339996338,0.010653972625732422,0.6162195205688477
2ccc7c34-aa70-4ea3-8a76-9a7e311ab5fb.png,541543,0.8450312614440918,0.0034029483795166016,0.7286038398742676
2013f6d1-e482-42d0-8861-6c9f2dc0eb55.png,507864,0.7464590072631836,0.007641792297363281,0.6327142715454102
00d83a64-a624-4ef2-a9b0-2666cde02218.png,581972,0.7438974380493164,0.007742643356323242,0.5538556575775146
011d634d-51dc-4dc1-a139-ec9f54e907a0.png,781406,1.3873579502105713,0.007117271423339844,1.1868939399719238
0ec0279e-4891-4f97-a765-6e6a1500b2d0.png,492043,1.0004844665527344,0.006537675857543945,0.8568861484527588
2b79ac47-479a-411a-a05c-96492192124d.png,733663,0.8482422828674316,0.004736423492431641,0.6928102970123291
08e8ca79-9c10-4152-b6aa-a285b6eec951.png,661982,0.8682353496551514,0.007697105407714844,0.7162680625915527
000b7b74-0a22-4d0c-b717-e240fdc5d555.png,563135,0.9045603275299072,0.009527444839477539,0.7886254787445068
071fa44f-8cd9-477b-8fcb-b02a4ecd10d8.png,606955,1.04526686668396,0.003998279571533203,0.8350510597229004
198ba48e-1352-4cad-aaeb-304af1138fbb.png,484563,0.6108198165893555,0.005739450454711914,0.48587965965270996
1ce99872-9f12-41cb-854a-e410004089d4.png,659981,0.8306667804718018,0.0065457820892333984,0.6536176204681396
25d9cece-f660-460f-b9e1-736f33c71c10.png,419408,0.6141443252563477,0.005154132843017578,0.5150773525238037
2b8fd115-c1d6-411b-99ce-c2abbf7040da.png,908959,0.6203567981719971,0.009640932083129883,0.40206336975097656
1869588e-218e-40cb-be35-27539b278535.png,466842,0.6235449314117432,0.010869026184082031,0.4749941825866699
04f48a9f-5c84-4e8a-9b32-9c1ccf2e78da.png,675902,0.6181013584136963,0.007456302642822266,0.44345712661743164
0b2ea7dd-e924-46b3-9bee-da0e7e68341f.png,437895,1.0295531749725342,0.005375385284423828,0.8870155811309814
17131c0c-8418-47c6-97fc-21534540ae6a.png,808680,0.585838794708252,0.0067310333251953125,0.4089794158935547
04305dd9-2607-4bd2-99d6-58a989fced80.png,488295,0.7466926574707031,0.00621795654296875,0.6355931758880615
11b30384-1954-4335-bbc1-e985d25bc652.png,561086,1.0659992694854736,0.00980520248413086,0.9250137805938721
09376b19-149a-44d8-b958-133c98f049c0.png,584576,0.5850911140441895,0.008632421493530273,0.45804691314697266
20b1eded-0838-4fd6-b86e-fd60d9072a4b.png,588654,0.5936868190765381,0.007225990295410156,0.4312601089477539
296039b7-61ef-49f4-bb48-59a533fb3813.png,883630,1.4932231903076172,0.010898351669311523,1.290647268295288
23d4f5f9-c0ae-4050-bc7b-598fbf80e326.png,1271343,0.7428884506225586,0.010824441909790039,0.41803503036499023
071fa44f-8cd9-477b-8fcb-b02a4ecd10d8.png,606955,1.2252604961395264,0.011328458786010742,1.0215058326721191
1ce99872-9f12-41cb-854a-e410004089d4.png,659981,1.1169793605804443,0.009458780288696289,0.9172711372375488
2b8fd115-c1d6-411b-99ce-c2abbf7040da.png,908959,0.7519128322601318,0.008768320083618164,0.5213520526885986
04305dd9-2607-4bd2-99d6-58a989fced80.png,488295,0.9973273277282715,0.004438638687133789,0.8897385597229004
011d634d-51dc-4dc1-a139-ec9f54e907a0.png,781406,1.0269503593444824,0.0066683292388916016,0.8205699920654297
000b7b74-0a22-4d0c-b717-e240fdc5d555.png,563135,0.7866528034210205,0.0027878284454345703,0.6827001571655273
14b66200-2f5d-4088-8bbd-916a1708a9ac.png,480967,0.4857449531555176,0.015167951583862305,0.3707118034362793
07d9f765-5d5b-44ba-93c1-fb8f822ba594.png,458180,0.5607314109802246,0.00414586067199707,0.4174942970275879
2ccc7c34-aa70-4ea3-8a76-9a7e311ab5fb.png,541543,0.5658965110778809,0.008181333541870117,0.4094576835632324
17131c0c-8418-47c6-97fc-21534540ae6a.png,808680,0.6469142436981201,0.015465974807739258,0.4728281497955322
2d2c2284-d7ba-4fce-9290-a3928b8d548d.png,698377,0.5530543327331543,0.012747526168823242,0.37688255310058594
0a3c75bb-4bd0-47c8-a2ba-e2aee92ad43f.png,679566,0.6431074142456055,0.00958704948425293,0.4388883113861084
11b30384-1954-4335-bbc1-e985d25bc652.png,561086,0.5494368076324463,0.010615825653076172,0.4428675174713135
1775215d-5a39-4cc7-a4e3-9ff9a032653d.png,547343,0.4328136444091797,0.007871627807617188,0.3202986717224121
04f48a9f-5c84-4e8a-9b32-9c1ccf2e78da.png,675902,0.5579512119293213,0.016599416732788086,0.3606095314025879
08e8ca79-9c10-4152-b6aa-a285b6eec951.png,661982,0.5565030574798584,0.014965534210205078,0.37861156463623047
00d83a64-a624-4ef2-a9b0-2666cde02218.png,581972,0.7227914333343506,0.006707191467285156,0.5038256645202637
14c0c190-e885-4937-89c2-f3d26416ef98.png,389301,0.6409978866577148,0.013681173324584961,0.47698402404785156
0b2ea7dd-e924-46b3-9bee-da0e7e68341f.png,437895,0.6477930545806885,0.0063436031341552734,0.5065877437591553
2b8fd115-c1d6-411b-99ce-c2abbf7040da.png,908959,0.9857535362243652,0.0031480789184570312,0.7562899589538574
14b66200-2f5d-4088-8bbd-916a1708a9ac.png,480967,0.7819864749908447,0.01257467269897461,0.6092534065246582
2ccc7c34-aa70-4ea3-8a76-9a7e311ab5fb.png,541543,1.3861377239227295,0.006873130798339844,1.2582314014434814
0181d6f8-f366-448d-b0fd-8d0a8b45cea9.png,406667,0.9062702655792236,0.009032726287841797,0.7533025741577148
000b7b74-0a22-4d0c-b717-e240fdc5d555.png,563135,0.8707096576690674,0.0038957595825195312,0.762338399887085
1ce99872-9f12-41cb-854a-e410004089d4.png,659981,0.9841094017028809,0.012093544006347656,0.7896378040313721
17131c0c-8418-47c6-97fc-21534540ae6a.png,808680,1.0718324184417725,0.009039163589477539,0.8764941692352295
071fa44f-8cd9-477b-8fcb-b02a4ecd10d8.png,606955,0.8983273506164551,0.007023334503173828,0.6909036636352539
1fdaac27-9006-4725-9195-175566572458.png,436643,0.7066054344177246,0.0033104419708251953,0.5973315238952637
113af5b7-17a4-4819-9895-e1c5ecf1d0b5.png,753130,0.7144951820373535,0.004116535186767578,0.5431950092315674
177918b1-c468-4cd3-ab55-a2e5588ec40f.png,507358,0.581305980682373,0.008446693420410156,0.4512031078338623
04f48a9f-5c84-4e8a-9b32-9c1ccf2e78da.png,675902,0.8680224418640137,0.0031163692474365234,0.7348971366882324
0a3c75bb-4bd0-47c8-a2ba-e2aee92ad43f.png,679566,0.8688204288482666,0.008437395095825195,0.659867525100708
17e65213-e8ff-4aa4-a562-f2a1caca35c7.png,815607,0.7255315780639648,0.010347843170166016,0.5614845752716064
08e8ca79-9c10-4152-b6aa-a285b6eec951.png,661982,1.0094101428985596,0.009862899780273438,0.8745450973510742
28a6709a-88dc-4f90-99d3-5416b4e4a51d.png,1475530,1.0521776676177979,0.004365205764770508,0.7147600650787354
011d634d-51dc-4dc1-a139-ec9f54e907a0.png,781406,1.1486172676086426,0.008718490600585938,0.9569129943847656
0c10ba0e-8d8f-45f7-ab7d-e34bf486bc30.png,1002197,0.6811714172363281,0.012202024459838867,0.49930500984191895
14c0c190-e885-4937-89c2-f3d26416ef98.png,389301,1.1213209629058838,0.007630348205566406,0.9825279712677002
00d83a64-a624-4ef2-a9b0-2666cde02218.png,581972,0.6714942455291748,0.008470773696899414,0.49311113357543945
14b66200-2f5d-4088-8bbd-916a1708a9ac.png,480967,0.967231035232544,0.0070345401763916016,0.8649196624755859
0ec5a082-3489-46cf-94c6-884c384f17d5.png,598010,0.6822967529296875,0.009547233581542969,0.49797558784484863
2074ba95-9d2e-4039-8ad9-65ffaebb8c7f.png,341355,0.6859169006347656,0.007822990417480469,0.5379002094268799
1e88df35-4ac6-4350-bb32-41c09a22d7a4.png,490546,0.6893506050109863,0.011913537979125977,0.5290496349334717
0ec0279e-4891-4f97-a765-6e6a1500b2d0.png,492043,0.5498456954956055,0.002519369125366211,0.44640254974365234
17131c0c-8418-47c6-97fc-21534540ae6a.png,808680,1.4235081672668457,0.009593725204467773,1.2648441791534424
1dae0fcc-6723-45c0-bbad-b4ecc903ab78.png,640960,0.6470437049865723,0.0029668807983398438,0.4046905040740967
0191d8b3-42e7-451a-a775-23fa86522749.png,446310,0.5885028839111328,0.0038013458251953125,0.4614250659942627
0a3c75bb-4bd0-47c8-a2ba-e2aee92ad43f.png,679566,0.9839506149291992,0.009284019470214844,0.7937445640563965
2b8fd115-c1d6-411b-99ce-c2abbf7040da.png,908959,0.6463396549224854,0.0028581619262695312,0.4540238380432129
04f48a9f-5c84-4e8a-9b32-9c1ccf2e78da.png,675902,0.49651384353637695,0.0058689117431640625,0.364046573638916
071fa44f-8cd9-477b-8fcb-b02a4ecd10d8.png,606955,1.0002148151397705,0.00551295280456543,0.8210098743438721
11b30384-1954-4335-bbc1-e985d25bc652.png,561086,0.4984252452850342,0.0057947635650634766,0.3792750835418701
0181d6f8-f366-448d-b0fd-8d0a8b45cea9.png,406667,1.1228601932525635,0.0025331974029541016,0.9957320690155029
2e4673a1-7057-4436-b7d2-d4df4b08946a.png,613870,0.5670340061187744,0.0029811859130859375,0.3980686664581299
04305dd9-2607-4bd2-99d6-58a989fced80.png,488295,0.575918436050415,0.002855062484741211,0.47094011306762695
277e33c1-e61e-4be1-a3dd-0ee39dd997db.png,447135,0.5323596000671387,0.007192850112915039,0.42279958724975586
1ce99872-9f12-41cb-854a-e410004089d4.png,659981,0.5481715202331543,0.004458427429199219,0.4071512222290039
08e8ca79-9c10-4152-b6aa-a285b6eec951.png,661982,1.2656002044677734,0.0061740875244140625,1.0765388011932373
011d634d-51dc-4dc1-a139-ec9f54e907a0.png,781406,0.63503098487854,0.005438804626464844,0.4291830062866211
28a6709a-88dc-4f90-99d3-5416b4e4a51d.png,1475530,1.138211727142334,0.007592439651489258,0.7773740291595459
1dae0fcc-6723-45c0-bbad-b4ecc903ab78.png,640960,1.156975507736206,0.009324073791503906,0.9291362762451172
0ec0279e-4891-4f97-a765-6e6a1500b2d0.png,492043,0.8121271133422852,0.005053520202636719,0.667860746383667
0c10ba0e-8d8f-45f7-ab7d-e34bf486bc30.png,1002197,0.565701961517334,0.004101753234863281,0.3980693817138672
0a3c75bb-4bd0-47c8-a2ba-e2aee92ad43f.png,679566,1.3525657653808594,0.003428936004638672,1.1318275928497314
04f48a9f-5c84-4e8a-9b32-9c1ccf2e78da.png,675902,1.2943038940429688,0.0044596195220947266,1.1130526065826416
08e8ca79-9c10-4152-b6aa-a285b6eec951.png,661982,1.3253870010375977,0.008979558944702148,1.1433429718017578
17131c0c-8418-47c6-97fc-21534540ae6a.png,808680,0.6400456428527832,0.008301496505737305,0.4733409881591797
071fa44f-8cd9-477b-8fcb-b02a4ecd10d8.png,606955,0.9007463455200195,0.004338979721069336,0.7257392406463623
1fdaac27-9006-4725-9195-175566572458.png,436643,0.643071174621582,0.007213115692138672,0.5237619876861572
177918b1-c468-4cd3-ab55-a2e5588ec40f.png,507358,0.7167704105377197,0.0060384273529052734,0.6040220260620117
22390b77-31da-4a4f-86b5-bc4e8947983a.png,501583,0.7197883129119873,0.01576709747314453,0.5796997547149658
011d634d-51dc-4dc1-a139-ec9f54e907a0.png,781406,1.4163248538970947,0.008396387100219727,1.2119958400726318
296039b7-61ef-49f4-bb48-59a533fb3813.png,883630,0.6159815788269043,0.00760650634765625,0.4108579158782959
25d9cece-f660-460f-b9e1-736f33c71c10.png,419408,0.47730565071105957,0.004320621490478516,0.3854343891143799
19a98fb2-0e2c-4c72-acf0-6c530ed8d718.png,817224,0.6125519275665283,0.014102458953857422,0.42152976989746094
14c0c190-e885-4937-89c2-f3d26416ef98.png,389301,0.5056025981903076,0.0022525787353515625,0.3954503536224365
2b79ac47-479a-411a-a05c-96492192124d.png,733663,0.7667243480682373,0.009291887283325195,0.5914919376373291
14b66200-2f5d-4088-8bbd-916a1708a9ac.png,480967,0.6143267154693604,0.006671905517578125,0.5109069347381592
12ae73f1-6a75-4664-895b-7caebfd435dc.png,594643,0.7691829204559326,0.003664731979370117,0.5576117038726807
1ce99872-9f12-41cb-854a-e410004089d4.png,659981,0.7832093238830566,0.008365869522094727,0.6076369285583496
000b7b74-0a22-4d0c-b717-e240fdc5d555.png,563135,0.47870421409606934,0.008226871490478516,0.353771448135376
0181d6f8-f366-448d-b0fd-8d0a8b45cea9.png,406667,0.6136133670806885,0.0069234371185302734,0.5190987586975098
00d83a64-a624-4ef2-a9b0-2666cde02218.png,581972,0.7569923400878906,0.010067939758300781,0.5424931049346924
1869588e-218e-40cb-be35-27539b278535.png,466842,0.7240934371948242,0.0043179988861083984,0.6140034198760986
11b30384-1954-4335-bbc1-e985d25bc652.png,561086,0.5972514152526855,0.008334636688232422,0.4687798023223877
277e33c1-e61e-4be1-a3dd-0ee39dd997db.png,447135,1.1206200122833252,0.009807586669921875,0.9616351127624512
1fdaac27-9006-4725-9195-175566572458.png,436643,1.000356674194336,0.009500741958618164,0.8503592014312744
071fa44f-8cd9-477b-8fcb-b02a4ecd10d8.png,606955,1.1418533325195312,0.0037946701049804688,0.9365983009338379
0191d8b3-42e7-451a-a775-23fa86522749.png,446310,0.8646461963653564,0.009813308715820312,0.7558481693267822
0a3c75bb-4bd0-47c8-a2ba-e2aee92ad43f.png,679566,1.284621238708496,0.00426173210144043,1.1061019897460938
0c10ba0e-8d8f-45f7-ab7d-e34bf486bc30.png,1002197,1.03519868850708,0.011428594589233398,0.846104621887207
011d634d-51dc-4dc1-a139-ec9f54e907a0.png,781406,1.1675288677215576,0.004107952117919922,0.9682960510253906
296039b7-61ef-49f4-bb48-59a533fb3813.png,883630,0.9091002941131592,0.003809213638305664,0.7107157707214355
25d9cece-f660-460f-b9e1-736f33c71c10.png,419408,0.7607934474945068,0.007248401641845703,0.63089919090271
00d83a64-a624-4ef2-a9b0-2666cde02218.png,581972,1.0561845302581787,0.008744239807128906,0.8317546844482422
2b79ac47-479a-411a-a05c-96492192124d.png,733663,0.911675214767456,0.016318559646606445,0.7039535045623779
113af5b7-17a4-4819-9895-e1c5ecf1d0b5.png,753130,0.5955796241760254,0.005616903305053711,0.44890832901000977
09376b19-149a-44d8-b958-133c98f049c0.png,584576,0.6407864093780518,0.003997802734375,0.5098741054534912
0b2ea7dd-e924-46b3-9bee-da0e7e68341f.png,437895,0.7408225536346436,0.005419492721557617,0.5951473712921143
17e65213-e8ff-4aa4-a562-f2a1caca35c7.png,815607,0.5697712898254395,0.0061113834381103516,0.40648889541625977
1ce99872-9f12-41cb-854a-e410004089d4.png,659981,0.6787195205688477,0.007193565368652344,0.5131514072418213
19a98fb2-0e2c-4c72-acf0-6c530ed8d718.png,817224,0.699174165725708,0.0031855106353759766,0.512880802154541
1869588e-218e-40cb-be35-27539b278535.png,466842,0.5571508407592773,0.0040242671966552734,0.4440443515777588
2036aaef-025e-4187-89d0-344f697a4546.png,859635,0.7988224029541016,0.0073206424713134766,0.5975244045257568
04f48a9f-5c84-4e8a-9b32-9c1ccf2e78da.png,675902,0.8022091388702393,0.00944662094116211,0.6192457675933838
177918b1-c468-4cd3-ab55-a2e5588ec40f.png,507358,0.6681332588195801,0.0068895816802978516,0.5468864440917969
07d9f765-5d5b-44ba-93c1-fb8f822ba594.png,458180,0.543201208114624,0.004880428314208984,0.43097758293151855
04305dd9-2607-4bd2-99d6-58a989fced80.png,488295,0.6682767868041992,0.006689786911010742,0.5386946201324463
1775215d-5a39-4cc7-a4e3-9ff9a032653d.png,547343,0.6545648574829102,0.011035680770874023,0.5157265663146973
000b7b74-0a22-4d0c-b717-e240fdc5d555.png,563135,0.6485385894775391,0.005686521530151367,0.5500447750091553
17131c0c-8418-47c6-97fc-21534540ae6a.png,808680,0.6770100593566895,0.01055765151977539,0.49217844009399414
2013f6d1-e482-42d0-8861-6c9f2dc0eb55.png,507864,0.7682309150695801,0.012097358703613281,0.6205859184265137
1e81e0d2-e55e-4daf-ba82-461bd7c0caad.png,430854,0.8069248199462891,0.008342742919921875,0.620474100112915
25d9cece-f660-460f-b9e1-736f33c71c10.png,419408,0.5252108573913574,0.004898786544799805,0.39638352394104004
12ae73f1-6a75-4664-895b-7caebfd435dc.png,594643,0.5411844253540039,0.0065457820892333984,0.36974644660949707
17e65213-e8ff-4aa4-a562-f2a1caca35c7.png,815607,0.8030650615692139,0.007781505584716797,0.6446547508239746
2074ba95-9d2e-4039-8ad9-65ffaebb8c7f.png,341355,0.5217463970184326,0.003265857696533203,0.38782310485839844
0191d8b3-42e7-451a-a775-23fa86522749.png,446310,0.8001017570495605,0.004824399948120117,0.6895577907562256
2e4673a1-7057-4436-b7d2-d4df4b08946a.png,613870,0.5407228469848633,0.00631260871887207,0.33592772483825684
23d4f5f9-c0ae-4050-bc7b-598fbf80e326.png,1271343,0.8584249019622803,0.005422830581665039,0.5118050575256348
011d634d-51dc-4dc1-a139-ec9f54e907a0.png,781406,0.9210813045501709,0.006548881530761719,0.667870283126831
1ce99872-9f12-41cb-854a-e410004089d4.png,659981,0.8061497211456299,0.006133556365966797,0.6408970355987549
22390b77-31da-4a4f-86b5-bc4e8947983a.png,501583,0.642937421798706,0.0036029815673828125,0.5156435966491699
177918b1-c468-4cd3-ab55-a2e5588ec40f.png,507358,0.8321902751922607,0.010709047317504883,0.6823370456695557
17131c0c-8418-47c6-97fc-21534540ae6a.png,808680,1.0594863891601562,0.0043087005615234375,0.9046037197113037
04305dd9-2607-4bd2-99d6-58a989fced80.png,488295,0.9560220241546631,0.003741741180419922,0.8172309398651123
19a98fb2-0e2c-4c72-acf0-6c530ed8d718.png,817224,0.6441328525543213,0.005872488021850586,0.4776442050933838
0ec5a082-3489-46cf-94c6-884c384f17d5.png,598010,0.6389427185058594,0.0033445358276367188,0.48502230644226074
0191d8b3-42e7-451a-a775-23fa86522749.png,446310,1.510118007659912,0.004157066345214844,1.4096405506134033
000b7b74-0a22-4d0c-b717-e240fdc5d555.png,563135,0.861752986907959,0.002665281295776367,0.7605345249176025
2e4673a1-7057-4436-b7d2-d4df4b08946a.png,613870,0.9243619441986084,0.004026889801025391,0.7699103355407715
23d4f5f9-c0ae-4050-bc7b-598fbf80e326.png,1271343,1.2428195476531982,0.005077362060546875,0.9046106338500977
2036aaef-025e-4187-89d0-344f697a4546.png,859635,0.9594671726226807,0.007410287857055664,0.7274518013000488
2013f6d1-e482-42d0-8861-6c9f2dc0eb55.png,507864,0.9537978172302246,0.005116701126098633,0.8168792724609375
17e65213-e8ff-4aa4-a562-f2a1caca35c7.png,815607,0.9624724388122559,0.009314537048339844,0.7540197372436523
14c0c190-e885-4937-89c2-f3d26416ef98.png,389301,0.539928674697876,0.0066831111907958984,0.4055020809173584
2074ba95-9d2e-4039-8ad9-65ffaebb8c7f.png,341355,0.5493216514587402,0.013059377670288086,0.38912105560302734
04f48a9f-5c84-4e8a-9b32-9c1ccf2e78da.png,675902,0.701838493347168,0.00807952880859375,0.5203795433044434
071fa44f-8cd9-477b-8fcb-b02a4ecd10d8.png,606955,0.8292105197906494,0.0032188892364501953,0.6338546276092529
1775215d-5a39-4cc7-a4e3-9ff9a032653d.png,547343,0.6985735893249512,0.007793903350830078,0.5676994323730469
2b79ac47-479a-411a-a05c-96492192124d.png,733663,0.7025866508483887,0.011686086654663086,0.514693021774292
1869588e-218e-40cb-be35-27539b278535.png,466842,0.7102043628692627,0.006137371063232422,0.6035685539245605
0a8426c1-93b5-4f84-8d0e-f2e7a83fb6c3.png,410010,0.6971392631530762,0.00895833969116211,0.5503337383270264
1ce99872-9f12-41cb-854a-e410004089d4.png,659981,1.081892490386963,0.003432035446166992,0.9131007194519043
08e8ca79-9c10-4152-b6aa-a285b6eec951.png,661982,0.6967158317565918,0.006638050079345703,0.517331600189209
0a3c75bb-4bd0-47c8-a2ba-e2aee92ad43f.png,679566,0.7014415264129639,0.007028102874755859,0.4943511486053467
07d9f765-5d5b-44ba-93c1-fb8f822ba594.png,458180,0.5628280639648438,0.006474494934082031,0.44248080253601074
1fdaac27-9006-4725-9195-175566572458.png,436643,0.5692405700683594,0.0067179203033447266,0.4286201000213623
22390b77-31da-4a4f-86b5-bc4e8947983a.png,501583,0.7075164318084717,0.0030481815338134766,0.5854341983795166
1f98a9d5-4e20-4de9-a7d3-1f4eed9477fd.png,600693,0.6988110542297363,0.013814687728881836,0.5224137306213379
04305dd9-2607-4bd2-99d6-58a989fced80.png,488295,0.9750800132751465,0.004095315933227539,0.8345966339111328
1869588e-218e-40cb-be35-27539b278535.png,466842,1.029066562652588,0.0076770782470703125,0.910508394241333
14b66200-2f5d-4088-8bbd-916a1708a9ac.png,480967,0.6219925880432129,0.005762815475463867,0.48757433891296387
08e8ca79-9c10-4152-b6aa-a285b6eec951.png,661982,0.8715269565582275,0.006836414337158203,0.6914703845977783
2013f6d1-e482-42d0-8861-6c9f2dc0eb55.png,507864,0.49707961082458496,0.009322166442871094,0.385725736618042
0a8426c1-93b5-4f84-8d0e-f2e7a83fb6c3.png,410010,0.877922534942627,0.007222890853881836,0.7615835666656494
1ce99872-9f12-41cb-854a-e410004089d4.png,659981,1.450906753540039,0.009446382522583008,1.2389299869537354
20b1eded-0838-4fd6-b86e-fd60d9072a4b.png,588654,0.6172981262207031,0.008072376251220703,0.454864501953125
2036aaef-025e-4187-89d0-344f697a4546.png,859635,0.8192126750946045,0.003437042236328125,0.580608606338501
1775215d-5a39-4cc7-a4e3-9ff9a032653d.png,547343,0.9647717475891113,0.006807565689086914,0.8001868724822998
22390b77-31da-4a4f-86b5-bc4e8947983a.png,501583,0.7100095748901367,0.0052564144134521484,0.6110987663269043
11b30384-1954-4335-bbc1-e985d25bc652.png,561086,0.7118916511535645,0.006315708160400391,0.5782630443572998
2074ba95-9d2e-4039-8ad9-65ffaebb8c7f.png,341355,0.5899477005004883,0.012077569961547852,0.4621894359588623
1fdaac27-9006-4725-9195-175566572458.png,436643,0.5868597030639648,0.012631654739379883,0.4465751647949219
2b79ac47-479a-411a-a05c-96492192124d.png,733663,0.5868525505065918,0.010514020919799805,0.4440340995788574
25d9cece-f660-460f-b9e1-736f33c71c10.png,419408,0.5526440143585205,0.008038759231567383,0.43382787704467773
14b66200-2f5d-4088-8bbd-916a1708a9ac.png,480967,0.7333261966705322,0.01996636390686035,0.5804452896118164
1e88df35-4ac6-4350-bb32-41c09a22d7a4.png,490546,0.7222497463226318,0.010975122451782227,0.5101103782653809
04305dd9-2607-4bd2-99d6-58a989fced80.png,488295,0.5327613353729248,0.007877588272094727,0.41288018226623535
2e4673a1-7057-4436-b7d2-d4df4b08946a.png,613870,0.7357890605926514,0.01684093475341797,0.49781060218811035
000b7b74-0a22-4d0c-b717-e240fdc5d555.png,563135,0.532813549041748,0.009713172912597656,0.41904354095458984
0181d6f8-f366-448d-b0fd-8d0a8b45cea9.png,406667,0.5571193695068359,0.01202082633972168,0.4093496799468994
19a98fb2-0e2c-4c72-acf0-6c530ed8d718.png,817224,0.7370843887329102,0.015016555786132812,0.5329513549804688
09376b19-149a-44d8-b958-133c98f049c0.png,584576,0.5520932674407959,0.008156538009643555,0.4233262538909912
17e65213-e8ff-4aa4-a562-f2a1caca35c7.png,815607,0.6923282146453857,0.013871908187866211,0.4781947135925293
2013f6d1-e482-42d0-8861-6c9f2dc0eb55.png,507864,0.5775690078735352,0.0034737586975097656,0.47225141525268555
1f98a9d5-4e20-4de9-a7d3-1f4eed9477fd.png,600693,0.7153747081756592,0.00861501693725586,0.5595889091491699
1dae0fcc-6723-45c0-bbad-b4ecc903ab78.png,640960,0.7070794105529785,0.00807046890258789,0.51314377784729
04f48a9f-5c84-4e8a-9b32-9c1ccf2e78da.png,675902,0.7014057636260986,0.009676694869995117,0.5115618705749512
2b79ac47-479a-411a-a05c-96492192124d.png,733663,1.015364170074463,0.0056307315826416016,0.8684353828430176
113af5b7-17a4-4819-9895-e1c5ecf1d0b5.png,753130,0.7271411418914795,0.009090900421142578,0.5334744453430176
17131c0c-8418-47c6-97fc-21534540ae6a.png,808680,0.7057693004608154,0.014194726943969727,0.5144138336181641
08e8ca79-9c10-4152-b6aa-a285b6eec951.png,661982,0.5704498291015625,0.011930227279663086,0.383758544921875
0a8426c1-93b5-4f84-8d0e-f2e7a83fb6c3.png,410010,0.5628976821899414,0.00870060920715332,0.41335582733154297
28a6709a-88dc-4f90-99d3-5416b4e4a51d.png,1475530,0.7572269439697266,0.0058176517486572266,0.4080924987792969
22390b77-31da-4a4f-86b5-bc4e8947983a.png,501583,0.9032297134399414,0.007558584213256836,0.7489440441131592
0b2ea7dd-e924-46b3-9bee-da0e7e68341f.png,437895,0.5682315826416016,0.008683919906616211,0.447009801864624
19a98fb2-0e2c-4c72-acf0-6c530ed8d718.png,817224,0.7997901439666748,0.004652738571166992,0.6245338916778564
20b1eded-0838-4fd6-b86e-fd60d9072a4b.png,588654,0.7341432571411133,0.015284299850463867,0.5334005355834961
0c10ba0e-8d8f-45f7-ab7d-e34bf486bc30.png,1002197,0.6289892196655273,0.004012584686279297,0.45232391357421875
1e81e0d2-e55e-4daf-ba82-461bd7c0caad.png,430854,0.6470365524291992,0.00864100456237793,0.4549832344055176
296039b7-61ef-49f4-bb48-59a533fb3813.png,883630,0.7354230880737305,0.01228189468383789,0.5272374153137207
25d9cece-f660-460f-b9e1-736f33c71c10.png,419408,0.6497585773468018,0.009146690368652344,0.5147385597229004
1e88df35-4ac6-4350-bb32-41c09a22d7a4.png,490546,0.7355570793151855,0.00874471664428711,0.5275278091430664
000b7b74-0a22-4d0c-b717-e240fdc5d555.png,563135,0.4931924343109131,0.009752750396728516,0.38468337059020996
277e33c1-e61e-4be1-a3dd-0ee39dd997db.png,447135,0.637171745300293,0.006768703460693359,0.5048019886016846
23d4f5f9-c0ae-4050-bc7b-598fbf80e326.png,1271343,0.7266414165496826,0.007813453674316406,0.42330074310302734
0a3c75bb-4bd0-47c8-a2ba-e2aee92ad43f.png,679566,0.7441184520721436,0.00842595100402832,0.5336856842041016
113af5b7-17a4-4819-9895-e1c5ecf1d0b5.png,753130,1.0404715538024902,0.011240482330322266,0.8509228229522705
1dae0fcc-6723-45c0-bbad-b4ecc903ab78.png,640960,0.7132384777069092,0.011129379272460938,0.49542713165283203
1869588e-218e-40cb-be35-27539b278535.png,466842,0.5702784061431885,0.007403373718261719,0.4340786933898926
2b79ac47-479a-411a-a05c-96492192124d.png,733663,0.7149713039398193,0.00685429573059082,0.5256149768829346
2e4673a1-7057-4436-b7d2-d4df4b08946a.png,613870,0.5688455104827881,0.007215738296508789,0.40532350540161133
2013f6d1-e482-42d0-8861-6c9f2dc0eb55.png,507864,0.5709967613220215,0.008479118347167969,0.4683670997619629
22390b77-31da-4a4f-86b5-bc4e8947983a.png,501583,1.5773508548736572,0.004640817642211914,1.4408156871795654
0ec5a082-3489-46cf-94c6-884c384f17d5.png,598010,0.6806905269622803,0.006425142288208008,0.44559574127197266
000b7b74-0a22-4d0c-b717-e240fdc5d555.png,563135,0.7110106945037842,0.011122465133666992,0.5804681777954102
1e88df35-4ac6-4350-bb32-41c09a22d7a4.png,490546,0.9272379875183105,0.01082158088684082,0.7378923892974854
0a3c75bb-4bd0-47c8-a2ba-e2aee92ad43f.png,679566,0.9326424598693848,0.005708932876586914,0.7439353466033936
1f98a9d5-4e20-4de9-a7d3-1f4eed9477fd.png,600693,0.7696423530578613,0.009491682052612305,0.5899534225463867
296039b7-61ef-49f4-bb48-59a533fb3813.png,883630,0.6376044750213623,0.010570526123046875,0.4293491840362549
1e81e0d2-e55e-4daf-ba82-461bd7c0caad.png,430854,0.9660189151763916,0.006788492202758789,0.7688276767730713
0a8426c1-93b5-4f84-8d0e-f2e7a83fb6c3.png,410010,1.0114517211914062,0.008678913116455078,0.8977346420288086
0b2ea7dd-e924-46b3-9bee-da0e7e68341f.png,437895,0.8581957817077637,0.006208181381225586,0.7467935085296631
00d83a64-a624-4ef2-a9b0-2666cde02218.png,581972,0.6692304611206055,0.007817983627319336,0.48160243034362793
22390b77-31da-4a4f-86b5-bc4e8947983a.png,501583,0.9735391139984131,0.00513148307800293,0.8599092960357666
23d4f5f9-c0ae-4050-bc7b-598fbf80e326.png,1271343,1.0352087020874023,0.004305839538574219,0.7541594505310059
071fa44f-8cd9-477b-8fcb-b02a4ecd10d8.png,606955,0.6962754726409912,0.00998544692993164,0.48699522018432617
11b30384-1954-4335-bbc1-e985d25bc652.png,561086,0.6378309726715088,0.002768993377685547,0.5093283653259277
07d9f765-5d5b-44ba-93c1-fb8f822ba594.png,458180,0.6664059162139893,0.003953218460083008,0.5273349285125732
2e4673a1-7057-4436-b7d2-d4df4b08946a.png,613870,0.6953604221343994,0.009458303451538086,0.49956631660461426
2013f6d1-e482-42d0-8861-6c9f2dc0eb55.png,507864,0.6651155948638916,0.006236076354980469,0.5610005855560303
000b7b74-0a22-4d0c-b717-e240fdc5d555.png,563135,0.9033396244049072,0.010823488235473633,0.7648758888244629
277e33c1-e61e-4be1-a3dd-0ee39dd997db.png,447135,0.7222747802734375,0.0065538883209228516,0.5628607273101807
2d2c2284-d7ba-4fce-9290-a3928b8d548d.png,698377,0.6679723262786865,0.0069217681884765625,0.4882380962371826
113af5b7-17a4-4819-9895-e1c5ecf1d0b5.png,753130,0.6960041522979736,0.004216432571411133,0.5337944030761719
28a6709a-88dc-4f90-99d3-5416b4e4a51d.png,1475530,0.9096760749816895,0.020653724670410156,0.541140079498291
08e8ca79-9c10-4152-b6aa-a285b6eec951.png,661982,0.9064316749572754,0.010564565658569336,0.714695930480957
0a8426c1-93b5-4f84-8d0e-f2e7a83fb6c3.png,410010,1.0826129913330078,0.01606154441833496,0.9458763599395752
1e88df35-4ac6-4350-bb32-41c09a22d7a4.png,490546,1.4061224460601807,0.005409717559814453,1.211484432220459
12ae73f1-6a75-4664-895b-7caebfd435dc.png,594643,0.843456506729126,0.006931781768798828,0.6427323818206787
17e65213-e8ff-4aa4-a562-f2a1caca35c7.png,815607,0.9529452323913574,0.006178379058837891,0.7487392425537109
198ba48e-1352-4cad-aaeb-304af1138fbb.png,484563,0.6706154346466064,0.00406336784362793,0.5674762725830078
22390b77-31da-4a4f-86b5-bc4e8947983a.png,501583,1.4496917724609375,0.007573604583740234,1.3256611824035645
296039b7-61ef-49f4-bb48-59a533fb3813.png,883630,1.084085464477539,0.010563135147094727,0.8767471313476562
071fa44f-8cd9-477b-8fcb-b02a4ecd10d8.png,606955,1.0932528972625732,0.02061939239501953,0.8620524406433105
2b79ac47-479a-411a-a05c-96492192124d.png,733663,1.1116650104522705,0.012996435165405273,0.9323513507843018
1f98a9d5-4e20-4de9-a7d3-1f4eed9477fd.png,600693,1.0810136795043945,0.0058863162994384766,0.939976692199707
011d634d-51dc-4dc1-a139-ec9f54e907a0.png,781406,0.7444212436676025,0.0035848617553710938,0.5492959022521973
23d4f5f9-c0ae-4050-bc7b-598fbf80e326.png,1271343,1.4144978523254395,0.009176254272460938,1.0845723152160645
0a8426c1-93b5-4f84-8d0e-f2e7a83fb6c3.png,410010,1.6085855960845947,0.013696908950805664,1.453683853149414
0a3c75bb-4bd0-47c8-a2ba-e2aee92ad43f.png,679566,0.7478671073913574,0.006574392318725586,0.532151460647583
0c10ba0e-8d8f-45f7-ab7d-e34bf486bc30.png,1002197,0.8227720260620117,0.0045888423919677734,0.6456599235534668
1775215d-5a39-4cc7-a4e3-9ff9a032653d.png,547343,0.8242931365966797,0.003598928451538086,0.6871190071105957
2e4673a1-7057-4436-b7d2-d4df4b08946a.png,613870,0.7870688438415527,0.004004478454589844,0.6363153457641602
113af5b7-17a4-4819-9895-e1c5ecf1d0b5.png,753130,0.9232876300811768,0.003368854522705078,0.7699728012084961
08e8ca79-9c10-4152-b6aa-a285b6eec951.png,661982,0.9083335399627686,0.0040132999420166016,0.7251815795898438
2ccc7c34-aa70-4ea3-8a76-9a7e311ab5fb.png,541543,0.505312442779541,0.00945591926574707,0.3808023929595947
1e88df35-4ac6-4350-bb32-41c09a22d7a4.png,490546,0.9075884819030762,0.006658077239990234,0.7105495929718018
00d83a64-a624-4ef2-a9b0-2666cde02218.png,581972,0.6702287197113037,0.005650520324707031,0.4657754898071289
0b2ea7dd-e924-46b3-9bee-da0e7e68341f.png,437895,0.7167267799377441,0.005860805511474609,0.575523853302002
20b1eded-0838-4fd6-b86e-fd60d9072a4b.png,588654,0.7210285663604736,0.008635520935058594,0.5449717044830322
2b8fd115-c1d6-411b-99ce-c2abbf7040da.png,908959,0.6765549182891846,0.00627899169921875,0.45799708366394043
17131c0c-8418-47c6-97fc-21534540ae6a.png,808680,0.7195925712585449,0.008981943130493164,0.5262594223022461
1869588e-218e-40cb-be35-27539b278535.png,466842,0.5105323791503906,0.013588190078735352,0.3695964813232422
11b30384-1954-4335-bbc1-e985d25bc652.png,561086,0.6775286197662354,0.00550079345703125,0.5478010177612305
19a98fb2-0e2c-4c72-acf0-6c530ed8d718.png,817224,0.7220962047576904,0.006571054458618164,0.5639157295227051
22390b77-31da-4a4f-86b5-bc4e8947983a.png,501583,0.6698629856109619,0.008420705795288086,0.5386109352111816
0a8426c1-93b5-4f84-8d0e-f2e7a83fb6c3.png,410010,1.5912153720855713,0.005640268325805664,1.4539566040039062
198ba48e-1352-4cad-aaeb-304af1138fbb.png,484563,0.8067703247070312,0.006170988082885742,0.6745944023132324
113af5b7-17a4-4819-9895-e1c5ecf1d0b5.png,753130,1.024522304534912,0.006358146667480469,0.8393616676330566
2b8fd115-c1d6-411b-99ce-c2abbf7040da.png,908959,0.9160444736480713,0.007982492446899414,0.6605353355407715
2036aaef-025e-4187-89d0-344f697a4546.png,859635,0.7667210102081299,0.007343769073486328,0.5125954151153564
14b66200-2f5d-4088-8bbd-916a1708a9ac.png,480967,0.7712817192077637,0.013025760650634766,0.6372709274291992
1f98a9d5-4e20-4de9-a7d3-1f4eed9477fd.png,600693,1.1388068199157715,0.009579658508300781,0.9988958835601807
08e8ca79-9c10-4152-b6aa-a285b6eec951.png,661982,0.7668988704681396,0.007330894470214844,0.5975785255432129
1e81e0d2-e55e-4daf-ba82-461bd7c0caad.png,430854,0.8579137325286865,0.0023605823516845703,0.7053747177124023
2074ba95-9d2e-4039-8ad9-65ffaebb8c7f.png,341355,0.6184492111206055,0.004395246505737305,0.48431396484375
1ce99872-9f12-41cb-854a-e410004089d4.png,659981,0.6201362609863281,0.009418487548828125,0.4603590965270996
1e88df35-4ac6-4350-bb32-41c09a22d7a4.png,490546,0.7774615287780762,0.012804031372070312,0.5600380897521973
23d4f5f9-c0ae-4050-bc7b-598fbf80e326.png,1271343,0.9674220085144043,0.010693788528442383,0.6777729988098145
1fdaac27-9006-4725-9195-175566572458.png,436643,0.7915608882904053,0.016413211822509766,0.6401209831237793
1775215d-5a39-4cc7-a4e3-9ff9a032653d.png,547343,0.5961182117462158,0.004243373870849609,0.46696996688842773
22390b77-31da-4a4f-86b5-bc4e8947983a.png,501583,1.5526282787322998,0.0039904117584228516,1.4296019077301025
28a6709a-88dc-4f90-99d3-5416b4e4a51d.png,1475530,0.7823598384857178,0.00452876091003418,0.44366908073425293
25d9cece-f660-460f-b9e1-736f33c71c10.png,419408,0.5994184017181396,0.009505987167358398,0.45935988426208496
2013f6d1-e482-42d0-8861-6c9f2dc0eb55.png,507864,0.5953989028930664,0.008287906646728516,0.4939382076263428
04305dd9-2607-4bd2-99d6-58a989fced80.png,488295,0.5936126708984375,0.00929570198059082,0.46776270866394043
113af5b7-17a4-4819-9895-e1c5ecf1d0b5.png,753130,1.580207347869873,0.005031585693359375,1.4198760986328125
0c10ba0e-8d8f-45f7-ab7d-e34bf486bc30.png,1002197,0.7761044502258301,0.00881505012512207,0.6451389789581299
2b79ac47-479a-411a-a05c-96492192124d.png,733663,0.8009774684906006,0.004258871078491211,0.6313340663909912
2b8fd115-c1d6-411b-99ce-c2abbf7040da.png,908959,1.1236951351165771,0.0029795169830322266,0.8773820400238037
2d2c2284-d7ba-4fce-9290-a3928b8d548d.png,698377,0.7736175060272217,0.005312919616699219,0.5940661430358887
0a8426c1-93b5-4f84-8d0e-f2e7a83fb6c3.png,410010,0.7819187641143799,0.00976252555847168,0.644493818283081
1e88df35-4ac6-4350-bb32-41c09a22d7a4.png,490546,1.2534465789794922,0.006648063659667969,1.0520682334899902
1ce99872-9f12-41cb-854a-e410004089d4.png,659981,1.112034797668457,0.004949092864990234,0.9305226802825928
20b1eded-0838-4fd6-b86e-fd60d9072a4b.png,588654,0.7804839611053467,0.0033202171325683594,0.5843584537506104
198ba48e-1352-4cad-aaeb-304af1138fbb.png,484563,1.1105902194976807,0.007108449935913086,0.9795405864715576
000b7b74-0a22-4d0c-b717-e240fdc5d555.png,563135,0.6461760997772217,0.0036706924438476562,0.520240068435669
22390b77-31da-4a4f-86b5-bc4e8947983a.png,501583,2.545119285583496,0.0052547454833984375,2.4291954040527344
277e33c1-e61e-4be1-a3dd-0ee39dd997db.png,447135,0.650134801864624,0.011621475219726562,0.494732141494751
1e81e0d2-e55e-4daf-ba82-461bd7c0caad.png,430854,0.6542260646820068,0.017325162887573242,0.44217753410339355
1f98a9d5-4e20-4de9-a7d3-1f4eed9477fd.png,600693,0.668226957321167,0.009035348892211914,0.48206329345703125
296039b7-61ef-49f4-bb48-59a533fb3813.png,883630,0.7229318618774414,0.003467082977294922,0.5401275157928467
071fa44f-8cd9-477b-8fcb-b02a4ecd10d8.png,606955,0.8304915428161621,0.0036275386810302734,0.6304538249969482
0181d6f8-f366-448d-b0fd-8d0a8b45cea9.png,406667,0.5300242900848389,0.009639978408813477,0.42130017280578613
23d4f5f9-c0ae-4050-bc7b-598fbf80e326.png,1271343,0.9707040786743164,0.004807233810424805,0.6534743309020996
14b66200-2f5d-4088-8bbd-916a1708a9ac.png,480967,0.6683504581451416,0.005265474319458008,0.5034537315368652
2d2c2284-d7ba-4fce-9290-a3928b8d548d.png,698377,1.111253023147583,0.006505012512207031,0.9316620826721191
00d83a64-a624-4ef2-a9b0-2666cde02218.png,581972,0.6576967239379883,0.00651240348815918,0.4797520637512207
2013f6d1-e482-42d0-8861-6c9f2dc0eb55.png,507864,0.7909104824066162,0.009659051895141602,0.6443138122558594
277e33c1-e61e-4be1-a3dd-0ee39dd997db.png,447135,0.8506591320037842,0.015628576278686523,0.6962723731994629
2b79ac47-479a-411a-a05c-96492192124d.png,733663,0.9666018486022949,0.006223440170288086,0.782219409942627
1e81e0d2-e55e-4daf-ba82-461bd7c0caad.png,430854,0.9819047451019287,0.005222320556640625,0.8165886402130127
113af5b7-17a4-4819-9895-e1c5ecf1d0b5.png,753130,0.9750244617462158,0.00809335708618164,0.7924408912658691
2b8fd115-c1d6-411b-99ce-c2abbf7040da.png,908959,1.4485256671905518,0.01223301887512207,1.2059473991394043
2ccc7c34-aa70-4ea3-8a76-9a7e311ab5fb.png,541543,0.667269229888916,0.005544424057006836,0.5357294082641602
0a8426c1-93b5-4f84-8d0e-f2e7a83fb6c3.png,410010,0.9923110008239746,0.01481485366821289,0.8344981670379639
198ba48e-1352-4cad-aaeb-304af1138fbb.png,484563,0.9977900981903076,0.012760400772094727,0.8535497188568115
1f98a9d5-4e20-4de9-a7d3-1f4eed9477fd.png,600693,1.6178486347198486,0.0044422149658203125,1.4482107162475586
2e4673a1-7057-4436-b7d2-d4df4b08946a.png,613870,0.8432025909423828,0.008754968643188477,0.6401188373565674
1775215d-5a39-4cc7-a4e3-9ff9a032653d.png,547343,0.7003753185272217,0.005148887634277344,0.5900981426239014
0191d8b3-42e7-451a-a775-23fa86522749.png,446310,0.5231859683990479,0.0037910938262939453,0.397996187210083
2013f6d1-e482-42d0-8861-6c9f2dc0eb55.png,507864,1.0423777103424072,0.01441645622253418,0.9358730316162109
20b1eded-0838-4fd6-b86e-fd60d9072a4b.png,588654,0.6987781524658203,0.004293680191040039,0.5341205596923828
1ce99872-9f12-41cb-854a-e410004089d4.png,659981,1.6467902660369873,0.01236867904663086,1.4572904109954834
25d9cece-f660-460f-b9e1-736f33c71c10.png,419408,0.7037277221679688,0.01009368896484375,0.5713412761688232
14c0c190-e885-4937-89c2-f3d26416ef98.png,389301,0.702080488204956,0.006661653518676758,0.5603222846984863
22390b77-31da-4a4f-86b5-bc4e8947983a.png,501583,0.8488178253173828,0.0042247772216796875,0.7455136775970459
17e65213-e8ff-4aa4-a562-f2a1caca35c7.png,815607,0.8462347984313965,0.010100603103637695,0.6191580295562744
14b66200-2f5d-4088-8bbd-916a1708a9ac.png,480967,0.68100905418396,0.00714111328125,0.5804224014282227
2b8fd115-c1d6-411b-99ce-c2abbf7040da.png,908959,1.2236740589141846,0.007215261459350586,0.9987392425537109
1869588e-218e-40cb-be35-27539b278535.png,466842,0.6746137142181396,0.003759145736694336,0.5688447952270508
0a8426c1-93b5-4f84-8d0e-f2e7a83fb6c3.png,410010,1.0255751609802246,0.006650209426879883,0.8903348445892334
00d83a64-a624-4ef2-a9b0-2666cde02218.png,581972,0.6853909492492676,0.006879568099975586,0.48299169540405273
071fa44f-8cd9-477b-8fcb-b02a4ecd10d8.png,606955,0.6956329345703125,0.005613803863525391,0.5240404605865479
1e81e0d2-e55e-4daf-ba82-461bd7c0caad.png,430854,1.989107370376587,0.004320621490478516,1.8361363410949707
09376b19-149a-44d8-b958-133c98f049c0.png,584576,0.5612890720367432,0.003994464874267578,0.4342987537384033
2036aaef-025e-4187-89d0-344f697a4546.png,859635,0.6934468746185303,0.005265235900878906,0.48218393325805664
0a3c75bb-4bd0-47c8-a2ba-e2aee92ad43f.png,679566,0.7828607559204102,0.005858898162841797,0.5784077644348145
1f98a9d5-4e20-4de9-a7d3-1f4eed9477fd.png,600693,0.5676274299621582,0.007150411605834961,0.4250633716583252
0191d8b3-42e7-451a-a775-23fa86522749.png,446310,0.8875603675842285,0.007283210754394531,0.7568380832672119
011d634d-51dc-4dc1-a139-ec9f54e907a0.png,781406,0.7724170684814453,0.0036635398864746094,0.5697484016418457
277e33c1-e61e-4be1-a3dd-0ee39dd997db.png,447135,1.0960693359375,0.003983259201049805,0.9865679740905762
22390b77-31da-4a4f-86b5-bc4e8947983a.png,501583,1.2433300018310547,0.007572650909423828,1.1082606315612793
20b1eded-0838-4fd6-b86e-fd60d9072a4b.png,588654,1.0897138118743896,0.007081270217895508,0.8908758163452148
23d4f5f9-c0ae-4050-bc7b-598fbf80e326.png,1271343,0.7944462299346924,0.004711151123046875,0.4841790199279785
04305dd9-2607-4bd2-99d6-58a989fced80.png,488295,0.7832136154174805,0.008437871932983398,0.6720757484436035
17e65213-e8ff-4aa4-a562-f2a1caca35c7.png,815607,1.1181588172912598,0.008696317672729492,0.9176263809204102
25d9cece-f660-460f-b9e1-736f33c71c10.png,419408,0.5820033550262451,0.007978200912475586,0.4788987636566162
07d9f765-5d5b-44ba-93c1-fb8f822ba594.png,458180,0.5997004508972168,0.013787269592285156,0.4454779624938965
2e4673a1-7057-4436-b7d2-d4df4b08946a.png,613870,0.7784996032714844,0.006821870803833008,0.5622906684875488
071fa44f-8cd9-477b-8fcb-b02a4ecd10d8.png,606955,1.6538667678833008,0.01257467269897461,1.465829849243164
2036aaef-025e-4187-89d0-344f697a4546.png,859635,1.0264856815338135,0.009476661682128906,0.7755610942840576
1fdaac27-9006-4725-9195-175566572458.png,436643,0.8396637439727783,0.020229578018188477,0.6872546672821045
0a8426c1-93b5-4f84-8d0e-f2e7a83fb6c3.png,410010,1.015746831893921,0.004114389419555664,0.9089152812957764
08e8ca79-9c10-4152-b6aa-a285b6eec951.png,661982,0.8432226181030273,0.004921913146972656,0.6928198337554932
1e88df35-4ac6-4350-bb32-41c09a22d7a4.png,490546,0.8368911743164062,0.008375883102416992,0.6209022998809814
2ccc7c34-aa70-4ea3-8a76-9a7e311ab5fb.png,541543,0.8403911590576172,0.0073587894439697266,0.6640851497650146
2b8fd115-c1d6-411b-99ce-c2abbf7040da.png,908959,1.0230200290679932,0.007737636566162109,0.768425464630127
17e65213-e8ff-4aa4-a562-f2a1caca35c7.png,815607,1.1622884273529053,0.008922815322875977,0.9443361759185791
04f48a9f-5c84-4e8a-9b32-9c1ccf2e78da.png,675902,0.7776868343353271,0.008683919906616211,0.6009695529937744
22390b77-31da-4a4f-86b5-bc4e8947983a.png,501583,1.1605737209320068,0.011655330657958984,1.050574779510498
2b79ac47-479a-411a-a05c-96492192124d.png,733663,0.7875144481658936,0.007949590682983398,0.5955061912536621
2074ba95-9d2e-4039-8ad9-65ffaebb8c7f.png,341355,0.7901999950408936,0.006224393844604492,0.6616299152374268
1dae0fcc-6723-45c0-bbad-b4ecc903ab78.png,640960,0.9669437408447266,0.013710260391235352,0.7247459888458252
113af5b7-17a4-4819-9895-e1c5ecf1d0b5.png,753130,0.78562331199646,0.007624626159667969,0.6259737014770508
14c0c190-e885-4937-89c2-f3d26416ef98.png,389301,0.7825882434844971,0.00843667984008789,0.6617553234100342
23d4f5f9-c0ae-4050-bc7b-598fbf80e326.png,1271343,1.2102339267730713,0.0154571533203125,0.8824529647827148
277e33c1-e61e-4be1-a3dd-0ee39dd997db.png,447135,0.6115241050720215,0.011933565139770508,0.47495150566101074
011d634d-51dc-4dc1-a139-ec9f54e907a0.png,781406,1.2090373039245605,0.00949239730834961,1.0399022102355957
14b66200-2f5d-4088-8bbd-916a1708a9ac.png,480967,0.8392560482025146,0.004171609878540039,0.7319517135620117
12ae73f1-6a75-4664-895b-7caebfd435dc.png,594643,0.8285388946533203,0.006001472473144531,0.6567597389221191
0ec5a082-3489-46cf-94c6-884c384f17d5.png,598010,1.0430188179016113,0.0052678585052490234,0.8306324481964111
0ec0279e-4891-4f97-a765-6e6a1500b2d0.png,492043,0.8242697715759277,0.007410764694213867,0.687579870223999
0b2ea7dd-e924-46b3-9bee-da0e7e68341f.png,437895,0.6068472862243652,0.010943889617919922,0.460890531539917
28a6709a-88dc-4f90-99d3-5416b4e4a51d.png,1475530,0.8307511806488037,0.010425329208374023,0.49054455757141113
0191d8b3-42e7-451a-a775-23fa86522749.png,446310,0.6105272769927979,0.00976109504699707,0.5081379413604736
14c0c190-e885-4937-89c2-f3d26416ef98.png,389301,1.205324411392212,0.009377241134643555,1.065025806427002
2074ba95-9d2e-4039-8ad9-65ffaebb8c7f.png,341355,1.128495216369629,0.0028166770935058594,1.0148565769195557
1fdaac27-9006-4725-9195-175566572458.png,436643,0.9319510459899902,0.00497889518737793,0.8136200904846191
1e81e0d2-e55e-4daf-ba82-461bd7c0caad.png,430854,0.7044937610626221,0.00811910629272461,0.5557525157928467
1e88df35-4ac6-4350-bb32-41c09a22d7a4.png,490546,1.3623437881469727,0.009676694869995117,1.1593832969665527
2b79ac47-479a-411a-a05c-96492192124d.png,733663,0.9397494792938232,0.010043144226074219,0.7597470283508301
0ec0279e-4891-4f97-a765-6e6a1500b2d0.png,492043,1.1607811450958252,0.0063707828521728516,1.0501530170440674
2b8fd115-c1d6-411b-99ce-c2abbf7040da.png,908959,1.364614486694336,0.0049762725830078125,1.149590015411377
1775215d-5a39-4cc7-a4e3-9ff9a032653d.png,547343,0.6915092468261719,0.0048601627349853516,0.5442619323730469
20b1eded-0838-4fd6-b86e-fd60d9072a4b.png,588654,0.7054347991943359,0.005890607833862305,0.5345587730407715
011d634d-51dc-4dc1-a139-ec9f54e907a0.png,781406,1.8234477043151855,0.007784605026245117,1.631270170211792
0181d6f8-f366-448d-b0fd-8d0a8b45cea9.png,406667,0.8598265647888184,0.015767335891723633,0.7207860946655273
22390b77-31da-4a4f-86b5-bc4e8947983a.png,501583,0.8494203090667725,0.00448918342590332,0.7198207378387451
09376b19-149a-44d8-b958-133c98f049c0.png,584576,0.6129722595214844,0.017664670944213867,0.45635080337524414
17131c0c-8418-47c6-97fc-21534540ae6a.png,808680,0.8663218021392822,0.00761866569519043,0.6871120929718018
23d4f5f9-c0ae-4050-bc7b-598fbf80e326.png,1271343,1.2323648929595947,0.007517337799072266,0.9305102825164795
0c10ba0e-8d8f-45f7-ab7d-e34bf486bc30.png,1002197,0.8558990955352783,0.006875753402709961,0.6928913593292236
0ec5a082-3489-46cf-94c6-884c384f17d5.png,598010,0.8619773387908936,0.012719392776489258,0.6555023193359375
0a3c75bb-4bd0-47c8-a2ba-e2aee92ad43f.png,679566,1.0345935821533203,0.006748676300048828,0.8599438667297363
1e88df35-4ac6-4350-bb32-41c09a22d7a4.png,490546,1.6424965858459473,0.002724170684814453,1.4356179237365723
25d9cece-f660-460f-b9e1-736f33c71c10.png,419408,1.0423753261566162,0.008926868438720703,0.9169723987579346
1e81e0d2-e55e-4daf-ba82-461bd7c0caad.png,430854,1.1726768016815186,0.008447408676147461,0.9916269779205322
0191d8b3-42e7-451a-a775-23fa86522749.png,446310,1.1761176586151123,0.009118318557739258,1.0364632606506348
2b79ac47-479a-411a-a05c-96492192124d.png,733663,1.4166314601898193,0.008110523223876953,1.2300901412963867
2d2c2284-d7ba-4fce-9290-a3928b8d548d.png,698377,0.7859153747558594,0.013455629348754883,0.6164641380310059
2b8fd115-c1d6-411b-99ce-c2abbf7040da.png,908959,1.1695477962493896,0.00576472282409668,0.9057033061981201
09376b19-149a-44d8-b958-133c98f049c0.png,584576,0.9823398590087891,0.006480216979980469,0.8789348602294922
1fdaac27-9006-4725-9195-175566572458.png,436643,0.8301393985748291,0.002671957015991211,0.7317636013031006
04f48a9f-5c84-4e8a-9b32-9c1ccf2e78da.png,675902,0.9997715950012207,0.013125181198120117,0.8019189834594727
0181d6f8-f366-448d-b0fd-8d0a8b45cea9.png,406667,0.9969823360443115,0.014519929885864258,0.8850860595703125
07d9f765-5d5b-44ba-93c1-fb8f822ba594.png,458180,0.8296871185302734,0.002403736114501953,0.7290816307067871
20b1eded-0838-4fd6-b86e-fd60d9072a4b.png,588654,1.2417521476745605,0.007768392562866211,1.0635693073272705
28a6709a-88dc-4f90-99d3-5416b4e4a51d.png,1475530,1.0070092678070068,0.008598089218139648,0.6516327857971191
296039b7-61ef-49f4-bb48-59a533fb3813.png,883630,1.0008039474487305,0.014149904251098633,0.7904033660888672
0a8426c1-93b5-4f84-8d0e-f2e7a83fb6c3.png,410010,0.8136742115020752,0.008823156356811523,0.6715686321258545
23d4f5f9-c0ae-4050-bc7b-598fbf80e326.png,1271343,1.122335433959961,0.0065877437591552734,0.8501009941101074
2b8fd115-c1d6-411b-99ce-c2abbf7040da.png,908959,1.1304588317871094,0.010360479354858398,0.8759369850158691
113af5b7-17a4-4819-9895-e1c5ecf1d0b5.png,753130,0.8043272495269775,0.0044291019439697266,0.630528450012207
1e81e0d2-e55e-4daf-ba82-461bd7c0caad.png,430854,1.5203020572662354,0.008493185043334961,1.3295109272003174
04305dd9-2607-4bd2-99d6-58a989fced80.png,488295,0.820915699005127,0.012552261352539062,0.676886796951294
1775215d-5a39-4cc7-a4e3-9ff9a032653d.png,547343,0.8058609962463379,0.0037889480590820312,0.670600414276123
0ec5a082-3489-46cf-94c6-884c384f17d5.png,598010,0.8201003074645996,0.009603738784790039,0.6075186729431152
2b79ac47-479a-411a-a05c-96492192124d.png,733663,0.6709983348846436,0.01588273048400879,0.4765639305114746
1e88df35-4ac6-4350-bb32-41c09a22d7a4.png,490546,1.006732702255249,0.010833024978637695,0.7890594005584717
00d83a64-a624-4ef2-a9b0-2666cde02218.png,581972,0.70751953125,0.009136676788330078,0.5149762630462646
177918b1-c468-4cd3-ab55-a2e5588ec40f.png,507358,0.7134735584259033,0.007066249847412109,0.59765625
25d9cece-f660-460f-b9e1-736f33c71c10.png,419408,0.7130427360534668,0.010555267333984375,0.5779528617858887
011d634d-51dc-4dc1-a139-ec9f54e907a0.png,781406,0.7156467437744141,0.01604914665222168,0.49257397651672363
0b2ea7dd-e924-46b3-9bee-da0e7e68341f.png,437895,0.7126321792602539,0.007861852645874023,0.5534522533416748
2ccc7c34-aa70-4ea3-8a76-9a7e311ab5fb.png,541543,0.669055700302124,0.008168935775756836,0.5262131690979004
2b8fd115-c1d6-411b-99ce-c2abbf7040da.png,908959,1.470590353012085,0.025381088256835938,1.1913795471191406
0ec5a082-3489-46cf-94c6-884c384f17d5.png,598010,0.8608152866363525,0.017694950103759766,0.6405878067016602
0181d6f8-f366-448d-b0fd-8d0a8b45cea9.png,406667,1.3269712924957275,0.005944967269897461,1.2237839698791504
0ec0279e-4891-4f97-a765-6e6a1500b2d0.png,492043,0.8466184139251709,0.007291316986083984,0.7018282413482666
000b7b74-0a22-4d0c-b717-e240fdc5d555.png,563135,0.7937746047973633,0.014200448989868164,0.6509051322937012
071fa44f-8cd9-477b-8fcb-b02a4ecd10d8.png,606955,1.0063560009002686,0.017083406448364258,0.792050838470459
2b79ac47-479a-411a-a05c-96492192124d.png,733663,1.0237996578216553,0.013050317764282227,0.850836992263794
00d83a64-a624-4ef2-a9b0-2666cde02218.png,581972,1.0006687641143799,0.011502981185913086,0.7911586761474609
08e8ca79-9c10-4152-b6aa-a285b6eec951.png,661982,0.662848711013794,0.014464616775512695,0.5240449905395508
23d4f5f9-c0ae-4050-bc7b-598fbf80e326.png,1271343,1.022799015045166,0.008345603942871094,0.720991849899292
17131c0c-8418-47c6-97fc-21534540ae6a.png,808680,0.6564216613769531,0.01081228256225586,0.4921739101409912
14b66200-2f5d-4088-8bbd-916a1708a9ac.png,480967,0.6598069667816162,0.012783050537109375,0.556607723236084
1fdaac27-9006-4725-9195-175566572458.png,436643,0.6643455028533936,0.0056476593017578125,0.5263500213623047
1869588e-218e-40cb-be35-27539b278535.png,466842,0.8108134269714355,0.02074265480041504,0.623955249786377
28a6709a-88dc-4f90-99d3-5416b4e4a51d.png,1475530,1.4926784038543701,0.009088277816772461,1.1990158557891846
1e81e0d2-e55e-4daf-ba82-461bd7c0caad.png,430854,1.1932158470153809,0.00806427001953125,0.9970295429229736
04f48a9f-5c84-4e8a-9b32-9c1ccf2e78da.png,675902,0.8168418407440186,0.007770061492919922,0.6209642887115479
1dae0fcc-6723-45c0-bbad-b4ecc903ab78.png,640960,1.0200245380401611,0.019071102142333984,0.7891011238098145
11b30384-1954-4335-bbc1-e985d25bc652.png,561086,0.803922176361084,0.011852025985717773,0.666717529296875
12ae73f1-6a75-4664-895b-7caebfd435dc.png,594643,0.7957015037536621,0.010162115097045898,0.5809688568115234
25d9cece-f660-460f-b9e1-736f33c71c10.png,419408,1.1963403224945068,0.0052318572998046875,1.1063816547393799
296039b7-61ef-49f4-bb48-59a533fb3813.png,883630,0.6205575466156006,0.012326717376708984,0.42499685287475586
22390b77-31da-4a4f-86b5-bc4e8947983a.png,501583,0.6274523735046387,0.005929231643676758,0.5190913677215576
2b8fd115-c1d6-411b-99ce-c2abbf7040da.png,908959,0.9741370677947998,0.012764930725097656,0.7037928104400635
1f98a9d5-4e20-4de9-a7d3-1f4eed9477fd.png,600693,0.6360328197479248,0.004649639129638672,0.4963350296020508
2ccc7c34-aa70-4ea3-8a76-9a7e311ab5fb.png,541543,0.8267819881439209,0.011696338653564453,0.6605041027069092
1fdaac27-9006-4725-9195-175566572458.png,436643,1.0644822120666504,0.005600929260253906,0.9473624229431152
1869588e-218e-40cb-be35-27539b278535.png,466842,1.0754945278167725,0.011220932006835938,0.9318749904632568
1775215d-5a39-4cc7-a4e3-9ff9a032653d.png,547343,0.7610714435577393,0.002878904342651367,0.6553373336791992
04f48a9f-5c84-4e8a-9b32-9c1ccf2e78da.png,675902,1.2220349311828613,0.017433881759643555,1.0126574039459229
2b79ac47-479a-411a-a05c-96492192124d.png,733663,0.949333906173706,0.0035898685455322266,0.7457597255706787
1e81e0d2-e55e-4daf-ba82-461bd7c0caad.png,430854,0.9785404205322266,0.0031709671020507812,0.8245909214019775
2b8fd115-c1d6-411b-99ce-c2abbf7040da.png,908959,1.1106553077697754,0.005842685699462891,0.8916022777557373
071fa44f-8cd9-477b-8fcb-b02a4ecd10d8.png,606955,1.1018846035003662,0.008071422576904297,0.9065773487091064
0a3c75bb-4bd0-47c8-a2ba-e2aee92ad43f.png,679566,0.7835795879364014,0.005206584930419922,0.5590050220489502
23d4f5f9-c0ae-4050-bc7b-598fbf80e326.png,1271343,1.4400866031646729,0.010766983032226562,1.0811090469360352
08e8ca79-9c10-4152-b6aa-a285b6eec951.png,661982,1.105870008468628,0.010178089141845703,0.9531970024108887
25d9cece-f660-460f-b9e1-736f33c71c10.png,419408,0.784184455871582,0.003454923629760742,0.696824312210083
11b30384-1954-4335-bbc1-e985d25bc652.png,561086,0.8089704513549805,0.01929926872253418,0.6556987762451172
2ccc7c34-aa70-4ea3-8a76-9a7e311ab5fb.png,541543,0.804469108581543,0.012675285339355469,0.6172547340393066
17e65213-e8ff-4aa4-a562-f2a1caca35c7.png,815607,0.8201730251312256,0.008481740951538086,0.5911862850189209
09376b19-149a-44d8-b958-133c98f049c0.png,584576,0.7864367961883545,0.010214805603027344,0.672954797744751
14c0c190-e885-4937-89c2-f3d26416ef98.png,389301,0.6766221523284912,0.013713598251342773,0.5314853191375732
0ec0279e-4891-4f97-a765-6e6a1500b2d0.png,492043,0.799044132232666,0.02013230323791504,0.6371972560882568
0191d8b3-42e7-451a-a775-23fa86522749.png,446310,0.6739785671234131,0.008966922760009766,0.5672469139099121
1dae0fcc-6723-45c0-bbad-b4ecc903ab78.png,640960,0.8261914253234863,0.02026987075805664,0.5535948276519775
04305dd9-2607-4bd2-99d6-58a989fced80.png,488295,0.693993330001831,0.002952098846435547,0.5579655170440674
17131c0c-8418-47c6-97fc-21534540ae6a.png,808680,0.8045177459716797,0.014487028121948242,0.64727783203125
04f48a9f-5c84-4e8a-9b32-9c1ccf2e78da.png,675902,1.4969899654388428,0.006021976470947266,1.3361845016479492
22390b77-31da-4a4f-86b5-bc4e8947983a.png,501583,0.7938110828399658,0.01295614242553711,0.65877366065979
0a8426c1-93b5-4f84-8d0e-f2e7a83fb6c3.png,410010,0.7884392738342285,0.009464502334594727,0.6385788917541504
113af5b7-17a4-4819-9895-e1c5ecf1d0b5.png,753130,0.8290977478027344,0.010936975479125977,0.6180324554443359
0b2ea7dd-e924-46b3-9bee-da0e7e68341f.png,437895,0.824845552444458,0.006178855895996094,0.6705503463745117
12ae73f1-6a75-4664-895b-7caebfd435dc.png,594643,0.837078332901001,0.009447097778320312,0.6097538471221924
08e8ca79-9c10-4152-b6aa-a285b6eec951.png,661982,1.1577363014221191,0.005499839782714844,0.9906988143920898
1869588e-218e-40cb-be35-27539b278535.png,466842,0.975938081741333,0.020709514617919922,0.8020551204681396
1fdaac27-9006-4725-9195-175566572458.png,436643,0.9966936111450195,0.009577512741088867,0.8535795211791992
23d4f5f9-c0ae-4050-bc7b-598fbf80e326.png,1271343,1.0015990734100342,0.009182214736938477,0.6618590354919434
0181d6f8-f366-448d-b0fd-8d0a8b45cea9.png,406667,0.790668249130249,0.008547544479370117,0.6521830558776855
17131c0c-8418-47c6-97fc-21534540ae6a.png,808680,1.1653354167938232,0.014719009399414062,1.0044763088226318
2b79ac47-479a-411a-a05c-96492192124d.png,733663,1.038830041885376,0.006486177444458008,0.885565996170044
04305dd9-2607-4bd2-99d6-58a989fced80.png,488295,1.1752347946166992,0.018033742904663086,1.0307717323303223
07d9f765-5d5b-44ba-93c1-fb8f822ba594.png,458180,0.7959363460540771,0.0062808990478515625,0.6487782001495361
277e33c1-e61e-4be1-a3dd-0ee39dd997db.png,447135,0.7858781814575195,0.0058252811431884766,0.6471827030181885
04f48a9f-5c84-4e8a-9b32-9c1ccf2e78da.png,675902,1.0153608322143555,0.011269807815551758,0.8304722309112549
113af5b7-17a4-4819-9895-e1c5ecf1d0b5.png,753130,0.7979981899261475,0.015061140060424805,0.6186439990997314
1dae0fcc-6723-45c0-bbad-b4ecc903ab78.png,640960,1.0150814056396484,0.006930351257324219,0.833857536315918
17e65213-e8ff-4aa4-a562-f2a1caca35c7.png,815607,0.8015899658203125,0.011821269989013672,0.5852861404418945
00d83a64-a624-4ef2-a9b0-2666cde02218.png,581972,0.8033459186553955,0.014414072036743164,0.6039643287658691
1e88df35-4ac6-4350-bb32-41c09a22d7a4.png,490546,0.7946767807006836,0.0077707767486572266,0.6286876201629639
0ec0279e-4891-4f97-a765-6e6a1500b2d0.png,492043,0.7972927093505859,0.014894485473632812,0.6496179103851318
1fdaac27-9006-4725-9195-175566572458.png,436643,0.9275364875793457,0.007208108901977539,0.8148510456085205
0a8426c1-93b5-4f84-8d0e-f2e7a83fb6c3.png,410010,0.7673130035400391,0.010742902755737305,0.6085169315338135
1e81e0d2-e55e-4daf-ba82-461bd7c0caad.png,430854,0.7426419258117676,0.012314796447753906,0.5553832054138184
04305dd9-2607-4bd2-99d6-58a989fced80.png,488295,1.4604387283325195,0.009433269500732422,1.348074197769165
08e8ca79-9c10-4152-b6aa-a285b6eec951.png,661982,0.7396237850189209,0.008448362350463867,0.5604479312896729
25d9cece-f660-460f-b9e1-736f33c71c10.png,419408,0.7717154026031494,0.011284828186035156,0.6243867874145508
011d634d-51dc-4dc1-a139-ec9f54e907a0.png,781406,0.774655818939209,0.012894392013549805,0.5419800281524658
0a3c75bb-4bd0-47c8-a2ba-e2aee92ad43f.png,679566,0.7657463550567627,0.014456510543823242,0.5419824123382568
2d2c2284-d7ba-4fce-9290-a3928b8d548d.png,698377,0.7796926498413086,0.01720285415649414,0.567995548248291
2ccc7c34-aa70-4ea3-8a76-9a7e311ab5fb.png,541543,0.767603874206543,0.01288461685180664,0.612097978591919
23d4f5f9-c0ae-4050-bc7b-598fbf80e326.png,1271343,0.993283748626709,0.0192110538482666,0.6515071392059326
12ae73f1-6a75-4664-895b-7caebfd435dc.png,594643,0.838477373123169,0.0049741268157958984,0.668665885925293
2b79ac47-479a-411a-a05c-96492192124d.png,733663,0.8361861705780029,0.0072939395904541016,0.6469161510467529
2e4673a1-7057-4436-b7d2-d4df4b08946a.png,613870,1.0048863887786865,0.009917259216308594,0.8087568283081055
17131c0c-8418-47c6-97fc-21534540ae6a.png,808680,0.8540678024291992,0.007004976272583008,0.7042083740234375
1869588e-218e-40cb-be35-27539b278535.png,466842,0.9205102920532227,0.0045168399810791016,0.8235416412353516
1fdaac27-9006-4725-9195-175566572458.png,436643,1.2654633522033691,0.009589433670043945,1.1155059337615967
113af5b7-17a4-4819-9895-e1c5ecf1d0b5.png,753130,1.4990918636322021,0.00849151611328125,1.311551809310913
296039b7-61ef-49f4-bb48-59a533fb3813.png,883630,0.9183666706085205,0.0061550140380859375,0.7255170345306396
07d9f765-5d5b-44ba-93c1-fb8f822ba594.png,458180,0.8500728607177734,0.008570194244384766,0.7264478206634521
198ba48e-1352-4cad-aaeb-304af1138fbb.png,484563,0.9531764984130859,0.009047985076904297,0.8296661376953125
0a8426c1-93b5-4f84-8d0e-f2e7a83fb6c3.png,410010,1.5110461711883545,0.005809783935546875,1.4039497375488281
04305dd9-2607-4bd2-99d6-58a989fced80.png,488295,1.5554378032684326,0.010803699493408203,1.4169225692749023
2b79ac47-479a-411a-a05c-96492192124d.png,733663,1.5246803760528564,0.014968633651733398,1.3387179374694824
1e81e0d2-e55e-4daf-ba82-461bd7c0caad.png,430854,1.3721084594726562,0.0039708614349365234,1.2094917297363281
14b66200-2f5d-4088-8bbd-916a1708a9ac.png,480967,0.9578237533569336,0.010401725769042969,0.8481316566467285
00d83a64-a624-4ef2-a9b0-2666cde02218.png,581972,1.1565845012664795,0.013991117477416992,0.9558610916137695
071fa44f-8cd9-477b-8fcb-b02a4ecd10d8.png,606955,0.9591484069824219,0.009344100952148438,0.7788913249969482
177918b1-c468-4cd3-ab55-a2e5588ec40f.png,507358,0.9578673839569092,0.012726783752441406,0.812838077545166
25d9cece-f660-460f-b9e1-736f33c71c10.png,419408,1.3796932697296143,0.007635354995727539,1.2493083477020264
277e33c1-e61e-4be1-a3dd-0ee39dd997db.png,447135,0.9648964405059814,0.01601409912109375,0.8163225650787354
28a6709a-88dc-4f90-99d3-5416b4e4a51d.png,1475530,1.1642239093780518,0.014011144638061523,0.846407413482666
08e8ca79-9c10-4152-b6aa-a285b6eec951.png,661982,1.1550366878509521,0.007165670394897461,0.9927082061767578
09376b19-149a-44d8-b958-133c98f049c0.png,584576,0.959524393081665,0.007502555847167969,0.8572611808776855
011d634d-51dc-4dc1-a139-ec9f54e907a0.png,781406,1.3864188194274902,0.005106925964355469,1.2137436866760254
2013f6d1-e482-42d0-8861-6c9f2dc0eb55.png,507864,0.5878639221191406,0.007111787796020508,0.4555208683013916
113af5b7-17a4-4819-9895-e1c5ecf1d0b5.png,753130,1.1542320251464844,0.0049593448638916016,0.9814469814300537
1869588e-218e-40cb-be35-27539b278535.png,466842,1.0996875762939453,0.00761103630065918,0.9573042392730713
17131c0c-8418-47c6-97fc-21534540ae6a.png,808680,1.0855765342712402,0.005707502365112305,0.8966906070709229
07d9f765-5d5b-44ba-93c1-fb8f822ba594.png,458180,1.2865791320800781,0.008019447326660156,1.1771838665008545
1dae0fcc-6723-45c0-bbad-b4ecc903ab78.png,640960,0.8663573265075684,0.003274679183959961,0.677239179611206
2e4673a1-7057-4436-b7d2-d4df4b08946a.png,613870,0.8815395832061768,0.004088401794433594,0.7147543430328369
0a3c75bb-4bd0-47c8-a2ba-e2aee92ad43f.png,679566,0.8826360702514648,0.0068666934967041016,0.6751880645751953
11b30384-1954-4335-bbc1-e985d25bc652.png,561086,0.8664710521697998,0.0038373470306396484,0.7495632171630859
04305dd9-2607-4bd2-99d6-58a989fced80.png,488295,2.0598747730255127,0.009117603302001953,1.9157907962799072
14c0c190-e885-4937-89c2-f3d26416ef98.png,389301,0.8043744564056396,0.0060710906982421875,0.6595790386199951
011d634d-51dc-4dc1-a139-ec9f54e907a0.png,781406,1.3144526481628418,0.005232334136962891,1.0888328552246094
17e65213-e8ff-4aa4-a562-f2a1caca35c7.png,815607,0.6470110416412354,0.0038154125213623047,0.44962286949157715
2b79ac47-479a-411a-a05c-96492192124d.png,733663,2.077345848083496,0.009147167205810547,1.9105350971221924
1e81e0d2-e55e-4daf-ba82-461bd7c0caad.png,430854,1.3204851150512695,0.005461454391479492,1.1343493461608887
1e88df35-4ac6-4350-bb32-41c09a22d7a4.png,490546,0.769167423248291,0.004818439483642578,0.6125748157501221
277e33c1-e61e-4be1-a3dd-0ee39dd997db.png,447135,1.0300123691558838,0.003942966461181641,0.9123356342315674
0c10ba0e-8d8f-45f7-ab7d-e34bf486bc30.png,1002197,0.7647964954376221,0.004967927932739258,0.6003928184509277
0a8426c1-93b5-4f84-8d0e-f2e7a83fb6c3.png,410010,1.5388166904449463,0.01395106315612793,1.3981623649597168
1ce99872-9f12-41cb-854a-e410004089d4.png,659981,0.7713565826416016,0.007024526596069336,0.5826451778411865
011d634d-51dc-4dc1-a139-ec9f54e907a0.png,781406,2.0855019092559814,0.00638580322265625,1.8832988739013672
19a98fb2-0e2c-4c72-acf0-6c530ed8d718.png,817224,0.7023983001708984,0.004333972930908203,0.5177652835845947
25d9cece-f660-460f-b9e1-736f33c71c10.png,419408,0.7184946537017822,0.008133888244628906,0.60561203956604
1fdaac27-9006-4725-9195-175566572458.png,436643,0.7053401470184326,0.012778520584106445,0.5502541065216064
00d83a64-a624-4ef2-a9b0-2666cde02218.png,581972,0.7043435573577881,0.008925437927246094,0.5140106678009033
2d2c2284-d7ba-4fce-9290-a3928b8d548d.png,698377,0.7117104530334473,0.009557247161865234,0.5250387191772461
198ba48e-1352-4cad-aaeb-304af1138fbb.png,484563,0.7125847339630127,0.006768703460693359,0.6097400188446045
09376b19-149a-44d8-b958-133c98f049c0.png,584576,0.696401834487915,0.005677938461303711,0.5480186939239502
04f48a9f-5c84-4e8a-9b32-9c1ccf2e78da.png,675902,0.6994359493255615,0.006743431091308594,0.5452966690063477
2e4673a1-7057-4436-b7d2-d4df4b08946a.png,613870,0.7774848937988281,0.005021572113037109,0.5843625068664551
1dae0fcc-6723-45c0-bbad-b4ecc903ab78.png,640960,0.9084193706512451,0.017126798629760742,0.6539227962493896
2036aaef-025e-4187-89d0-344f697a4546.png,859635,0.9121737480163574,0.010866403579711914,0.625274658203125
1f98a9d5-4e20-4de9-a7d3-1f4eed9477fd.png,600693,0.7776744365692139,0.005442380905151367,0.6318156719207764
0b2ea7dd-e924-46b3-9bee-da0e7e68341f.png,437895,0.7598788738250732,0.008354663848876953,0.5993192195892334
177918b1-c468-4cd3-ab55-a2e5588ec40f.png,507358,0.7669692039489746,0.009109973907470703,0.610224723815918
1e88df35-4ac6-4350-bb32-41c09a22d7a4.png,490546,0.9274945259094238,0.007641792297363281,0.7578232288360596
17131c0c-8418-47c6-97fc-21534540ae6a.png,808680,0.7966091632843018,0.007158994674682617,0.6109859943389893
071fa44f-8cd9-477b-8fcb-b02a4ecd10d8.png,606955,1.0065953731536865,0.013097763061523438,0.7744011878967285
1e81e0d2-e55e-4daf-ba82-461bd7c0caad.png,430854,1.3447060585021973,0.004148244857788086,1.184518575668335
09376b19-149a-44d8-b958-133c98f049c0.png,584576,1.0015628337860107,0.008537530899047852,0.8568108081817627
12ae73f1-6a75-4664-895b-7caebfd435dc.png,594643,0.9965293407440186,0.012864112854003906,0.7839188575744629
23d4f5f9-c0ae-4050-bc7b-598fbf80e326.png,1271343,1.0089948177337646,0.010137319564819336,0.658491849899292
011d634d-51dc-4dc1-a139-ec9f54e907a0.png,781406,2.7365031242370605,0.003557443618774414,2.562134027481079
198ba48e-1352-4cad-aaeb-304af1138fbb.png,484563,1.133796215057373,0.009256124496459961,0.9624588489532471
08e8ca79-9c10-4152-b6aa-a285b6eec951.png,661982,0.8032026290893555,0.008817672729492188,0.6543667316436768
28a6709a-88dc-4f90-99d3-5416b4e4a51d.png,1475530,1.0362248420715332,0.009105682373046875,0.7144107818603516
2013f6d1-e482-42d0-8861-6c9f2dc0eb55.png,507864,0.8117282390594482,0.003786802291870117,0.7239189147949219
04305dd9-2607-4bd2-99d6-58a989fced80.png,488295,0.806908369064331,0.0073430538177490234,0.6543793678283691
07d9f765-5d5b-44ba-93c1-fb8f822ba594.png,458180,0.8127007484436035,0.010467052459716797,0.6601443290710449
2b8fd115-c1d6-411b-99ce-c2abbf7040da.png,908959,0.8147797584533691,0.006918907165527344,0.5912632942199707
22390b77-31da-4a4f-86b5-bc4e8947983a.png,501583,0.8122258186340332,0.008098363876342773,0.6811389923095703
19a98fb2-0e2c-4c72-acf0-6c530ed8d718.png,817224,1.0352721214294434,0.011362314224243164,0.8657855987548828
2e4673a1-7057-4436-b7d2-d4df4b08946a.png,613870,0.7969474792480469,0.010594367980957031,0.5928311347961426
1fdaac27-9006-4725-9195-175566572458.png,436643,0.8083412647247314,0.0076410770416259766,0.6695406436920166
011d634d-51dc-4dc1-a139-ec9f54e907a0.png,781406,2.684692859649658,0.009733438491821289,2.477954387664795
0181d6f8-f366-448d-b0fd-8d0a8b45cea9.png,406667,0.6096329689025879,0.009093999862670898,0.47837185859680176
0ec5a082-3489-46cf-94c6-884c384f17d5.png,598010,0.8261728286743164,0.003950357437133789,0.6311461925506592
1f98a9d5-4e20-4de9-a7d3-1f4eed9477fd.png,600693,0.9546611309051514,0.008584737777709961,0.7954139709472656
296039b7-61ef-49f4-bb48-59a533fb3813.png,883630,0.7986574172973633,0.005799055099487305,0.603919267654419
1ce99872-9f12-41cb-854a-e410004089d4.png,659981,0.7972419261932373,0.00717616081237793,0.6367549896240234
0b2ea7dd-e924-46b3-9bee-da0e7e68341f.png,437895,0.8107156753540039,0.012448549270629883,0.6591217517852783
11b30384-1954-4335-bbc1-e985d25bc652.png,561086,0.9433043003082275,0.010733604431152344,0.819455623626709
14c0c190-e885-4937-89c2-f3d26416ef98.png,389301,0.9554297924041748,0.005805492401123047,0.8091518878936768
011d634d-51dc-4dc1-a139-ec9f54e907a0.png,781406,2.3297042846679688,0.00492095947265625,2.1334116458892822
113af5b7-17a4-4819-9895-e1c5ecf1d0b5.png,753130,0.8159942626953125,0.004319190979003906,0.6398687362670898
19a98fb2-0e2c-4c72-acf0-6c530ed8d718.png,817224,1.5238728523254395,0.005743741989135742,1.3780713081359863
17131c0c-8418-47c6-97fc-21534540ae6a.png,808680,0.9496645927429199,0.008186101913452148,0.7907876968383789
17e65213-e8ff-4aa4-a562-f2a1caca35c7.png,815607,0.9463152885437012,0.005468130111694336,0.7494449615478516
07d9f765-5d5b-44ba-93c1-fb8f822ba594.png,458180,1.1433489322662354,0.013800382614135742,0.9994964599609375
23d4f5f9-c0ae-4050-bc7b-598fbf80e326.png,1271343,0.9543397426605225,0.009969949722290039,0.638169527053833
0a3c75bb-4bd0-47c8-a2ba-e2aee92ad43f.png,679566,0.8031618595123291,0.00867009162902832,0.6002357006072998
08e8ca79-9c10-4152-b6aa-a285b6eec951.png,661982,0.8265762329101562,0.012517452239990234,0.665093183517456
14b66200-2f5d-4088-8bbd-916a1708a9ac.png,480967,0.8127822875976562,0.009848356246948242,0.6752109527587891
277e33c1-e61e-4be1-a3dd-0ee39dd997db.png,447135,0.8200960159301758,0.010527610778808594,0.69344162940979
2b8fd115-c1d6-411b-99ce-c2abbf7040da.png,908959,1.2593345642089844,0.00998377799987793,1.0069880485534668
0181d6f8-f366-448d-b0fd-8d0a8b45cea9.png,406667,0.7974090576171875,0.006753206253051758,0.6997570991516113
198ba48e-1352-4cad-aaeb-304af1138fbb.png,484563,0.8089258670806885,0.0067865848541259766,0.6810081005096436
2013f6d1-e482-42d0-8861-6c9f2dc0eb55.png,507864,0.6607708930969238,0.007220268249511719,0.5462338924407959
1e88df35-4ac6-4350-bb32-41c09a22d7a4.png,490546,0.7980189323425293,0.005584239959716797,0.6223585605621338
0ec0279e-4891-4f97-a765-6e6a1500b2d0.png,492043,0.8047776222229004,0.008957386016845703,0.6650345325469971
1ce99872-9f12-41cb-854a-e410004089d4.png,659981,1.048149585723877,0.012578964233398438,0.8663413524627686
113af5b7-17a4-4819-9895-e1c5ecf1d0b5.png,753130,1.0482957363128662,0.00582575798034668,0.8569259643554688
00d83a64-a624-4ef2-a9b0-2666cde02218.png,581972,0.6592097282409668,0.0029129981994628906,0.4848167896270752
2d2c2284-d7ba-4fce-9290-a3928b8d548d.png,698377,0.7851457595825195,0.012379169464111328,0.584805965423584
17e65213-e8ff-4aa4-a562-f2a1caca35c7.png,815607,0.946624755859375,0.009981632232666016,0.77748703956604
011d634d-51dc-4dc1-a139-ec9f54e907a0.png,781406,1.4177534580230713,0.00808262825012207,1.251542091369629
277e33c1-e61e-4be1-a3dd-0ee39dd997db.png,447135,0.9450750350952148,0.008565425872802734,0.8300924301147461
04f48a9f-5c84-4e8a-9b32-9c1ccf2e78da.png,675902,0.7945003509521484,0.012052059173583984,0.6077888011932373
08e8ca79-9c10-4152-b6aa-a285b6eec951.png,661982,1.1745741367340088,0.007139682769775391,0.9990234375
1869588e-218e-40cb-be35-27539b278535.png,466842,0.7872910499572754,0.012718677520751953,0.6407341957092285
177918b1-c468-4cd3-ab55-a2e5588ec40f.png,507358,0.7992820739746094,0.008703470230102539,0.6597485542297363
14c0c190-e885-4937-89c2-f3d26416ef98.png,389301,0.7966597080230713,0.008895158767700195,0.6816902160644531
25d9cece-f660-460f-b9e1-736f33c71c10.png,419408,0.5225756168365479,0.006524562835693359,0.4101603031158447
0a8426c1-93b5-4f84-8d0e-f2e7a83fb6c3.png,410010,0.6151454448699951,0.007874011993408203,0.4864675998687744
1fdaac27-9006-4725-9195-175566572458.png,436643,0.6164708137512207,0.010697126388549805,0.4681563377380371
000b7b74-0a22-4d0c-b717-e240fdc5d555.png,563135,0.6228249073028564,0.009993314743041992,0.4894440174102783
14b66200-2f5d-4088-8bbd-916a1708a9ac.png,480967,0.9476761817932129,0.004624605178833008,0.8364675045013428
1e81e0d2-e55e-4daf-ba82-461bd7c0caad.png,430854,0.6210591793060303,0.014596223831176758,0.4143953323364258
22390b77-31da-4a4f-86b5-bc4e8947983a.png,501583,0.5263786315917969,0.006513833999633789,0.40921902656555176
17e65213-e8ff-4aa4-a562-f2a1caca35c7.png,815607,1.4846019744873047,0.013455867767333984,1.2693188190460205
198ba48e-1352-4cad-aaeb-304af1138fbb.png,484563,1.0971853733062744,0.008743762969970703,0.9822633266448975
14c0c190-e885-4937-89c2-f3d26416ef98.png,389301,1.3186349868774414,0.007954597473144531,1.1683464050292969
14b66200-2f5d-4088-8bbd-916a1708a9ac.png,480967,0.8774294853210449,0.005540609359741211,0.7477056980133057
011d634d-51dc-4dc1-a139-ec9f54e907a0.png,781406,1.1802699565887451,0.005018711090087891,0.9714312553405762
1ce99872-9f12-41cb-854a-e410004089d4.png,659981,1.6901133060455322,0.008714675903320312,1.4975049495697021
0ec0279e-4891-4f97-a765-6e6a1500b2d0.png,492043,0.8399543762207031,0.011482954025268555,0.6881403923034668
04305dd9-2607-4bd2-99d6-58a989fced80.png,488295,0.833458662033081,0.004798412322998047,0.6975812911987305
1869588e-218e-40cb-be35-27539b278535.png,466842,1.0678842067718506,0.006005048751831055,0.928450345993042
0191d8b3-42e7-451a-a775-23fa86522749.png,446310,0.8377044200897217,0.007363796234130859,0.6928539276123047
0a8426c1-93b5-4f84-8d0e-f2e7a83fb6c3.png,410010,1.1693413257598877,0.009867668151855469,1.0300137996673584
2013f6d1-e482-42d0-8861-6c9f2dc0eb55.png,507864,0.6955122947692871,0.008199453353881836,0.5592043399810791
1775215d-5a39-4cc7-a4e3-9ff9a032653d.png,547343,0.6938233375549316,0.006357669830322266,0.5807271003723145
277e33c1-e61e-4be1-a3dd-0ee39dd997db.png,447135,0.8537070751190186,0.007890939712524414,0.740074872970581
22390b77-31da-4a4f-86b5-bc4e8947983a.png,501583,0.7106852531433105,0.015346050262451172,0.5606288909912109
2b8fd115-c1d6-411b-99ce-c2abbf7040da.png,908959,0.8526294231414795,0.007780551910400391,0.604179859161377
25d9cece-f660-460f-b9e1-736f33c71c10.png,419408,0.7134838104248047,0.011179924011230469,0.5764584541320801
198ba48e-1352-4cad-aaeb-304af1138fbb.png,484563,0.8808698654174805,0.013094663619995117,0.752887487411499
1e81e0d2-e55e-4daf-ba82-461bd7c0caad.png,430854,0.8824427127838135,0.005982875823974609,0.6720833778381348
14c0c190-e885-4937-89c2-f3d26416ef98.png,389301,1.346550703048706,0.010967016220092773,1.2074182033538818
17131c0c-8418-47c6-97fc-21534540ae6a.png,808680,0.8731832504272461,0.009790658950805664,0.6945309638977051
20b1eded-0838-4fd6-b86e-fd60d9072a4b.png,588654,0.7124185562133789,0.010433197021484375,0.5112755298614502
1dae0fcc-6723-45c0-bbad-b4ecc903ab78.png,640960,0.7176568508148193,0.009345054626464844,0.5253362655639648
1ce99872-9f12-41cb-854a-e410004089d4.png,659981,1.8392415046691895,0.014886617660522461,1.6289381980895996
09376b19-149a-44d8-b958-133c98f049c0.png,584576,0.8667833805084229,0.005415916442871094,0.7254636287689209
0b2ea7dd-e924-46b3-9bee-da0e7e68341f.png,437895,0.7164735794067383,0.009386777877807617,0.5685725212097168
08e8ca79-9c10-4152-b6aa-a285b6eec951.png,661982,0.8813393115997314,0.010238170623779297,0.7243561744689941
1869588e-218e-40cb-be35-27539b278535.png,466842,1.2896277904510498,0.003233194351196289,1.1478941440582275
0a8426c1-93b5-4f84-8d0e-f2e7a83fb6c3.png,410010,1.5961706638336182,0.006226778030395508,1.4632554054260254
04305dd9-2607-4bd2-99d6-58a989fced80.png,488295,1.27077054977417,0.012972116470336914,1.1216621398925781
011d634d-51dc-4dc1-a139-ec9f54e907a0.png,781406,1.2667818069458008,0.014243125915527344,1.043297529220581
23d4f5f9-c0ae-4050-bc7b-598fbf80e326.png,1271343,0.96480393409729,0.010160446166992188,0.6747829914093018
2013f6d1-e482-42d0-8861-6c9f2dc0eb55.png,507864,1.0659561157226562,0.005213737487792969,0.9459271430969238
2b8fd115-c1d6-411b-99ce-c2abbf7040da.png,908959,1.3614161014556885,0.010312080383300781,1.1160454750061035
1ce99872-9f12-41cb-854a-e410004089d4.png,659981,1.353254795074463,0.009172677993774414,1.1680707931518555
0ec0279e-4891-4f97-a765-6e6a1500b2d0.png,492043,1.067683219909668,0.005646467208862305,0.9302904605865479
11b30384-1954-4335-bbc1-e985d25bc652.png,561086,0.8660926818847656,0.014419078826904297,0.7434203624725342
17e65213-e8ff-4aa4-a562-f2a1caca35c7.png,815607,1.0540761947631836,0.006351470947265625,0.8575766086578369
1775215d-5a39-4cc7-a4e3-9ff9a032653d.png,547343,1.3953649997711182,0.005350828170776367,1.2601189613342285
0b2ea7dd-e924-46b3-9bee-da0e7e68341f.png,437895,0.841935396194458,0.007585763931274414,0.6910736560821533
1869588e-218e-40cb-be35-27539b278535.png,466842,1.4118103981018066,0.004796266555786133,1.2682807445526123
2ccc7c34-aa70-4ea3-8a76-9a7e311ab5fb.png,541543,0.852794885635376,0.016316652297973633,0.6844081878662109
25d9cece-f660-460f-b9e1-736f33c71c10.png,419408,0.6836552619934082,0.009738922119140625,0.5728142261505127
20b1eded-0838-4fd6-b86e-fd60d9072a4b.png,588654,1.0598721504211426,0.006296873092651367,0.8594036102294922
14b66200-2f5d-4088-8bbd-916a1708a9ac.png,480967,0.8498256206512451,0.005772113800048828,0.7107512950897217
2d2c2284-d7ba-4fce-9290-a3928b8d548d.png,698377,0.8368401527404785,0.0036711692810058594,0.6790211200714111
1e81e0d2-e55e-4daf-ba82-461bd7c0caad.png,430854,1.0622847080230713,0.004565000534057617,0.8525683879852295
071fa44f-8cd9-477b-8fcb-b02a4ecd10d8.png,606955,0.8457293510437012,0.004791259765625,0.6731574535369873
2074ba95-9d2e-4039-8ad9-65ffaebb8c7f.png,341355,0.8557581901550293,0.00863027572631836,0.6980137825012207
14c0c190-e885-4937-89c2-f3d26416ef98.png,389301,0.8608415126800537,0.005976438522338867,0.7327697277069092
0181d6f8-f366-448d-b0fd-8d0a8b45cea9.png,406667,0.84759521484375,0.0064313411712646484,0.7233829498291016
08e8ca79-9c10-4152-b6aa-a285b6eec951.png,661982,0.8695878982543945,0.0077991485595703125,0.6763184070587158
0ec0279e-4891-4f97-a765-6e6a1500b2d0.png,492043,1.0525951385498047,0.009646177291870117,0.904564380645752
2013f6d1-e482-42d0-8861-6c9f2dc0eb55.png,507864,1.237783432006836,0.003891468048095703,1.1435298919677734
28a6709a-88dc-4f90-99d3-5416b4e4a51d.png,1475530,1.0357012748718262,0.007953405380249023,0.6866891384124756
23d4f5f9-c0ae-4050-bc7b-598fbf80e326.png,1271343,0.9883584976196289,0.012646675109863281,0.7103488445281982
17131c0c-8418-47c6-97fc-21534540ae6a.png,808680,0.745995283126831,0.009216070175170898,0.5657615661621094
1e88df35-4ac6-4350-bb32-41c09a22d7a4.png,490546,0.7490136623382568,0.009227275848388672,0.553403377532959
1ce99872-9f12-41cb-854a-e410004089d4.png,659981,1.1756548881530762,0.011543750762939453,0.9649753570556641
0181d6f8-f366-448d-b0fd-8d0a8b45cea9.png,406667,1.1914024353027344,0.007737636566162109,1.0644474029541016
11b30384-1954-4335-bbc1-e985d25bc652.png,561086,1.3743400573730469,0.005650520324707031,1.281113862991333
2d2c2284-d7ba-4fce-9290-a3928b8d548d.png,698377,1.199153184890747,0.009954214096069336,1.029210090637207
0191d8b3-42e7-451a-a775-23fa86522749.png,446310,0.7342050075531006,0.0054929256439208984,0.6104397773742676
071fa44f-8cd9-477b-8fcb-b02a4ecd10d8.png,606955,0.9652194976806641,0.005800008773803711,0.7770605087280273
07d9f765-5d5b-44ba-93c1-fb8f822ba594.png,458180,0.7374086380004883,0.009341955184936523,0.6086044311523438
00d83a64-a624-4ef2-a9b0-2666cde02218.png,581972,0.7347002029418945,0.008338689804077148,0.5653772354125977
14c0c190-e885-4937-89c2-f3d26416ef98.png,389301,1.289167881011963,0.003114461898803711,1.146672010421753
1e81e0d2-e55e-4daf-ba82-461bd7c0caad.png,430854,0.8389687538146973,0.004467964172363281,0.6810081005096436
2ccc7c34-aa70-4ea3-8a76-9a7e311ab5fb.png,541543,0.6248769760131836,0.006392002105712891,0.4899470806121826
23d4f5f9-c0ae-4050-bc7b-598fbf80e326.png,1271343,1.4924488067626953,0.011725425720214844,1.1549997329711914
1fdaac27-9006-4725-9195-175566572458.png,436643,0.6130943298339844,0.014161109924316406,0.4638862609863281
14b66200-2f5d-4088-8bbd-916a1708a9ac.png,480967,1.3134715557098389,0.010213375091552734,1.1782500743865967
19a98fb2-0e2c-4c72-acf0-6c530ed8d718.png,817224,0.62518310546875,0.00619053840637207,0.4583451747894287
0a8426c1-93b5-4f84-8d0e-f2e7a83fb6c3.png,410010,0.5765604972839355,0.015132427215576172,0.45827293395996094
1ce99872-9f12-41cb-854a-e410004089d4.png,659981,1.2078649997711182,0.004340410232543945,1.0480010509490967
1775215d-5a39-4cc7-a4e3-9ff9a032653d.png,547343,0.7681839466094971,0.0056400299072265625,0.6333444118499756
28a6709a-88dc-4f90-99d3-5416b4e4a51d.png,1475530,0.7597179412841797,0.011429786682128906,0.44578051567077637
1dae0fcc-6723-45c0-bbad-b4ecc903ab78.png,640960,0.7640080451965332,0.006966114044189453,0.5766506195068359
12ae73f1-6a75-4664-895b-7caebfd435dc.png,594643,0.7444393634796143,0.006840229034423828,0.5374882221221924
2e4673a1-7057-4436-b7d2-d4df4b08946a.png,613870,0.5882413387298584,0.0063440799713134766,0.40559840202331543
2074ba95-9d2e-4039-8ad9-65ffaebb8c7f.png,341355,0.6293039321899414,0.009052038192749023,0.49863409996032715
1fdaac27-9006-4725-9195-175566572458.png,436643,0.9171218872070312,0.007944107055664062,0.7812819480895996
071fa44f-8cd9-477b-8fcb-b02a4ecd10d8.png,606955,1.3869104385375977,0.009984970092773438,1.196789264678955
12ae73f1-6a75-4664-895b-7caebfd435dc.png,594643,0.9543769359588623,0.013814687728881836,0.7578721046447754
17131c0c-8418-47c6-97fc-21534540ae6a.png,808680,0.837742805480957,0.007731437683105469,0.6407022476196289
2b8fd115-c1d6-411b-99ce-c2abbf7040da.png,908959,0.8360409736633301,0.006371974945068359,0.6204111576080322
2013f6d1-e482-42d0-8861-6c9f2dc0eb55.png,507864,0.8353042602539062,0.005723476409912109,0.6908280849456787
00d83a64-a624-4ef2-a9b0-2666cde02218.png,581972,0.9450874328613281,0.007013797760009766,0.7538168430328369
0181d6f8-f366-448d-b0fd-8d0a8b45cea9.png,406667,1.1351263523101807,0.006865978240966797,1.0012853145599365
09376b19-149a-44d8-b958-133c98f049c0.png,584576,0.6692521572113037,0.012716054916381836,0.5600082874298096
14b66200-2f5d-4088-8bbd-916a1708a9ac.png,480967,0.7717113494873047,0.01070547103881836,0.632864236831665
071fa44f-8cd9-477b-8fcb-b02a4ecd10d8.png,606955,1.1101853847503662,0.008753061294555664,0.9182889461517334
1ce99872-9f12-41cb-854a-e410004089d4.png,659981,1.2957134246826172,0.011594533920288086,1.085223913192749
011d634d-51dc-4dc1-a139-ec9f54e907a0.png,781406,0.7775521278381348,0.0053751468658447266,0.6003146171569824
20b1eded-0838-4fd6-b86e-fd60d9072a4b.png,588654,0.6736133098602295,0.003632783889770508,0.4724845886230469
2ccc7c34-aa70-4ea3-8a76-9a7e311ab5fb.png,541543,0.6677877902984619,0.00763392448425293,0.5340631008148193
000b7b74-0a22-4d0c-b717-e240fdc5d555.png,563135,0.7795038223266602,0.008457660675048828,0.6365311145782471
1869588e-218e-40cb-be35-27539b278535.png,466842,0.660752534866333,0.007521152496337891,0.5166406631469727
14c0c190-e885-4937-89c2-f3d26416ef98.png,389301,1.1044492721557617,0.011761903762817383,0.9624385833740234
1fdaac27-9006-4725-9195-175566572458.png,436643,1.291574478149414,0.009926080703735352,1.192415714263916
1f98a9d5-4e20-4de9-a7d3-1f4eed9477fd.png,600693,0.7677006721496582,0.004739284515380859,0.6001710891723633
00d83a64-a624-4ef2-a9b0-2666cde02218.png,581972,0.9184064865112305,0.019306421279907227,0.7000510692596436
2b79ac47-479a-411a-a05c-96492192124d.png,733663,0.6681180000305176,0.00875234603881836,0.5172688961029053
277e33c1-e61e-4be1-a3dd-0ee39dd997db.png,447135,0.5111773014068604,0.0026237964630126953,0.4029548168182373
198ba48e-1352-4cad-aaeb-304af1138fbb.png,484563,0.667396068572998,0.004873514175415039,0.5368003845214844
04f48a9f-5c84-4e8a-9b32-9c1ccf2e78da.png,675902,0.6733536720275879,0.008353233337402344,0.4983024597167969
2d2c2284-d7ba-4fce-9290-a3928b8d548d.png,698377,0.6741786003112793,0.005558490753173828,0.5124273300170898
1869588e-218e-40cb-be35-27539b278535.png,466842,0.8829042911529541,0.007496356964111328,0.7742173671722412
2013f6d1-e482-42d0-8861-6c9f2dc0eb55.png,507864,0.8774783611297607,0.006707429885864258,0.777101993560791
1fdaac27-9006-4725-9195-175566572458.png,436643,1.1333551406860352,0.007481813430786133,1.0243244171142578
2074ba95-9d2e-4039-8ad9-65ffaebb8c7f.png,341355,0.5789248943328857,0.0062236785888671875,0.44692063331604004
071fa44f-8cd9-477b-8fcb-b02a4ecd10d8.png,606955,1.5447959899902344,0.007160663604736328,1.3712694644927979
296039b7-61ef-49f4-bb48-59a533fb3813.png,883630,0.7918539047241211,0.008717775344848633,0.5923628807067871
0a8426c1-93b5-4f84-8d0e-f2e7a83fb6c3.png,410010,0.7738149166107178,0.015949010848999023,0.6036639213562012
1f98a9d5-4e20-4de9-a7d3-1f4eed9477fd.png,600693,0.9431757926940918,0.009837865829467773,0.7973709106445312
1869588e-218e-40cb-be35-27539b278535.png,466842,1.1503806114196777,0.0042552947998046875,1.0164363384246826
071fa44f-8cd9-477b-8fcb-b02a4ecd10d8.png,606955,1.904979944229126,0.019094467163085938,1.7013838291168213
1ce99872-9f12-41cb-854a-e410004089d4.png,659981,0.7703020572662354,0.015278100967407227,0.5681650638580322
17131c0c-8418-47c6-97fc-21534540ae6a.png,808680,0.9382028579711914,0.006293773651123047,0.7525167465209961
177918b1-c468-4cd3-ab55-a2e5588ec40f.png,507358,0.7864799499511719,0.005715131759643555,0.637864351272583
011d634d-51dc-4dc1-a139-ec9f54e907a0.png,781406,1.31663179397583,0.004581451416015625,1.1285250186920166
0c10ba0e-8d8f-45f7-ab7d-e34bf486bc30.png,1002197,0.7577040195465088,0.006015300750732422,0.613426923751831
1e88df35-4ac6-4350-bb32-41c09a22d7a4.png,490546,0.7871859073638916,0.01049947738647461,0.559023380279541
2013f6d1-e482-42d0-8861-6c9f2dc0eb55.png,507864,0.7836105823516846,0.012502908706665039,0.641796350479126
0b2ea7dd-e924-46b3-9bee-da0e7e68341f.png,437895,0.7719440460205078,0.00951695442199707,0.5904889106750488
198ba48e-1352-4cad-aaeb-304af1138fbb.png,484563,0.9365894794464111,0.0074498653411865234,0.8317909240722656
00d83a64-a624-4ef2-a9b0-2666cde02218.png,581972,1.5581023693084717,0.00920557975769043,1.3435285091400146
25d9cece-f660-460f-b9e1-736f33c71c10.png,419408,0.7715051174163818,0.005819082260131836,0.67153000831604
20b1eded-0838-4fd6-b86e-fd60d9072a4b.png,588654,0.8523311614990234,0.011806488037109375,0.6464781761169434
23d4f5f9-c0ae-4050-bc7b-598fbf80e326.png,1271343,0.9877386093139648,0.00795745849609375,0.704742431640625
0ec5a082-3489-46cf-94c6-884c384f17d5.png,598010,0.8542311191558838,0.008351802825927734,0.6474850177764893
08e8ca79-9c10-4152-b6aa-a285b6eec951.png,661982,0.5682156085968018,0.003432035446166992,0.39998793601989746
12ae73f1-6a75-4664-895b-7caebfd435dc.png,594643,0.6449053287506104,0.004805564880371094,0.4588942527770996
2b79ac47-479a-411a-a05c-96492192124d.png,733663,0.8549199104309082,0.010423660278320312,0.6772406101226807
1fdaac27-9006-4725-9195-175566572458.png,436643,1.5277807712554932,0.005539894104003906,1.4250109195709229
0181d6f8-f366-448d-b0fd-8d0a8b45cea9.png,406667,0.5786378383636475,0.0031516551971435547,0.4829976558685303
1ce99872-9f12-41cb-854a-e410004089d4.png,659981,1.6757354736328125,0.003299713134765625,1.524435043334961
00d83a64-a624-4ef2-a9b0-2666cde02218.png,581972,1.1634817123413086,0.006970882415771484,0.9858901500701904
177918b1-c468-4cd3-ab55-a2e5588ec40f.png,507358,1.1684844493865967,0.012823820114135742,1.0231587886810303
011d634d-51dc-4dc1-a139-ec9f54e907a0.png,781406,1.1667165756225586,0.011188507080078125,0.994952917098999
296039b7-61ef-49f4-bb48-59a533fb3813.png,883630,1.2957789897918701,0.0036537647247314453,1.123182773590088
000b7b74-0a22-4d0c-b717-e240fdc5d555.png,563135,0.716463565826416,0.007539510726928711,0.5911107063293457
2b8fd115-c1d6-411b-99ce-c2abbf7040da.png,908959,0.8732526302337646,0.002627134323120117,0.6506643295288086
09376b19-149a-44d8-b958-133c98f049c0.png,584576,0.6985056400299072,0.013321399688720703,0.5268261432647705
1fdaac27-9006-4725-9195-175566572458.png,436643,1.5109422206878662,0.00462794303894043,1.40873384475708
25d9cece-f660-460f-b9e1-736f33c71c10.png,419408,0.9057278633117676,0.01258707046508789,0.7222962379455566
1f98a9d5-4e20-4de9-a7d3-1f4eed9477fd.png,600693,0.9059591293334961,0.016102313995361328,0.7254738807678223
2d2c2284-d7ba-4fce-9290-a3928b8d548d.png,698377,0.703265905380249,0.008839607238769531,0.5384137630462646
0191d8b3-42e7-451a-a775-23fa86522749.png,446310,0.8887510299682617,0.010284423828125,0.7587110996246338
0ec0279e-4891-4f97-a765-6e6a1500b2d0.png,492043,0.6899502277374268,0.005626201629638672,0.5640308856964111
0a3c75bb-4bd0-47c8-a2ba-e2aee92ad43f.png,679566,0.9079179763793945,0.014583110809326172,0.7242250442504883
1e88df35-4ac6-4350-bb32-41c09a22d7a4.png,490546,0.8955345153808594,0.012675046920776367,0.6144161224365234
011d634d-51dc-4dc1-a139-ec9f54e907a0.png,781406,1.6956455707550049,0.01082468032836914,1.508497714996338
22390b77-31da-4a4f-86b5-bc4e8947983a.png,501583,0.8973813056945801,0.018721342086791992,0.7595334053039551
23d4f5f9-c0ae-4050-bc7b-598fbf80e326.png,1271343,0.906174898147583,0.010486364364624023,0.5748202800750732
1775215d-5a39-4cc7-a4e3-9ff9a032653d.png,547343,0.8854610919952393,0.009647369384765625,0.6884000301361084
1ce99872-9f12-41cb-854a-e410004089d4.png,659981,1.692915916442871,0.009531259536743164,1.4745676517486572
277e33c1-e61e-4be1-a3dd-0ee39dd997db.png,447135,0.7028682231903076,0.005244255065917969,0.5819308757781982
04305dd9-2607-4bd2-99d6-58a989fced80.png,488295,0.9087555408477783,0.011347293853759766,0.7879853248596191
08e8ca79-9c10-4152-b6aa-a285b6eec951.png,661982,0.7131965160369873,0.0077168941497802734,0.5577328205108643
00d83a64-a624-4ef2-a9b0-2666cde02218.png,581972,2.384842872619629,0.010252237319946289,2.178603410720825
07d9f765-5d5b-44ba-93c1-fb8f822ba594.png,458180,0.5524537563323975,0.0047893524169921875,0.4579317569732666
2036aaef-025e-4187-89d0-344f697a4546.png,859635,0.8580565452575684,0.0036542415618896484,0.6681008338928223
25d9cece-f660-460f-b9e1-736f33c71c10.png,419408,1.023545265197754,0.004019021987915039,0.9296395778656006
2d2c2284-d7ba-4fce-9290-a3928b8d548d.png,698377,1.2407636642456055,0.009988784790039062,1.0320494174957275
09376b19-149a-44d8-b958-133c98f049c0.png,584576,1.2106003761291504,0.0051920413970947266,1.0908162593841553
1fdaac27-9006-4725-9195-175566572458.png,436643,2.195497751235962,0.009419918060302734,2.099749803543091
23d4f5f9-c0ae-4050-bc7b-598fbf80e326.png,1271343,1.2227485179901123,0.0036077499389648438,0.9182710647583008
1ce99872-9f12-41cb-854a-e410004089d4.png,659981,1.280632734298706,0.005968570709228516,1.13458251953125
17131c0c-8418-47c6-97fc-21534540ae6a.png,808680,0.7760205268859863,0.006719827651977539,0.6069793701171875
011d634d-51dc-4dc1-a139-ec9f54e907a0.png,781406,0.9691050052642822,0.004187583923339844,0.79801344871521
0ec0279e-4891-4f97-a765-6e6a1500b2d0.png,492043,0.9725124835968018,0.005034208297729492,0.844092845916748
11b30384-1954-4335-bbc1-e985d25bc652.png,561086,0.7797152996063232,0.004756927490234375,0.6611778736114502
00d83a64-a624-4ef2-a9b0-2666cde02218.png,581972,1.2827210426330566,0.009208917617797852,1.101038932800293
1f98a9d5-4e20-4de9-a7d3-1f4eed9477fd.png,600693,0.9761481285095215,0.004209756851196289,0.8558974266052246
2013f6d1-e482-42d0-8861-6c9f2dc0eb55.png,507864,0.7811665534973145,0.006283283233642578,0.6529154777526855
1fdaac27-9006-4725-9195-175566572458.png,436643,3.02852463722229,0.006325960159301758,2.8993608951568604
0181d6f8-f366-448d-b0fd-8d0a8b45cea9.png,406667,0.7574448585510254,0.00941157341003418,0.6315433979034424
07d9f765-5d5b-44ba-93c1-fb8f822ba594.png,458180,0.7775969505310059,0.009531974792480469,0.655503511428833
08e8ca79-9c10-4152-b6aa-a285b6eec951.png,661982,0.7704262733459473,0.007078409194946289,0.5835652351379395
25d9cece-f660-460f-b9e1-736f33c71c10.png,419408,1.713371992111206,0.008403301239013672,1.5683844089508057
296039b7-61ef-49f4-bb48-59a533fb3813.png,883630,0.8085556030273438,0.0032258033752441406,0.6569569110870361
22390b77-31da-4a4f-86b5-bc4e8947983a.png,501583,0.9691629409790039,0.0037603378295898438,0.8001217842102051
0ec5a082-3489-46cf-94c6-884c384f17d5.png,598010,0.9824793338775635,0.013153553009033203,0.7546188831329346
198ba48e-1352-4cad-aaeb-304af1138fbb.png,484563,0.6419610977172852,0.007510185241699219,0.5108685493469238
09376b19-149a-44d8-b958-133c98f049c0.png,584576,1.167543649673462,0.0023031234741210938,1.0582480430603027
12ae73f1-6a75-4664-895b-7caebfd435dc.png,594643,0.9458558559417725,0.010456562042236328,0.7373435497283936
0a8426c1-93b5-4f84-8d0e-f2e7a83fb6c3.png,410010,0.8197982311248779,0.0028209686279296875,0.713592529296875
2ccc7c34-aa70-4ea3-8a76-9a7e311ab5fb.png,541543,0.6482195854187012,0.005095243453979492,0.5187842845916748
2b8fd115-c1d6-411b-99ce-c2abbf7040da.png,908959,0.9435126781463623,0.008001565933227539,0.7018356323242188
1ce99872-9f12-41cb-854a-e410004089d4.png,659981,2.480130195617676,0.0032563209533691406,2.2928528785705566
0ec0279e-4891-4f97-a765-6e6a1500b2d0.png,492043,0.9745113849639893,0.005244731903076172,0.827794075012207
1775215d-5a39-4cc7-a4e3-9ff9a032653d.png,547343,0.9578893184661865,0.016919851303100586,0.8075196743011475
00d83a64-a624-4ef2-a9b0-2666cde02218.png,581972,1.1305863857269287,0.007252931594848633,0.9345760345458984
25d9cece-f660-460f-b9e1-736f33c71c10.png,419408,1.1278674602508545,0.00790548324584961,0.9653506278991699
071fa44f-8cd9-477b-8fcb-b02a4ecd10d8.png,606955,0.8035550117492676,0.006513833999633789,0.6059746742248535
07d9f765-5d5b-44ba-93c1-fb8f822ba594.png,458180,1.1266286373138428,0.00907588005065918,0.9563536643981934
1f98a9d5-4e20-4de9-a7d3-1f4eed9477fd.png,600693,0.8023629188537598,0.004327535629272461,0.6257772445678711
277e33c1-e61e-4be1-a3dd-0ee39dd997db.png,447135,0.7522077560424805,0.016887903213500977,0.6028602123260498
2b79ac47-479a-411a-a05c-96492192124d.png,733663,0.7448465824127197,0.011560678482055664,0.5877671241760254
2036aaef-025e-4187-89d0-344f697a4546.png,859635,0.7486798763275146,0.012420892715454102,0.5044066905975342
20b1eded-0838-4fd6-b86e-fd60d9072a4b.png,588654,0.7581660747528076,0.005694389343261719,0.5554125308990479
1fdaac27-9006-4725-9195-175566572458.png,436643,1.5321991443634033,0.005010366439819336,1.44221830368042
00d83a64-a624-4ef2-a9b0-2666cde02218.png,581972,1.4875576496124268,0.011021614074707031,1.3017473220825195
1f98a9d5-4e20-4de9-a7d3-1f4eed9477fd.png,600693,1.5126707553863525,0.0042688846588134766,1.356078863143921
1775215d-5a39-4cc7-a4e3-9ff9a032653d.png,547343,1.1842772960662842,0.007974863052368164,1.0274364948272705
09376b19-149a-44d8-b958-133c98f049c0.png,584576,0.8749730587005615,0.0081787109375,0.7322084903717041
296039b7-61ef-49f4-bb48-59a533fb3813.png,883630,1.0911314487457275,0.011015176773071289,0.9114832878112793
1ce99872-9f12-41cb-854a-e410004089d4.png,659981,0.8752226829528809,0.012943267822265625,0.6685729026794434
0181d6f8-f366-448d-b0fd-8d0a8b45cea9.png,406667,0.6756112575531006,0.010146617889404297,0.567072868347168
198ba48e-1352-4cad-aaeb-304af1138fbb.png,484563,0.8807172775268555,0.007300615310668945,0.7709407806396484
12ae73f1-6a75-4664-895b-7caebfd435dc.png,594643,1.0934638977050781,0.016319751739501953,0.8857483863830566
07d9f765-5d5b-44ba-93c1-fb8f822ba594.png,458180,1.105741024017334,0.012225627899169922,0.9612677097320557
0b2ea7dd-e924-46b3-9bee-da0e7e68341f.png,437895,0.7665224075317383,0.006803035736083984,0.6430268287658691
071fa44f-8cd9-477b-8fcb-b02a4ecd10d8.png,606955,1.315704107284546,0.01563882827758789,1.1026179790496826
11b30384-1954-4335-bbc1-e985d25bc652.png,561086,0.7611744403839111,0.005362749099731445,0.651576042175293
0a3c75bb-4bd0-47c8-a2ba-e2aee92ad43f.png,679566,0.7637648582458496,0.003843069076538086,0.5873630046844482
08e8ca79-9c10-4152-b6aa-a285b6eec951.png,661982,0.7623875141143799,0.007302284240722656,0.6064624786376953
1fdaac27-9006-4725-9195-175566572458.png,436643,1.3135814666748047,0.011892318725585938,1.1732006072998047
04305dd9-2607-4bd2-99d6-58a989fced80.png,488295,0.7599034309387207,0.0037300586700439453,0.622347354888916
2b8fd115-c1d6-411b-99ce-c2abbf7040da.png,908959,0.9170088768005371,0.009191513061523438,0.7104432582855225
1f98a9d5-4e20-4de9-a7d3-1f4eed9477fd.png,600693,1.8955292701721191,0.018688678741455078,1.711465835571289
2ccc7c34-aa70-4ea3-8a76-9a7e311ab5fb.png,541543,0.9235689640045166,0.01596546173095703,0.7542712688446045
296039b7-61ef-49f4-bb48-59a533fb3813.png,883630,1.0752742290496826,0.010454893112182617,0.9032497406005859
2036aaef-025e-4187-89d0-344f697a4546.png,859635,1.0767459869384766,0.012035369873046875,0.8719921112060547
2e4673a1-7057-4436-b7d2-d4df4b08946a.png,613870,0.7399842739105225,0.008283376693725586,0.5729150772094727
177918b1-c468-4cd3-ab55-a2e5588ec40f.png,507358,0.7454948425292969,0.004920482635498047,0.6455683708190918
1ce99872-9f12-41cb-854a-e410004089d4.png,659981,1.2792425155639648,0.012933492660522461,1.0828962326049805
071fa44f-8cd9-477b-8fcb-b02a4ecd10d8.png,606955,1.3089311122894287,0.018898487091064453,1.0876286029815674
09376b19-149a-44d8-b958-133c98f049c0.png,584576,1.3093140125274658,0.018227338790893555,1.1620614528656006
1dae0fcc-6723-45c0-bbad-b4ecc903ab78.png,640960,0.7770650386810303,0.0032875537872314453,0.6184494495391846
25d9cece-f660-460f-b9e1-736f33c71c10.png,419408,0.7724990844726562,0.0037708282470703125,0.6733648777008057
0181d6f8-f366-448d-b0fd-8d0a8b45cea9.png,406667,0.9501481056213379,0.006216526031494141,0.8577859401702881
1f98a9d5-4e20-4de9-a7d3-1f4eed9477fd.png,600693,2.2911486625671387,0.016164064407348633,2.1029629707336426
0ec0279e-4891-4f97-a765-6e6a1500b2d0.png,492043,0.770592451095581,0.003968715667724609,0.6398036479949951
2d2c2284-d7ba-4fce-9290-a3928b8d548d.png,698377,0.7831802368164062,0.0133056640625,0.5895133018493652
12ae73f1-6a75-4664-895b-7caebfd435dc.png,594643,1.4836626052856445,0.00832056999206543,1.2637238502502441
1869588e-218e-40cb-be35-27539b278535.png,466842,0.7745161056518555,0.006552219390869141,0.6363887786865234
2074ba95-9d2e-4039-8ad9-65ffaebb8c7f.png,341355,0.6951322555541992,0.013185501098632812,0.5372600555419922
2036aaef-025e-4187-89d0-344f697a4546.png,859635,0.9401721954345703,0.007342338562011719,0.6962060928344727
20b1eded-0838-4fd6-b86e-fd60d9072a4b.png,588654,0.7029907703399658,0.005540609359741211,0.526874303817749
17131c0c-8418-47c6-97fc-21534540ae6a.png,808680,0.9401931762695312,0.011886835098266602,0.768916130065918
296039b7-61ef-49f4-bb48-59a533fb3813.png,883630,1.6415960788726807,0.004323482513427734,1.459841012954712
1ce99872-9f12-41cb-854a-e410004089d4.png,659981,1.630077838897705,0.01999354362487793,1.4229621887207031
04305dd9-2607-4bd2-99d6-58a989fced80.png,488295,0.6839525699615479,0.006209611892700195,0.5480854511260986
22390b77-31da-4a4f-86b5-bc4e8947983a.png,501583,0.7037532329559326,0.01920461654663086,0.5568652153015137
0ec5a082-3489-46cf-94c6-884c384f17d5.png,598010,0.6826112270355225,0.009590387344360352,0.4792203903198242
2b8fd115-c1d6-411b-99ce-c2abbf7040da.png,908959,0.9431033134460449,0.011701345443725586,0.6955575942993164
2e4673a1-7057-4436-b7d2-d4df4b08946a.png,613870,1.1093165874481201,0.0060918331146240234,0.9049794673919678
0c10ba0e-8d8f-45f7-ab7d-e34bf486bc30.png,1002197,0.7740938663482666,0.011185169219970703,0.5898880958557129
1dae0fcc-6723-45c0-bbad-b4ecc903ab78.png,640960,0.7914128303527832,0.008143424987792969,0.6015403270721436
08e8ca79-9c10-4152-b6aa-a285b6eec951.png,661982,1.417130470275879,0.006689548492431641,1.2687716484069824
25d9cece-f660-460f-b9e1-736f33c71c10.png,419408,0.680708646774292,0.00247955322265625,0.5711593627929688
0b2ea7dd-e924-46b3-9bee-da0e7e68341f.png,437895,1.4157581329345703,0.006659746170043945,1.27854585647583
09376b19-149a-44d8-b958-133c98f049c0.png,584576,0.6267635822296143,0.0058324337005615234,0.49469757080078125
0181d6f8-f366-448d-b0fd-8d0a8b45cea9.png,406667,0.6259572505950928,0.004330635070800781,0.5037589073181152
296039b7-61ef-49f4-bb48-59a533fb3813.png,883630,2.127469062805176,0.006617069244384766,1.9134044647216797
1f98a9d5-4e20-4de9-a7d3-1f4eed9477fd.png,600693,1.9372310638427734,0.02279496192932129,1.7528603076934814
113af5b7-17a4-4819-9895-e1c5ecf1d0b5.png,753130,1.008066177368164,0.01072239875793457,0.8220703601837158
2e4673a1-7057-4436-b7d2-d4df4b08946a.png,613870,1.2215726375579834,0.010724306106567383,1.0138540267944336
28a6709a-88dc-4f90-99d3-5416b4e4a51d.png,1475530,0.8751146793365479,0.0032405853271484375,0.5705122947692871
14c0c190-e885-4937-89c2-f3d26416ef98.png,389301,0.6849484443664551,0.004311800003051758,0.5745046138763428
1dae0fcc-6723-45c0-bbad-b4ecc903ab78.png,640960,1.06829833984375,0.003165721893310547,0.8698005676269531
0c10ba0e-8d8f-45f7-ab7d-e34bf486bc30.png,1002197,1.22430419921875,0.017277240753173828,1.0393719673156738
17131c0c-8418-47c6-97fc-21534540ae6a.png,808680,1.044368028640747,0.007794857025146484,0.8947227001190186
07d9f765-5d5b-44ba-93c1-fb8f822ba594.png,458180,0.7176647186279297,0.012057065963745117,0.5799219608306885
277e33c1-e61e-4be1-a3dd-0ee39dd997db.png,447135,0.7014479637145996,0.0072515010833740234,0.5873501300811768
0ec0279e-4891-4f97-a765-6e6a1500b2d0.png,492043,0.6968591213226318,0.005936622619628906,0.5822048187255859
2036aaef-025e-4187-89d0-344f697a4546.png,859635,1.2618229389190674,0.003087282180786133,1.043405532836914
09376b19-149a-44d8-b958-133c98f049c0.png,584576,1.2857491970062256,0.0034208297729492188,1.1675848960876465
1e81e0d2-e55e-4daf-ba82-461bd7c0caad.png,430854,0.880845308303833,0.003597259521484375,0.7241854667663574
20b1eded-0838-4fd6-b86e-fd60d9072a4b.png,588654,1.0446343421936035,0.0039310455322265625,0.8791325092315674
19a98fb2-0e2c-4c72-acf0-6c530ed8d718.png,817224,1.2087595462799072,0.007568359375,1.042588472366333
0b2ea7dd-e924-46b3-9bee-da0e7e68341f.png,437895,1.539069652557373,0.0071048736572265625,1.4330015182495117
2b79ac47-479a-411a-a05c-96492192124d.png,733663,1.1138489246368408,0.003687143325805664,0.9305155277252197
1ce99872-9f12-41cb-854a-e410004089d4.png,659981,1.2017295360565186,0.012166738510131836,1.009809970855713
1f98a9d5-4e20-4de9-a7d3-1f4eed9477fd.png,600693,1.3669352531433105,0.0038461685180664062,1.1902623176574707
0a8426c1-93b5-4f84-8d0e-f2e7a83fb6c3.png,410010,1.2110939025878906,0.0060541629791259766,1.060300350189209
22390b77-31da-4a4f-86b5-bc4e8947983a.png,501583,0.9081356525421143,0.0037953853607177734,0.8177492618560791
0181d6f8-f366-448d-b0fd-8d0a8b45cea9.png,406667,1.3720369338989258,0.0061342716217041016,1.2416188716888428
12ae73f1-6a75-4664-895b-7caebfd435dc.png,594643,1.0831444263458252,0.005626201629638672,0.8810825347900391
23d4f5f9-c0ae-4050-bc7b-598fbf80e326.png,1271343,1.200183629989624,0.009998321533203125,0.8978147506713867
0c10ba0e-8d8f-45f7-ab7d-e34bf486bc30.png,1002197,1.9712989330291748,0.012100458145141602,1.7817237377166748
04305dd9-2607-4bd2-99d6-58a989fced80.png,488295,0.9637103080749512,0.006551980972290039,0.8522310256958008
0ec5a082-3489-46cf-94c6-884c384f17d5.png,598010,1.1922707557678223,0.0027408599853515625,1.024503469467163
2b8fd115-c1d6-411b-99ce-c2abbf7040da.png,908959,0.9671144485473633,0.007539033889770508,0.7114133834838867
14c0c190-e885-4937-89c2-f3d26416ef98.png,389301,1.2621490955352783,0.015577316284179688,1.1081974506378174
09376b19-149a-44d8-b958-133c98f049c0.png,584576,1.43186616897583,0.010080337524414062,1.3178925514221191
2036aaef-025e-4187-89d0-344f697a4546.png,859635,1.7612066268920898,0.007832527160644531,1.5751266479492188
2074ba95-9d2e-4039-8ad9-65ffaebb8c7f.png,341355,0.9056649208068848,0.005200624465942383,0.78298020362854
25d9cece-f660-460f-b9e1-736f33c71c10.png,419408,0.9023759365081787,0.006024837493896484,0.8035192489624023
1e81e0d2-e55e-4daf-ba82-461bd7c0caad.png,430854,1.452881097793579,0.00477290153503418,1.3032536506652832
20b1eded-0838-4fd6-b86e-fd60d9072a4b.png,588654,1.5757336616516113,0.010989904403686523,1.3739409446716309
0c10ba0e-8d8f-45f7-ab7d-e34bf486bc30.png,1002197,1.5827679634094238,0.009350061416625977,1.418483018875122
113af5b7-17a4-4819-9895-e1c5ecf1d0b5.png,753130,0.8611035346984863,0.008252382278442383,0.6727731227874756
23d4f5f9-c0ae-4050-bc7b-598fbf80e326.png,1271343,1.4529151916503906,0.004273653030395508,1.1718602180480957
0191d8b3-42e7-451a-a775-23fa86522749.png,446310,0.8568470478057861,0.00405430793762207,0.7699415683746338
071fa44f-8cd9-477b-8fcb-b02a4ecd10d8.png,606955,0.8574748039245605,0.0073015689849853516,0.6978640556335449
04f48a9f-5c84-4e8a-9b32-9c1ccf2e78da.png,675902,0.8608441352844238,0.006715059280395508,0.6885776519775391
1f98a9d5-4e20-4de9-a7d3-1f4eed9477fd.png,600693,1.291059970855713,0.004891157150268555,1.1677441596984863
14b66200-2f5d-4088-8bbd-916a1708a9ac.png,480967,0.9833118915557861,0.005156517028808594,0.8810667991638184
19a98fb2-0e2c-4c72-acf0-6c530ed8d718.png,817224,1.4340155124664307,0.00586390495300293,1.2746875286102295
0a8426c1-93b5-4f84-8d0e-f2e7a83fb6c3.png,410010,1.0110235214233398,0.004057168960571289,0.903343677520752
12ae73f1-6a75-4664-895b-7caebfd435dc.png,594643,1.256805658340454,0.007365226745605469,1.0710573196411133
1775215d-5a39-4cc7-a4e3-9ff9a032653d.png,547343,0.6745514869689941,0.004781484603881836,0.5344340801239014
011d634d-51dc-4dc1-a139-ec9f54e907a0.png,781406,0.6745221614837646,0.008795976638793945,0.4627389907836914
177918b1-c468-4cd3-ab55-a2e5588ec40f.png,507358,0.6709702014923096,0.007149934768676758,0.5197525024414062
0ec0279e-4891-4f97-a765-6e6a1500b2d0.png,492043,0.6653618812561035,0.01295328140258789,0.504378080368042
277e33c1-e61e-4be1-a3dd-0ee39dd997db.png,447135,0.6223349571228027,0.007399559020996094,0.52484130859375
00d83a64-a624-4ef2-a9b0-2666cde02218.png,581972,0.6699028015136719,0.017379283905029297,0.4541661739349365
0181d6f8-f366-448d-b0fd-8d0a8b45cea9.png,406667,1.1579015254974365,0.003566265106201172,1.0589852333068848
1e88df35-4ac6-4350-bb32-41c09a22d7a4.png,490546,0.6762740612030029,0.014564275741577148,0.4921393394470215
1869588e-218e-40cb-be35-27539b278535.png,466842,0.6298713684082031,0.01217961311340332,0.5221788883209229
2d2c2284-d7ba-4fce-9290-a3928b8d548d.png,698377,0.657461404800415,0.007993698120117188,0.4500291347503662
2036aaef-025e-4187-89d0-344f697a4546.png,859635,0.6307611465454102,0.006048679351806641,0.43691420555114746
23d4f5f9-c0ae-4050-bc7b-598fbf80e326.png,1271343,1.5176925659179688,0.0067386627197265625,1.2656137943267822
20b1eded-0838-4fd6-b86e-fd60d9072a4b.png,588654,0.81703782081604,0.0077342987060546875,0.6118154525756836
0c10ba0e-8d8f-45f7-ab7d-e34bf486bc30.png,1002197,1.525637149810791,0.006714820861816406,1.3507137298583984
0a8426c1-93b5-4f84-8d0e-f2e7a83fb6c3.png,410010,0.7771131992340088,0.003538370132446289,0.6422169208526611
17131c0c-8418-47c6-97fc-21534540ae6a.png,808680,0.6151154041290283,0.007567167282104492,0.4799675941467285
14b66200-2f5d-4088-8bbd-916a1708a9ac.png,480967,0.6834020614624023,0.006174564361572266,0.5873680114746094
0b2ea7dd-e924-46b3-9bee-da0e7e68341f.png,437895,0.68534255027771,0.011306047439575195,0.5422172546386719
0ec5a082-3489-46cf-94c6-884c384f17d5.png,598010,0.6975457668304443,0.02048468589782715,0.48526978492736816
22390b77-31da-4a4f-86b5-bc4e8947983a.png,501583,0.6961216926574707,0.00535893440246582,0.5842695236206055
198ba48e-1352-4cad-aaeb-304af1138fbb.png,484563,0.7019562721252441,0.01829695701599121,0.5654551982879639
177918b1-c468-4cd3-ab55-a2e5588ec40f.png,507358,0.8601112365722656,0.005284786224365234,0.7489326000213623
2b79ac47-479a-411a-a05c-96492192124d.png,733663,0.6954171657562256,0.010354280471801758,0.5178887844085693
0181d6f8-f366-448d-b0fd-8d0a8b45cea9.png,406667,1.0332672595977783,0.012144804000854492,0.9191105365753174
2d2c2284-d7ba-4fce-9290-a3928b8d548d.png,698377,1.064011573791504,0.011359930038452148,0.8345305919647217
14c0c190-e885-4937-89c2-f3d26416ef98.png,389301,0.5890166759490967,0.003014087677001953,0.452594518661499
011d634d-51dc-4dc1-a139-ec9f54e907a0.png,781406,0.7584574222564697,0.0025224685668945312,0.5725865364074707
0c10ba0e-8d8f-45f7-ab7d-e34bf486bc30.png,1002197,1.7673876285552979,0.006315708160400391,1.6382834911346436
277e33c1-e61e-4be1-a3dd-0ee39dd997db.png,447135,1.0544261932373047,0.006403684616088867,0.9197776317596436
2074ba95-9d2e-4039-8ad9-65ffaebb8c7f.png,341355,0.585228443145752,0.011618614196777344,0.4587688446044922
2036aaef-025e-4187-89d0-344f697a4546.png,859635,0.8970813751220703,0.009509086608886719,0.6522853374481201
0ec0279e-4891-4f97-a765-6e6a1500b2d0.png,492043,0.7583470344543457,0.002697467803955078,0.653465747833252
2013f6d1-e482-42d0-8861-6c9f2dc0eb55.png,507864,0.5831303596496582,0.010821342468261719,0.49172139167785645
0a8426c1-93b5-4f84-8d0e-f2e7a83fb6c3.png,410010,0.7782580852508545,0.017618179321289062,0.6281630992889404
177918b1-c468-4cd3-ab55-a2e5588ec40f.png,507358,1.252147912979126,0.005986213684082031,1.1367948055267334
14b66200-2f5d-4088-8bbd-916a1708a9ac.png,480967,1.461439847946167,0.012242317199707031,1.3149137496948242
1f98a9d5-4e20-4de9-a7d3-1f4eed9477fd.png,600693,0.6325366497039795,0.006104469299316406,0.4761016368865967
071fa44f-8cd9-477b-8fcb-b02a4ecd10d8.png,606955,0.6325356960296631,0.00459599494934082,0.4658036231994629
28a6709a-88dc-4f90-99d3-5416b4e4a51d.png,1475530,0.7905099391937256,0.012480020523071289,0.434495210647583
17131c0c-8418-47c6-97fc-21534540ae6a.png,808680,0.6447634696960449,0.003057718276977539,0.5082564353942871
2e4673a1-7057-4436-b7d2-d4df4b08946a.png,613870,0.6355926990509033,0.011029958724975586,0.4470646381378174
0b2ea7dd-e924-46b3-9bee-da0e7e68341f.png,437895,0.9490513801574707,0.007262706756591797,0.7966246604919434
14c0c190-e885-4937-89c2-f3d26416ef98.png,389301,0.8039383888244629,0.003023862838745117,0.6886591911315918
0ec5a082-3489-46cf-94c6-884c384f17d5.png,598010,0.9531548023223877,0.008932828903198242,0.7843620777130127
011d634d-51dc-4dc1-a139-ec9f54e907a0.png,781406,1.075434684753418,0.003376483917236328,0.8999075889587402
000b7b74-0a22-4d0c-b717-e240fdc5d555.png,563135,0.5632154941558838,0.005678415298461914,0.452089786529541
198ba48e-1352-4cad-aaeb-304af1138fbb.png,484563,0.9487359523773193,0.0073473453521728516,0.8109385967254639
2d2c2284-d7ba-4fce-9290-a3928b8d548d.png,698377,1.2676994800567627,0.01490926742553711,1.0685172080993652
277e33c1-e61e-4be1-a3dd-0ee39dd997db.png,447135,0.9696786403656006,0.0062713623046875,0.8238909244537354
14b66200-2f5d-4088-8bbd-916a1708a9ac.png,480967,1.447049617767334,0.0172574520111084,1.3466565608978271
1869588e-218e-40cb-be35-27539b278535.png,466842,0.5473630428314209,0.008601188659667969,0.42478394508361816
1ce99872-9f12-41cb-854a-e410004089d4.png,659981,0.7386517524719238,0.010476827621459961,0.536383867263794
0a3c75bb-4bd0-47c8-a2ba-e2aee92ad43f.png,679566,0.7286245822906494,0.008116006851196289,0.5168490409851074
0191d8b3-42e7-451a-a775-23fa86522749.png,446310,0.7452199459075928,0.01007533073425293,0.6173088550567627
2b79ac47-479a-411a-a05c-96492192124d.png,733663,0.735598087310791,0.011379718780517578,0.5454647541046143
22390b77-31da-4a4f-86b5-bc4e8947983a.png,501583,0.7432739734649658,0.015268802642822266,0.6052346229553223
0c10ba0e-8d8f-45f7-ab7d-e34bf486bc30.png,1002197,1.1335949897766113,0.011462926864624023,1.0006780624389648
11b30384-1954-4335-bbc1-e985d25bc652.png,561086,0.5536575317382812,0.009566783905029297,0.42040157318115234
2036aaef-025e-4187-89d0-344f697a4546.png,859635,1.1442365646362305,0.0057220458984375,0.8996448516845703
09376b19-149a-44d8-b958-133c98f049c0.png,584576,0.5175013542175293,0.014173746109008789,0.4062538146972656
1fdaac27-9006-4725-9195-175566572458.png,436643,0.5250697135925293,0.005631923675537109,0.4232523441314697
0a8426c1-93b5-4f84-8d0e-f2e7a83fb6c3.png,410010,0.9164891242980957,0.007015705108642578,0.7773356437683105
1e88df35-4ac6-4350-bb32-41c09a22d7a4.png,490546,0.7383642196655273,0.010287284851074219,0.5543010234832764
296039b7-61ef-49f4-bb48-59a533fb3813.png,883630,0.733156681060791,0.010300636291503906,0.5652084350585938
177918b1-c468-4cd3-ab55-a2e5588ec40f.png,507358,0.9299178123474121,0.01356196403503418,0.8125832080841064
0b2ea7dd-e924-46b3-9bee-da0e7e68341f.png,437895,0.9206202030181885,0.009930610656738281,0.7707903385162354
1e81e0d2-e55e-4daf-ba82-461bd7c0caad.png,430854,0.7368226051330566,0.008698225021362305,0.5402309894561768
1775215d-5a39-4cc7-a4e3-9ff9a032653d.png,547343,0.5372424125671387,0.014301776885986328,0.43280506134033203
0ec5a082-3489-46cf-94c6-884c384f17d5.png,598010,1.1491801738739014,0.013531923294067383,0.9707505702972412
198ba48e-1352-4cad-aaeb-304af1138fbb.png,484563,0.7562129497528076,0.007441997528076172,0.6013176441192627
25d9cece-f660-460f-b9e1-736f33c71c10.png,419408,0.759244441986084,0.01779627799987793,0.6179206371307373
2d2c2284-d7ba-4fce-9290-a3928b8d548d.png,698377,0.9504945278167725,0.005387306213378906,0.8109312057495117
071fa44f-8cd9-477b-8fcb-b02a4ecd10d8.png,606955,0.7531039714813232,0.006194353103637695,0.5672650337219238
0ec0279e-4891-4f97-a765-6e6a1500b2d0.png,492043,0.8271305561065674,0.011236190795898438,0.6640744209289551
1869588e-218e-40cb-be35-27539b278535.png,466842,0.5290937423706055,0.00752711296081543,0.4205465316772461
14b66200-2f5d-4088-8bbd-916a1708a9ac.png,480967,1.0815753936767578,0.006792306900024414,0.9818160533905029
28a6709a-88dc-4f90-99d3-5416b4e4a51d.png,1475530,0.7052843570709229,0.007827997207641602,0.4242401123046875
0191d8b3-42e7-451a-a775-23fa86522749.png,446310,0.7221312522888184,0.010385274887084961,0.585951566696167
177918b1-c468-4cd3-ab55-a2e5588ec40f.png,507358,0.9109928607940674,0.0029065608978271484,0.7642490863800049
1fdaac27-9006-4725-9195-175566572458.png,436643,0.8400359153747559,0.006346940994262695,0.728233814239502
198ba48e-1352-4cad-aaeb-304af1138fbb.png,484563,0.8430843353271484,0.009372472763061523,0.7335782051086426
1e81e0d2-e55e-4daf-ba82-461bd7c0caad.png,430854,0.8364007472991943,0.008449554443359375,0.6785976886749268
1775215d-5a39-4cc7-a4e3-9ff9a032653d.png,547343,0.6538834571838379,0.007790088653564453,0.5448930263519287
0a8426c1-93b5-4f84-8d0e-f2e7a83fb6c3.png,410010,0.836883544921875,0.005116939544677734,0.7273943424224854
2013f6d1-e482-42d0-8861-6c9f2dc0eb55.png,507864,0.6605703830718994,0.009974956512451172,0.5147545337677002
07d9f765-5d5b-44ba-93c1-fb8f822ba594.png,458180,0.6477363109588623,0.006742238998413086,0.496307373046875
113af5b7-17a4-4819-9895-e1c5ecf1d0b5.png,753130,0.6536502838134766,0.006862640380859375,0.47753095626831055
19a98fb2-0e2c-4c72-acf0-6c530ed8d718.png,817224,0.6144568920135498,0.009743213653564453,0.45110344886779785
1e88df35-4ac6-4350-bb32-41c09a22d7a4.png,490546,0.6655044555664062,0.009285688400268555,0.4626305103302002
296039b7-61ef-49f4-bb48-59a533fb3813.png,883630,0.6650006771087646,0.008173465728759766,0.4601778984069824
1f98a9d5-4e20-4de9-a7d3-1f4eed9477fd.png,600693,0.6913638114929199,0.0026667118072509766,0.5359315872192383
17131c0c-8418-47c6-97fc-21534540ae6a.png,808680,0.6648130416870117,0.009922027587890625,0.5163555145263672
25d9cece-f660-460f-b9e1-736f33c71c10.png,419408,0.8506643772125244,0.005556344985961914,0.7468898296356201
177918b1-c468-4cd3-ab55-a2e5588ec40f.png,507358,2.005401372909546,0.004975557327270508,1.8906910419464111
28a6709a-88dc-4f90-99d3-5416b4e4a51d.png,1475530,1.0293314456939697,0.007235527038574219,0.7230756282806396
1869588e-218e-40cb-be35-27539b278535.png,466842,0.8567996025085449,0.007050514221191406,0.7118337154388428
2b8fd115-c1d6-411b-99ce-c2abbf7040da.png,908959,0.8511316776275635,0.007944107055664062,0.6272945404052734
22390b77-31da-4a4f-86b5-bc4e8947983a.png,501583,0.6580173969268799,0.005799055099487305,0.5337033271789551
0181d6f8-f366-448d-b0fd-8d0a8b45cea9.png,406667,0.6747691631317139,0.004465341567993164,0.5469441413879395
0191d8b3-42e7-451a-a775-23fa86522749.png,446310,0.6434860229492188,0.003949403762817383,0.5363023281097412
0ec5a082-3489-46cf-94c6-884c384f17d5.png,598010,0.6379570960998535,0.005204677581787109,0.44971442222595215
1775215d-5a39-4cc7-a4e3-9ff9a032653d.png,547343,1.2348675727844238,0.006736278533935547,1.1163709163665771
1fdaac27-9006-4725-9195-175566572458.png,436643,1.0389015674591064,0.008372783660888672,0.9014873504638672
14b66200-2f5d-4088-8bbd-916a1708a9ac.png,480967,0.6841263771057129,0.0024454593658447266,0.5738623142242432
0ec0279e-4891-4f97-a765-6e6a1500b2d0.png,492043,0.5503296852111816,0.005873680114746094,0.41812944412231445
0b2ea7dd-e924-46b3-9bee-da0e7e68341f.png,437895,0.695138692855835,0.006318092346191406,0.5812692642211914
2036aaef-025e-4187-89d0-344f697a4546.png,859635,0.6947085857391357,0.004774570465087891,0.5000593662261963
19a98fb2-0e2c-4c72-acf0-6c530ed8d718.png,817224,0.8215081691741943,0.007688760757446289,0.634070873260498
0a8426c1-93b5-4f84-8d0e-f2e7a83fb6c3.png,410010,0.8295009136199951,0.008261919021606445,0.6859557628631592
113af5b7-17a4-4819-9895-e1c5ecf1d0b5.png,753130,0.8196468353271484,0.0036668777465820312,0.6442456245422363
2b8fd115-c1d6-411b-99ce-c2abbf7040da.png,908959,1.0422990322113037,0.00994873046875,0.8079583644866943
1dae0fcc-6723-45c0-bbad-b4ecc903ab78.png,640960,0.7033138275146484,0.0034978389739990234,0.5401275157928467
2e4673a1-7057-4436-b7d2-d4df4b08946a.png,613870,0.7426848411560059,0.00962686538696289,0.5332849025726318
25d9cece-f660-460f-b9e1-736f33c71c10.png,419408,0.7470409870147705,0.0047414302825927734,0.6448860168457031
22390b77-31da-4a4f-86b5-bc4e8947983a.png,501583,0.937772274017334,0.0030565261840820312,0.8210482597351074
177918b1-c468-4cd3-ab55-a2e5588ec40f.png,507358,0.7392385005950928,0.003413677215576172,0.5981564521789551
09376b19-149a-44d8-b958-133c98f049c0.png,584576,0.5596115589141846,0.0026977062225341797,0.44989848136901855
1775215d-5a39-4cc7-a4e3-9ff9a032653d.png,547343,1.4208168983459473,0.004852771759033203,1.2794275283813477
0181d6f8-f366-448d-b0fd-8d0a8b45cea9.png,406667,0.7494304180145264,0.006898403167724609,0.6491999626159668
00d83a64-a624-4ef2-a9b0-2666cde02218.png,581972,0.7193574905395508,0.01139974594116211,0.4990851879119873
2b8fd115-c1d6-411b-99ce-c2abbf7040da.png,908959,1.398214340209961,0.01177358627319336,1.1396167278289795
1e88df35-4ac6-4350-bb32-41c09a22d7a4.png,490546,0.7197375297546387,0.005922794342041016,0.5219321250915527
17131c0c-8418-47c6-97fc-21534540ae6a.png,808680,0.7249231338500977,0.01049494743347168,0.5377235412597656
23d4f5f9-c0ae-4050-bc7b-598fbf80e326.png,1271343,0.707474946975708,0.010596513748168945,0.40957212448120117
08e8ca79-9c10-4152-b6aa-a285b6eec951.png,661982,0.7230401039123535,0.008789777755737305,0.5336475372314453
0a8426c1-93b5-4f84-8d0e-f2e7a83fb6c3.png,410010,0.9221365451812744,0.0051267147064208984,0.7871811389923096
2074ba95-9d2e-4039-8ad9-65ffaebb8c7f.png,341355,0.7019698619842529,0.006338834762573242,0.545966625213623
14b66200-2f5d-4088-8bbd-916a1708a9ac.png,480967,0.9149417877197266,0.0040471553802490234,0.7953503131866455
12ae73f1-6a75-4664-895b-7caebfd435dc.png,594643,0.7137329578399658,0.006092071533203125,0.5478463172912598
0b2ea7dd-e924-46b3-9bee-da0e7e68341f.png,437895,0.9150786399841309,0.0050754547119140625,0.7849404811859131
2013f6d1-e482-42d0-8861-6c9f2dc0eb55.png,507864,0.7314205169677734,0.004897356033325195,0.6014630794525146
1fdaac27-9006-4725-9195-175566572458.png,436643,0.7814207077026367,0.002279520034790039,0.6759219169616699
1f98a9d5-4e20-4de9-a7d3-1f4eed9477fd.png,600693,0.6582076549530029,0.007017850875854492,0.5192255973815918
0181d6f8-f366-448d-b0fd-8d0a8b45cea9.png,406667,0.8336184024810791,0.00808572769165039,0.7051358222961426
25d9cece-f660-460f-b9e1-736f33c71c10.png,419408,1.1685292720794678,0.0024247169494628906,1.0749986171722412
28a6709a-88dc-4f90-99d3-5416b4e4a51d.png,1475530,0.8112521171569824,0.008346080780029297,0.48389148712158203
277e33c1-e61e-4be1-a3dd-0ee39dd997db.png,447135,0.6263132095336914,0.009709835052490234,0.4835205078125
2e4673a1-7057-4436-b7d2-d4df4b08946a.png,613870,1.1508028507232666,0.013440370559692383,0.9455459117889404
1f98a9d5-4e20-4de9-a7d3-1f4eed9477fd.png,600693,1.0009033679962158,0.007380247116088867,0.8362126350402832
2013f6d1-e482-42d0-8861-6c9f2dc0eb55.png,507864,0.996880292892456,0.004801034927368164,0.8683104515075684
2b8fd115-c1d6-411b-99ce-c2abbf7040da.png,908959,0.8025133609771729,0.0046596527099609375,0.5750937461853027
12ae73f1-6a75-4664-895b-7caebfd435dc.png,594643,0.8256912231445312,0.013002157211303711,0.6337640285491943
1775215d-5a39-4cc7-a4e3-9ff9a032653d.png,547343,0.8114888668060303,0.0072879791259765625,0.6703252792358398
0ec5a082-3489-46cf-94c6-884c384f17d5.png,598010,0.6506900787353516,0.002928018569946289,0.45377326011657715
17131c0c-8418-47c6-97fc-21534540ae6a.png,808680,0.6283843517303467,0.005123615264892578,0.48311662673950195
1dae0fcc-6723-45c0-bbad-b4ecc903ab78.png,640960,0.6319208145141602,0.006877422332763672,0.4380662441253662
0a8426c1-93b5-4f84-8d0e-f2e7a83fb6c3.png,410010,0.6302175521850586,0.004951953887939453,0.5024929046630859
0a3c75bb-4bd0-47c8-a2ba-e2aee92ad43f.png,679566,0.8207485675811768,0.011554718017578125,0.6026842594146729
113af5b7-17a4-4819-9895-e1c5ecf1d0b5.png,753130,0.638810396194458,0.007852792739868164,0.4467916488647461
1e88df35-4ac6-4350-bb32-41c09a22d7a4.png,490546,0.6350090503692627,0.009859323501586914,0.4192368984222412
0181d6f8-f366-448d-b0fd-8d0a8b45cea9.png,406667,0.580604076385498,0.00823354721069336,0.4752316474914551
17e65213-e8ff-4aa4-a562-f2a1caca35c7.png,815607,0.5945830345153809,0.017193078994750977,0.4187188148498535
198ba48e-1352-4cad-aaeb-304af1138fbb.png,484563,0.598383903503418,0.009045839309692383,0.4753584861755371
0c10ba0e-8d8f-45f7-ab7d-e34bf486bc30.png,1002197,0.582312822341919,0.008925676345825195,0.40582966804504395
25d9cece-f660-460f-b9e1-736f33c71c10.png,419408,0.9553341865539551,0.010219812393188477,0.8225958347320557
0ec0279e-4891-4f97-a765-6e6a1500b2d0.png,492043,0.5997607707977295,0.0069735050201416016,0.4705822467803955
0191d8b3-42e7-451a-a775-23fa86522749.png,446310,0.5850822925567627,0.010407447814941406,0.47570276260375977
1fdaac27-9006-4725-9195-175566572458.png,436643,0.6055154800415039,0.008927583694458008,0.5013940334320068
071fa44f-8cd9-477b-8fcb-b02a4ecd10d8.png,606955,0.5898432731628418,0.012412548065185547,0.39461231231689453
19a98fb2-0e2c-4c72-acf0-6c530ed8d718.png,817224,0.6107330322265625,0.005152702331542969,0.414198637008667
011d634d-51dc-4dc1-a139-ec9f54e907a0.png,781406,0.6160876750946045,0.0055942535400390625,0.4386427402496338
12ae73f1-6a75-4664-895b-7caebfd435dc.png,594643,0.898404598236084,0.0036749839782714844,0.7247562408447266
1775215d-5a39-4cc7-a4e3-9ff9a032653d.png,547343,1.0882658958435059,0.007372856140136719,0.9780402183532715
296039b7-61ef-49f4-bb48-59a533fb3813.png,883630,0.6150658130645752,0.0050830841064453125,0.4368934631347656
1f98a9d5-4e20-4de9-a7d3-1f4eed9477fd.png,600693,1.274024248123169,0.010646581649780273,1.0967059135437012
2b8fd115-c1d6-411b-99ce-c2abbf7040da.png,908959,0.901874303817749,0.013100862503051758,0.6487183570861816
0191d8b3-42e7-451a-a775-23fa86522749.png,446310,0.9114692211151123,0.007834911346435547,0.7984037399291992
19a98fb2-0e2c-4c72-acf0-6c530ed8d718.png,817224,0.8955137729644775,0.007310152053833008,0.7138667106628418
0a3c75bb-4bd0-47c8-a2ba-e2aee92ad43f.png,679566,0.8002228736877441,0.008194923400878906,0.5907273292541504
22390b77-31da-4a4f-86b5-bc4e8947983a.png,501583,0.622230052947998,0.005643606185913086,0.5024540424346924
12ae73f1-6a75-4664-895b-7caebfd435dc.png,594643,1.4768924713134766,0.008364200592041016,1.3008232116699219
011d634d-51dc-4dc1-a139-ec9f54e907a0.png,781406,0.8405578136444092,0.005333662033081055,0.6573750972747803
07d9f765-5d5b-44ba-93c1-fb8f822ba594.png,458180,0.6395611763000488,0.0094757080078125,0.5240969657897949
0b2ea7dd-e924-46b3-9bee-da0e7e68341f.png,437895,0.6461753845214844,0.005300760269165039,0.5065405368804932
277e33c1-e61e-4be1-a3dd-0ee39dd997db.png,447135,0.6225574016571045,0.005489349365234375,0.4981040954589844
2b79ac47-479a-411a-a05c-96492192124d.png,733663,0.697650671005249,0.01096200942993164,0.5337624549865723
0ec0279e-4891-4f97-a765-6e6a1500b2d0.png,492043,0.7054827213287354,0.012885808944702148,0.535322904586792
08e8ca79-9c10-4152-b6aa-a285b6eec951.png,661982,0.7017180919647217,0.013473033905029297,0.5052361488342285
28a6709a-88dc-4f90-99d3-5416b4e4a51d.png,1475530,0.9126989841461182,0.0040056705474853516,0.605412483215332
1e88df35-4ac6-4350-bb32-41c09a22d7a4.png,490546,0.7061259746551514,0.009907245635986328,0.492769718170166
1ce99872-9f12-41cb-854a-e410004089d4.png,659981,0.6982066631317139,0.010207653045654297,0.5052144527435303
000b7b74-0a22-4d0c-b717-e240fdc5d555.png,563135,0.6989285945892334,0.007777214050292969,0.5640125274658203
2013f6d1-e482-42d0-8861-6c9f2dc0eb55.png,507864,0.702124834060669,0.009113311767578125,0.5538270473480225
1dae0fcc-6723-45c0-bbad-b4ecc903ab78.png,640960,0.8433983325958252,0.018713951110839844,0.5985841751098633
04305dd9-2607-4bd2-99d6-58a989fced80.png,488295,0.5782337188720703,0.006285905838012695,0.4701194763183594
1f98a9d5-4e20-4de9-a7d3-1f4eed9477fd.png,600693,1.3274145126342773,0.010349750518798828,1.1593093872070312
0191d8b3-42e7-451a-a775-23fa86522749.png,446310,0.8454873561859131,0.008443593978881836,0.7325482368469238
12ae73f1-6a75-4664-895b-7caebfd435dc.png,594643,0.9776289463043213,0.007628917694091797,0.7704727649688721
071fa44f-8cd9-477b-8fcb-b02a4ecd10d8.png,606955,0.7118692398071289,0.008717536926269531,0.5188162326812744
23d4f5f9-c0ae-4050-bc7b-598fbf80e326.png,1271343,0.8321707248687744,0.012825250625610352,0.5291416645050049
0ec5a082-3489-46cf-94c6-884c384f17d5.png,598010,0.7112834453582764,0.005696296691894531,0.5152220726013184
19a98fb2-0e2c-4c72-acf0-6c530ed8d718.png,817224,0.8397994041442871,0.006961345672607422,0.6328849792480469
1e88df35-4ac6-4350-bb32-41c09a22d7a4.png,490546,0.9834353923797607,0.022800922393798828,0.743870735168457
011d634d-51dc-4dc1-a139-ec9f54e907a0.png,781406,0.9698421955108643,0.006730794906616211,0.7815828323364258
0ec0279e-4891-4f97-a765-6e6a1500b2d0.png,492043,0.6573038101196289,0.005109548568725586,0.5507194995880127
17e65213-e8ff-4aa4-a562-f2a1caca35c7.png,815607,0.6645903587341309,0.00500798225402832,0.49082279205322266
2e4673a1-7057-4436-b7d2-d4df4b08946a.png,613870,0.6590216159820557,0.006309032440185547,0.49561309814453125
04305dd9-2607-4bd2-99d6-58a989fced80.png,488295,0.839590311050415,0.007722377777099609,0.715247392654419
08e8ca79-9c10-4152-b6aa-a285b6eec951.png,661982,0.972113847732544,0.014188766479492188,0.801750898361206
28a6709a-88dc-4f90-99d3-5416b4e4a51d.png,1475530,1.0994811058044434,0.018725156784057617,0.747718334197998
000b7b74-0a22-4d0c-b717-e240fdc5d555.png,563135,0.9985525608062744,0.003688812255859375,0.8286299705505371
0a3c75bb-4bd0-47c8-a2ba-e2aee92ad43f.png,679566,0.6668610572814941,0.007733345031738281,0.47706079483032227
17131c0c-8418-47c6-97fc-21534540ae6a.png,808680,0.6008095741271973,0.006471395492553711,0.4393434524536133
09376b19-149a-44d8-b958-133c98f049c0.png,584576,0.5558829307556152,0.007155656814575195,0.4536011219024658
1fdaac27-9006-4725-9195-175566572458.png,436643,0.6277298927307129,0.006109714508056641,0.5155267715454102
1ce99872-9f12-41cb-854a-e410004089d4.png,659981,0.5523605346679688,0.0042989253997802734,0.3802034854888916
04f48a9f-5c84-4e8a-9b32-9c1ccf2e78da.png,675902,0.5534529685974121,0.006560087203979492,0.37251949310302734
07d9f765-5d5b-44ba-93c1-fb8f822ba594.png,458180,0.6278493404388428,0.006999015808105469,0.467498779296875
19a98fb2-0e2c-4c72-acf0-6c530ed8d718.png,817224,1.315438985824585,0.009592533111572266,1.1207067966461182
14c0c190-e885-4937-89c2-f3d26416ef98.png,389301,0.593355655670166,0.01124715805053711,0.4532341957092285
0ec0279e-4891-4f97-a765-6e6a1500b2d0.png,492043,0.7961711883544922,0.005147695541381836,0.6806442737579346
12ae73f1-6a75-4664-895b-7caebfd435dc.png,594643,0.801713228225708,0.008450746536254883,0.629798412322998
1f98a9d5-4e20-4de9-a7d3-1f4eed9477fd.png,600693,0.5873410701751709,0.011252164840698242,0.4080038070678711
11b30384-1954-4335-bbc1-e985d25bc652.png,561086,0.5953361988067627,0.013116598129272461,0.45638370513916016
23d4f5f9-c0ae-4050-bc7b-598fbf80e326.png,1271343,0.997063159942627,0.008722305297851562,0.6800549030303955
1e81e0d2-e55e-4daf-ba82-461bd7c0caad.png,430854,0.5954477787017822,0.00910496711730957,0.401885986328125
0b2ea7dd-e924-46b3-9bee-da0e7e68341f.png,437895,0.6051087379455566,0.0050699710845947266,0.4898340702056885
1dae0fcc-6723-45c0-bbad-b4ecc903ab78.png,640960,0.6032416820526123,0.009151220321655273,0.3943822383880615
17e65213-e8ff-4aa4-a562-f2a1caca35c7.png,815607,0.8791987895965576,0.0077440738677978516,0.6792268753051758
28a6709a-88dc-4f90-99d3-5416b4e4a51d.png,1475530,0.7309575080871582,0.006747007369995117,0.3915247917175293
08e8ca79-9c10-4152-b6aa-a285b6eec951.png,661982,0.8742144107818604,0.00524592399597168,0.7414326667785645
2036aaef-025e-4187-89d0-344f697a4546.png,859635,0.7351799011230469,0.006557941436767578,0.5089080333709717
177918b1-c468-4cd3-ab55-a2e5588ec40f.png,507358,0.6045596599578857,0.010131597518920898,0.4890940189361572
20b1eded-0838-4fd6-b86e-fd60d9072a4b.png,588654,0.6146667003631592,0.009698629379272461,0.4351956844329834
07d9f765-5d5b-44ba-93c1-fb8f822ba594.png,458180,0.6157071590423584,0.01708364486694336,0.45061731338500977
19a98fb2-0e2c-4c72-acf0-6c530ed8d718.png,817224,1.7862205505371094,0.0032813549041748047,1.5988073348999023
1ce99872-9f12-41cb-854a-e410004089d4.png,659981,0.7569334506988525,0.017203092575073242,0.5488593578338623
2d2c2284-d7ba-4fce-9290-a3928b8d548d.png,698377,0.6240286827087402,0.008195161819458008,0.46204519271850586
11b30384-1954-4335-bbc1-e985d25bc652.png,561086,0.6149990558624268,0.006389617919921875,0.49956178665161133
113af5b7-17a4-4819-9895-e1c5ecf1d0b5.png,753130,0.7597222328186035,0.006927490234375,0.5646324157714844
000b7b74-0a22-4d0c-b717-e240fdc5d555.png,563135,0.6479690074920654,0.003021240234375,0.5320138931274414
1dae0fcc-6723-45c0-bbad-b4ecc903ab78.png,640960,0.9059021472930908,0.010365486145019531,0.7294268608093262
071fa44f-8cd9-477b-8fcb-b02a4ecd10d8.png,606955,0.6197879314422607,0.007508277893066406,0.439037561416626
0a3c75bb-4bd0-47c8-a2ba-e2aee92ad43f.png,679566,0.7755868434906006,0.019475698471069336,0.5475325584411621
0ec5a082-3489-46cf-94c6-884c384f17d5.png,598010,0.7270755767822266,0.010675430297851562,0.5277359485626221
09376b19-149a-44d8-b958-133c98f049c0.png,584576,0.5939323902130127,0.016926050186157227,0.4623699188232422
177918b1-c468-4cd3-ab55-a2e5588ec40f.png,507358,0.771827220916748,0.010257959365844727,0.6387355327606201
17e65213-e8ff-4aa4-a562-f2a1caca35c7.png,815607,0.7676503658294678,0.011021137237548828,0.5612685680389404
198ba48e-1352-4cad-aaeb-304af1138fbb.png,484563,0.595130205154419,0.008945226669311523,0.484417200088501
1e88df35-4ac6-4350-bb32-41c09a22d7a4.png,490546,0.9183902740478516,0.007900238037109375,0.7375128269195557
2ccc7c34-aa70-4ea3-8a76-9a7e311ab5fb.png,541543,0.9693949222564697,0.015491724014282227,0.7981796264648438
19a98fb2-0e2c-4c72-acf0-6c530ed8d718.png,817224,1.4774224758148193,0.003432035446166992,1.305114984512329
1869588e-218e-40cb-be35-27539b278535.png,466842,0.5939700603485107,0.004559516906738281,0.46559572219848633
20b1eded-0838-4fd6-b86e-fd60d9072a4b.png,588654,1.0816094875335693,0.011408567428588867,0.9053378105163574
0c10ba0e-8d8f-45f7-ab7d-e34bf486bc30.png,1002197,0.7460763454437256,0.01325082778930664,0.5701296329498291
2b8fd115-c1d6-411b-99ce-c2abbf7040da.png,908959,0.7471535205841064,0.00976705551147461,0.5179250240325928
08e8ca79-9c10-4152-b6aa-a285b6eec951.png,661982,1.0931177139282227,0.012612581253051758,0.8803250789642334
14c0c190-e885-4937-89c2-f3d26416ef98.png,389301,0.6102385520935059,0.0073451995849609375,0.46957826614379883
1dae0fcc-6723-45c0-bbad-b4ecc903ab78.png,640960,1.2611851692199707,0.006558418273925781,1.0508787631988525
113af5b7-17a4-4819-9895-e1c5ecf1d0b5.png,753130,1.1380717754364014,0.01226496696472168,0.9460721015930176
25d9cece-f660-460f-b9e1-736f33c71c10.png,419408,0.7997372150421143,0.011930227279663086,0.6632139682769775
011d634d-51dc-4dc1-a139-ec9f54e907a0.png,781406,0.9496283531188965,0.015188932418823242,0.7605090141296387
1ce99872-9f12-41cb-854a-e410004089d4.png,659981,0.7217764854431152,0.004564523696899414,0.5500636100769043
19a98fb2-0e2c-4c72-acf0-6c530ed8d718.png,817224,1.014195203781128,0.008517742156982422,0.8296136856079102
12ae73f1-6a75-4664-895b-7caebfd435dc.png,594643,0.8662519454956055,0.006143331527709961,0.7003045082092285
17131c0c-8418-47c6-97fc-21534540ae6a.png,808680,1.0046474933624268,0.007833719253540039,0.8496050834655762
0a3c75bb-4bd0-47c8-a2ba-e2aee92ad43f.png,679566,1.230727195739746,0.007888317108154297,1.026839017868042
011d634d-51dc-4dc1-a139-ec9f54e907a0.png,781406,1.0957748889923096,0.008268356323242188,0.9322638511657715
0c10ba0e-8d8f-45f7-ab7d-e34bf486bc30.png,1002197,1.0923852920532227,0.007441282272338867,0.9459211826324463
09376b19-149a-44d8-b958-133c98f049c0.png,584576,0.9513993263244629,0.0050923824310302734,0.8176712989807129
17e65213-e8ff-4aa4-a562-f2a1caca35c7.png,815607,0.788959264755249,0.003810405731201172,0.6137635707855225
14c0c190-e885-4937-89c2-f3d26416ef98.png,389301,0.9519455432891846,0.0058650970458984375,0.8424432277679443
2d2c2284-d7ba-4fce-9290-a3928b8d548d.png,698377,0.8050072193145752,0.004409074783325195,0.6247601509094238
177918b1-c468-4cd3-ab55-a2e5588ec40f.png,507358,0.7987463474273682,0.006742238998413086,0.6641452312469482
25d9cece-f660-460f-b9e1-736f33c71c10.png,419408,1.0972490310668945,0.007123708724975586,0.9954581260681152
1e88df35-4ac6-4350-bb32-41c09a22d7a4.png,490546,0.8079981803894043,0.004542827606201172,0.6343772411346436
0ec5a082-3489-46cf-94c6-884c384f17d5.png,598010,0.8026273250579834,0.007547616958618164,0.6272964477539062
1f98a9d5-4e20-4de9-a7d3-1f4eed9477fd.png,600693,0.8044352531433105,0.011174678802490234,0.6224536895751953
04f48a9f-5c84-4e8a-9b32-9c1ccf2e78da.png,675902,0.6500513553619385,0.008235454559326172,0.4955127239227295
04305dd9-2607-4bd2-99d6-58a989fced80.png,488295,0.603309154510498,0.0029382705688476562,0.5011105537414551
20b1eded-0838-4fd6-b86e-fd60d9072a4b.png,588654,1.1160452365875244,0.005490541458129883,0.9302964210510254
113af5b7-17a4-4819-9895-e1c5ecf1d0b5.png,753130,0.8047614097595215,0.00436711311340332,0.6659562587738037
1fdaac27-9006-4725-9195-175566572458.png,436643,0.6540451049804688,0.0048062801361083984,0.5431983470916748
0ec0279e-4891-4f97-a765-6e6a1500b2d0.png,492043,0.7662532329559326,0.005237102508544922,0.6575202941894531
2036aaef-025e-4187-89d0-344f697a4546.png,859635,0.8507308959960938,0.003480672836303711,0.6368803977966309
296039b7-61ef-49f4-bb48-59a533fb3813.png,883630,0.8103525638580322,0.0071163177490234375,0.6071062088012695
2013f6d1-e482-42d0-8861-6c9f2dc0eb55.png,507864,0.6061453819274902,0.00270843505859375,0.5231878757476807
07d9f765-5d5b-44ba-93c1-fb8f822ba594.png,458180,0.7700417041778564,0.003956794738769531,0.6363010406494141
23d4f5f9-c0ae-4050-bc7b-598fbf80e326.png,1271343,0.7553670406341553,0.007358074188232422,0.40718555450439453
1dae0fcc-6723-45c0-bbad-b4ecc903ab78.png,640960,0.6371080875396729,0.003732919692993164,0.43689656257629395
1e88df35-4ac6-4350-bb32-41c09a22d7a4.png,490546,1.4428517818450928,0.011363506317138672,1.2405304908752441
0ec5a082-3489-46cf-94c6-884c384f17d5.png,598010,0.9864938259124756,0.0069713592529296875,0.8095204830169678
17e65213-e8ff-4aa4-a562-f2a1caca35c7.png,815607,1.1402945518493652,0.006350040435791016,0.9821343421936035
17131c0c-8418-47c6-97fc-21534540ae6a.png,808680,0.8250226974487305,0.005368232727050781,0.6291358470916748
2b79ac47-479a-411a-a05c-96492192124d.png,733663,0.6412324905395508,0.004118204116821289,0.461317777633667
09376b19-149a-44d8-b958-133c98f049c0.png,584576,0.9932107925415039,0.007515907287597656,0.8577902317047119
113af5b7-17a4-4819-9895-e1c5ecf1d0b5.png,753130,0.9880638122558594,0.007147550582885742,0.8125243186950684
1f98a9d5-4e20-4de9-a7d3-1f4eed9477fd.png,600693,0.9912145137786865,0.00863790512084961,0.8273231983184814
177918b1-c468-4cd3-ab55-a2e5588ec40f.png,507358,0.7247085571289062,0.005044221878051758,0.5914793014526367
00d83a64-a624-4ef2-a9b0-2666cde02218.png,581972,0.7884731292724609,0.008813619613647461,0.5775995254516602
08e8ca79-9c10-4152-b6aa-a285b6eec951.png,661982,0.6786677837371826,0.018639087677001953,0.4591841697692871
19a98fb2-0e2c-4c72-acf0-6c530ed8d718.png,817224,0.6639482975006104,0.007930517196655273,0.46216511726379395
0191d8b3-42e7-451a-a775-23fa86522749.png,446310,0.6578264236450195,0.0074329376220703125,0.5231130123138428
0a8426c1-93b5-4f84-8d0e-f2e7a83fb6c3.png,410010,0.6590306758880615,0.006954669952392578,0.5095956325531006
000b7b74-0a22-4d0c-b717-e240fdc5d555.png,563135,0.6707255840301514,0.015317201614379883,0.5258691310882568
12ae73f1-6a75-4664-895b-7caebfd435dc.png,594643,0.8542971611022949,0.013423681259155273,0.6361877918243408
0ec0279e-4891-4f97-a765-6e6a1500b2d0.png,492043,0.690232515335083,0.009928226470947266,0.5762050151824951
0a3c75bb-4bd0-47c8-a2ba-e2aee92ad43f.png,679566,0.8669350147247314,0.014307737350463867,0.6409063339233398
1e88df35-4ac6-4350-bb32-41c09a22d7a4.png,490546,0.8759870529174805,0.010823965072631836,0.7028851509094238
11b30384-1954-4335-bbc1-e985d25bc652.png,561086,0.704035758972168,0.007651329040527344,0.5985453128814697
22390b77-31da-4a4f-86b5-bc4e8947983a.png,501583,0.7055535316467285,0.0062673091888427734,0.5700821876525879
2036aaef-025e-4187-89d0-344f697a4546.png,859635,1.0992636680603027,0.0045318603515625,0.8759195804595947
277e33c1-e61e-4be1-a3dd-0ee39dd997db.png,447135,0.6908011436462402,0.01031947135925293,0.5500388145446777
1869588e-218e-40cb-be35-27539b278535.png,466842,0.701240062713623,0.014398574829101562,0.5799756050109863
2074ba95-9d2e-4039-8ad9-65ffaebb8c7f.png,341355,0.6926488876342773,0.00654149055480957,0.5707683563232422
0ec5a082-3489-46cf-94c6-884c384f17d5.png,598010,0.6967558860778809,0.011072635650634766,0.49148011207580566
23d4f5f9-c0ae-4050-bc7b-598fbf80e326.png,1271343,0.8699147701263428,0.010739803314208984,0.5446064472198486
09376b19-149a-44d8-b958-133c98f049c0.png,584576,0.8854947090148926,0.026827096939086914,0.7149543762207031
07d9f765-5d5b-44ba-93c1-fb8f822ba594.png,458180,0.6746222972869873,0.006253957748413086,0.5411579608917236
1f98a9d5-4e20-4de9-a7d3-1f4eed9477fd.png,600693,1.259375810623169,0.006795167922973633,1.1024725437164307
00d83a64-a624-4ef2-a9b0-2666cde02218.png,581972,0.681664228439331,0.0032639503479003906,0.47261857986450195
1dae0fcc-6723-45c0-bbad-b4ecc903ab78.png,640960,0.6884105205535889,0.00490260124206543,0.46449875831604004
17131c0c-8418-47c6-97fc-21534540ae6a.png,808680,0.6898512840270996,0.006204843521118164,0.5325291156768799
177918b1-c468-4cd3-ab55-a2e5588ec40f.png,507358,1.0230340957641602,0.007709503173828125,0.8761248588562012
2ccc7c34-aa70-4ea3-8a76-9a7e311ab5fb.png,541543,0.4919421672821045,0.0076601505279541016,0.36675071716308594
23d4f5f9-c0ae-4050-bc7b-598fbf80e326.png,1271343,0.9816694259643555,0.00654292106628418,0.7079653739929199
19a98fb2-0e2c-4c72-acf0-6c530ed8d718.png,817224,0.9896023273468018,0.0035185813903808594,0.8396191596984863
0a8426c1-93b5-4f84-8d0e-f2e7a83fb6c3.png,410010,0.8216118812561035,0.004694223403930664,0.6832361221313477
08e8ca79-9c10-4152-b6aa-a285b6eec951.png,661982,0.980689287185669,0.007513999938964844,0.8323853015899658
011d634d-51dc-4dc1-a139-ec9f54e907a0.png,781406,0.6608433723449707,0.005548238754272461,0.47673749923706055
04f48a9f-5c84-4e8a-9b32-9c1ccf2e78da.png,675902,0.6649024486541748,0.006710529327392578,0.5151975154876709
1fdaac27-9006-4725-9195-175566572458.png,436643,0.6070337295532227,0.004202842712402344,0.49334073066711426
2036aaef-025e-4187-89d0-344f697a4546.png,859635,0.999380350112915,0.00417637825012207,0.7644925117492676
2b79ac47-479a-411a-a05c-96492192124d.png,733663,0.6662535667419434,0.006621837615966797,0.5067663192749023
1e88df35-4ac6-4350-bb32-41c09a22d7a4.png,490546,0.9036448001861572,0.0027093887329101562,0.7139272689819336
0181d6f8-f366-448d-b0fd-8d0a8b45cea9.png,406667,0.4928750991821289,0.007509708404541016,0.3606865406036377
0a3c75bb-4bd0-47c8-a2ba-e2aee92ad43f.png,679566,0.6670145988464355,0.006250858306884766,0.4899406433105469
12ae73f1-6a75-4664-895b-7caebfd435dc.png,594643,0.9909381866455078,0.004442453384399414,0.8415658473968506
1869588e-218e-40cb-be35-27539b278535.png,466842,0.630394697189331,0.0070416927337646484,0.4753601551055908
04305dd9-2607-4bd2-99d6-58a989fced80.png,488295,0.6313512325286865,0.01165318489074707,0.5053236484527588
1775215d-5a39-4cc7-a4e3-9ff9a032653d.png,547343,0.6221926212310791,0.011870622634887695,0.49863386154174805
11b30384-1954-4335-bbc1-e985d25bc652.png,561086,0.6116955280303955,0.017083406448364258,0.46685290336608887
07d9f765-5d5b-44ba-93c1-fb8f822ba594.png,458180,0.6345183849334717,0.014497041702270508,0.505561351776123
2013f6d1-e482-42d0-8861-6c9f2dc0eb55.png,507864,0.6192967891693115,0.014851093292236328,0.47687435150146484
0c10ba0e-8d8f-45f7-ab7d-e34bf486bc30.png,1002197,0.9317452907562256,0.013508796691894531,0.7451572418212891
0ec5a082-3489-46cf-94c6-884c384f17d5.png,598010,0.9281566143035889,0.009917974472045898,0.7361507415771484
19a98fb2-0e2c-4c72-acf0-6c530ed8d718.png,817224,0.9483380317687988,0.009544849395751953,0.7740652561187744
071fa44f-8cd9-477b-8fcb-b02a4ecd10d8.png,606955,0.9253518581390381,0.012994527816772461,0.732438325881958
2d2c2284-d7ba-4fce-9290-a3928b8d548d.png,698377,0.7860217094421387,0.006372928619384766,0.6256289482116699
17131c0c-8418-47c6-97fc-21534540ae6a.png,808680,0.9669435024261475,0.00281524658203125,0.7670803070068359
0a3c75bb-4bd0-47c8-a2ba-e2aee92ad43f.png,679566,1.486220121383667,0.005539417266845703,1.3236706256866455
23d4f5f9-c0ae-4050-bc7b-598fbf80e326.png,1271343,1.1474051475524902,0.0070705413818359375,0.8517551422119141
2ccc7c34-aa70-4ea3-8a76-9a7e311ab5fb.png,541543,0.7845456600189209,0.0048007965087890625,0.6516942977905273
011d634d-51dc-4dc1-a139-ec9f54e907a0.png,781406,0.9330933094024658,0.009601593017578125,0.7582151889801025
14c0c190-e885-4937-89c2-f3d26416ef98.png,389301,0.8095316886901855,0.001997232437133789,0.69576096534729
25d9cece-f660-460f-b9e1-736f33c71c10.png,419408,0.698981761932373,0.010202169418334961,0.5454211235046387
12ae73f1-6a75-4664-895b-7caebfd435dc.png,594643,0.9923360347747803,0.015352964401245117,0.808319091796875
1e88df35-4ac6-4350-bb32-41c09a22d7a4.png,490546,0.6877508163452148,0.0062596797943115234,0.5304181575775146
00d83a64-a624-4ef2-a9b0-2666cde02218.png,581972,0.6928551197052002,0.0051076412200927734,0.5050563812255859
28a6709a-88dc-4f90-99d3-5416b4e4a51d.png,1475530,0.8414382934570312,0.006777763366699219,0.5125031471252441
20b1eded-0838-4fd6-b86e-fd60d9072a4b.png,588654,0.7750921249389648,0.011574506759643555,0.5624949932098389
0191d8b3-42e7-451a-a775-23fa86522749.png,446310,0.6015274524688721,0.0025446414947509766,0.5037047863006592
08e8ca79-9c10-4152-b6aa-a285b6eec951.png,661982,0.7535784244537354,0.009115219116210938,0.5707130432128906
2e4673a1-7057-4436-b7d2-d4df4b08946a.png,613870,0.750891923904419,0.004941463470458984,0.57552170753479
1fdaac27-9006-4725-9195-175566572458.png,436643,0.771456241607666,0.010482549667358398,0.6516022682189941
07d9f765-5d5b-44ba-93c1-fb8f822ba594.png,458180,0.4893364906311035,0.00412297248840332,0.3524632453918457
1775215d-5a39-4cc7-a4e3-9ff9a032653d.png,547343,0.9642620086669922,0.003604412078857422,0.8474910259246826
2036aaef-025e-4187-89d0-344f697a4546.png,859635,0.6597776412963867,0.0037260055541992188,0.4323122501373291
177918b1-c468-4cd3-ab55-a2e5588ec40f.png,507358,0.589432954788208,0.005750179290771484,0.4791865348815918
1869588e-218e-40cb-be35-27539b278535.png,466842,1.0655977725982666,0.008073568344116211,0.9277503490447998
296039b7-61ef-49f4-bb48-59a533fb3813.png,883630,0.6107282638549805,0.006043434143066406,0.44020748138427734
23d4f5f9-c0ae-4050-bc7b-598fbf80e326.png,1271343,1.4433183670043945,0.009094715118408203,1.1493663787841797
1dae0fcc-6723-45c0-bbad-b4ecc903ab78.png,640960,0.6764712333679199,0.007494688034057617,0.4670445919036865
00d83a64-a624-4ef2-a9b0-2666cde02218.png,581972,1.0068912506103516,0.008713960647583008,0.8181593418121338
071fa44f-8cd9-477b-8fcb-b02a4ecd10d8.png,606955,1.1556193828582764,0.013628721237182617,0.9434595108032227
1fdaac27-9006-4725-9195-175566572458.png,436643,1.1377365589141846,0.009865283966064453,1.008592128753662
14c0c190-e885-4937-89c2-f3d26416ef98.png,389301,0.893749475479126,0.005049705505371094,0.7837591171264648
28a6709a-88dc-4f90-99d3-5416b4e4a51d.png,1475530,1.2098793983459473,0.006104946136474609,0.8718581199645996
14b66200-2f5d-4088-8bbd-916a1708a9ac.png,480967,0.6148524284362793,0.008353471755981445,0.5070977210998535
25d9cece-f660-460f-b9e1-736f33c71c10.png,419408,0.6480824947357178,0.008155107498168945,0.4962925910949707
2b79ac47-479a-411a-a05c-96492192124d.png,733663,0.6361463069915771,0.005828380584716797,0.4585874080657959
11b30384-1954-4335-bbc1-e985d25bc652.png,561086,0.661881685256958,0.012521505355834961,0.5003125667572021
17131c0c-8418-47c6-97fc-21534540ae6a.png,808680,0.6579391956329346,0.013878822326660156,0.45510029792785645
0ec0279e-4891-4f97-a765-6e6a1500b2d0.png,492043,0.6106374263763428,0.0070705413818359375,0.45689916610717773
07d9f765-5d5b-44ba-93c1-fb8f822ba594.png,458180,0.9838788509368896,0.008172273635864258,0.859539270401001
277e33c1-e61e-4be1-a3dd-0ee39dd997db.png,447135,0.7871706485748291,0.007037639617919922,0.6343984603881836
296039b7-61ef-49f4-bb48-59a533fb3813.png,883630,0.8579187393188477,0.01196146011352539,0.6422677040100098
2036aaef-025e-4187-89d0-344f697a4546.png,859635,0.7412681579589844,0.007449626922607422,0.5077884197235107
1e81e0d2-e55e-4daf-ba82-461bd7c0caad.png,430854,0.6856157779693604,0.0058367252349853516,0.521045446395874
2074ba95-9d2e-4039-8ad9-65ffaebb8c7f.png,341355,0.8333232402801514,0.006807088851928711,0.6325604915618896
0181d6f8-f366-448d-b0fd-8d0a8b45cea9.png,406667,0.7470793724060059,0.009470939636230469,0.6227226257324219
177918b1-c468-4cd3-ab55-a2e5588ec40f.png,507358,0.7429313659667969,0.008264780044555664,0.6300015449523926
14c0c190-e885-4937-89c2-f3d26416ef98.png,389301,1.5269925594329834,0.00775146484375,1.360539197921753
2d2c2284-d7ba-4fce-9290-a3928b8d548d.png,698377,0.8580503463745117,0.013434886932373047,0.619074821472168
0a3c75bb-4bd0-47c8-a2ba-e2aee92ad43f.png,679566,0.8654038906097412,0.021901845932006836,0.6368298530578613
23d4f5f9-c0ae-4050-bc7b-598fbf80e326.png,1271343,0.8396503925323486,0.009487628936767578,0.5019958019256592
20b1eded-0838-4fd6-b86e-fd60d9072a4b.png,588654,0.7601897716522217,0.003618955612182617,0.6144320964813232
0b2ea7dd-e924-46b3-9bee-da0e7e68341f.png,437895,0.7827930450439453,0.004045963287353516,0.6238415241241455
17131c0c-8418-47c6-97fc-21534540ae6a.png,808680,1.050835371017456,0.008303642272949219,0.8468406200408936
1e88df35-4ac6-4350-bb32-41c09a22d7a4.png,490546,0.6915209293365479,0.002766847610473633,0.5246553421020508
25d9cece-f660-460f-b9e1-736f33c71c10.png,419408,1.0406494140625,0.011631250381469727,0.8742160797119141
28a6709a-88dc-4f90-99d3-5416b4e4a51d.png,1475530,0.997058629989624,0.00668787956237793,0.6538705825805664
08e8ca79-9c10-4152-b6aa-a285b6eec951.png,661982,0.697014570236206,0.005127906799316406,0.5636427402496338
17e65213-e8ff-4aa4-a562-f2a1caca35c7.png,815607,0.7643511295318604,0.003800630569458008,0.5582599639892578
0ec0279e-4891-4f97-a765-6e6a1500b2d0.png,492043,0.6760540008544922,0.0037293434143066406,0.5493807792663574
1e81e0d2-e55e-4daf-ba82-461bd7c0caad.png,430854,1.14561128616333,0.007174015045166016,0.9251766204833984
296039b7-61ef-49f4-bb48-59a533fb3813.png,883630,1.0217018127441406,0.005648374557495117,0.8303537368774414
177918b1-c468-4cd3-ab55-a2e5588ec40f.png,507358,0.9281103610992432,0.0032596588134765625,0.8011624813079834
14b66200-2f5d-4088-8bbd-916a1708a9ac.png,480967,0.6970548629760742,0.0027306079864501953,0.600269079208374
07d9f765-5d5b-44ba-93c1-fb8f822ba594.png,458180,1.019810438156128,0.004026174545288086,0.903496503829956
0ec5a082-3489-46cf-94c6-884c384f17d5.png,598010,0.6247210502624512,0.0028803348541259766,0.44850635528564453
09376b19-149a-44d8-b958-133c98f049c0.png,584576,0.5240721702575684,0.0045087337493896484,0.42496180534362793
2ccc7c34-aa70-4ea3-8a76-9a7e311ab5fb.png,541543,0.4660184383392334,0.00589752197265625,0.33827877044677734
04305dd9-2607-4bd2-99d6-58a989fced80.png,488295,0.4722776412963867,0.0068204402923583984,0.33419036865234375
2e4673a1-7057-4436-b7d2-d4df4b08946a.png,613870,0.6702251434326172,0.008582353591918945,0.467421293258667
0181d6f8-f366-448d-b0fd-8d0a8b45cea9.png,406667,0.673029899597168,0.011319875717163086,0.522047758102417
14c0c190-e885-4937-89c2-f3d26416ef98.png,389301,1.2310633659362793,0.00960850715637207,1.116321325302124
2013f6d1-e482-42d0-8861-6c9f2dc0eb55.png,507864,0.46077489852905273,0.006621837615966797,0.33858585357666016
2036aaef-025e-4187-89d0-344f697a4546.png,859635,0.6821730136871338,0.010723114013671875,0.4343838691711426
2074ba95-9d2e-4039-8ad9-65ffaebb8c7f.png,341355,0.6901254653930664,0.009612083435058594,0.541236400604248
25d9cece-f660-460f-b9e1-736f33c71c10.png,419408,1.2360789775848389,0.006166696548461914,1.1329498291015625
11b30384-1954-4335-bbc1-e985d25bc652.png,561086,0.4689502716064453,0.0060825347900390625,0.34769558906555176
2b8fd115-c1d6-411b-99ce-c2abbf7040da.png,908959,0.6163163185119629,0.008378028869628906,0.3960881233215332
07d9f765-5d5b-44ba-93c1-fb8f822ba594.png,458180,0.8311896324157715,0.012265920639038086,0.7037982940673828
28a6709a-88dc-4f90-99d3-5416b4e4a51d.png,1475530,1.0656836032867432,0.0045375823974609375,0.7308700084686279
09376b19-149a-44d8-b958-133c98f049c0.png,584576,0.5985963344573975,0.0039000511169433594,0.4986450672149658
277e33c1-e61e-4be1-a3dd-0ee39dd997db.png,447135,0.609368085861206,0.008218050003051758,0.5075006484985352
2b79ac47-479a-411a-a05c-96492192124d.png,733663,0.607823371887207,0.011843442916870117,0.4083395004272461
000b7b74-0a22-4d0c-b717-e240fdc5d555.png,563135,0.5966675281524658,0.006436347961425781,0.4575521945953369
198ba48e-1352-4cad-aaeb-304af1138fbb.png,484563,0.605424165725708,0.010684490203857422,0.47818994522094727
14c0c190-e885-4937-89c2-f3d26416ef98.png,389301,0.999215841293335,0.00905919075012207,0.8371891975402832
177918b1-c468-4cd3-ab55-a2e5588ec40f.png,507358,0.8215537071228027,0.0025827884674072266,0.695641279220581
296039b7-61ef-49f4-bb48-59a533fb3813.png,883630,0.7974777221679688,0.010924577713012695,0.6306138038635254
19a98fb2-0e2c-4c72-acf0-6c530ed8d718.png,817224,0.6621959209442139,0.00837564468383789,0.4888460636138916
08e8ca79-9c10-4152-b6aa-a285b6eec951.png,661982,0.6689703464508057,0.00886845588684082,0.5115334987640381
0181d6f8-f366-448d-b0fd-8d0a8b45cea9.png,406667,0.8112130165100098,0.006705045700073242,0.6868860721588135
0ec5a082-3489-46cf-94c6-884c384f17d5.png,598010,0.7365703582763672,0.005700111389160156,0.5416646003723145
113af5b7-17a4-4819-9895-e1c5ecf1d0b5.png,753130,0.7481818199157715,0.007338523864746094,0.5660696029663086
17131c0c-8418-47c6-97fc-21534540ae6a.png,808680,0.738215446472168,0.0076389312744140625,0.5607149600982666
25d9cece-f660-460f-b9e1-736f33c71c10.png,419408,0.9866909980773926,0.003389596939086914,0.8658425807952881
09376b19-149a-44d8-b958-133c98f049c0.png,584576,1.193047046661377,0.008656978607177734,1.0562338829040527
296039b7-61ef-49f4-bb48-59a533fb3813.png,883630,1.2026360034942627,0.011604070663452148,0.9982247352600098
1f98a9d5-4e20-4de9-a7d3-1f4eed9477fd.png,600693,0.7115213871002197,0.007665157318115234,0.5605983734130859
1fdaac27-9006-4725-9195-175566572458.png,436643,0.7118189334869385,0.008370161056518555,0.589730978012085
0c10ba0e-8d8f-45f7-ab7d-e34bf486bc30.png,1002197,0.8749597072601318,0.013192415237426758,0.6888260841369629
20b1eded-0838-4fd6-b86e-fd60d9072a4b.png,588654,0.7105329036712646,0.008140325546264648,0.5453224182128906
2074ba95-9d2e-4039-8ad9-65ffaebb8c7f.png,341355,0.7053978443145752,0.0035469532012939453,0.5647742748260498
1e88df35-4ac6-4350-bb32-41c09a22d7a4.png,490546,0.7293174266815186,0.00876164436340332,0.546475887298584
17e65213-e8ff-4aa4-a562-f2a1caca35c7.png,815607,0.9031741619110107,0.003221750259399414,0.6723465919494629
07d9f765-5d5b-44ba-93c1-fb8f822ba594.png,458180,1.2995576858520508,0.006063222885131836,1.1895411014556885
0191d8b3-42e7-451a-a775-23fa86522749.png,446310,0.5181894302368164,0.006390094757080078,0.41440272331237793
198ba48e-1352-4cad-aaeb-304af1138fbb.png,484563,0.6982369422912598,0.002668142318725586,0.5990190505981445
0ec0279e-4891-4f97-a765-6e6a1500b2d0.png,492043,0.5298199653625488,0.013636589050292969,0.42292308807373047
23d4f5f9-c0ae-4050-bc7b-598fbf80e326.png,1271343,0.8349566459655762,0.006441593170166016,0.5389971733093262
0181d6f8-f366-448d-b0fd-8d0a8b45cea9.png,406667,0.8496494293212891,0.005427360534667969,0.7414195537567139
071fa44f-8cd9-477b-8fcb-b02a4ecd10d8.png,606955,0.6833207607269287,0.005799055099487305,0.4790382385253906
08e8ca79-9c10-4152-b6aa-a285b6eec951.png,661982,0.7224643230438232,0.002234220504760742,0.5409424304962158
0c10ba0e-8d8f-45f7-ab7d-e34bf486bc30.png,1002197,1.16386079788208,0.007088661193847656,0.9781551361083984
25d9cece-f660-460f-b9e1-736f33c71c10.png,419408,1.0158720016479492,0.007515668869018555,0.8910229206085205
177918b1-c468-4cd3-ab55-a2e5588ec40f.png,507358,1.017777919769287,0.008199691772460938,0.8997728824615479
14c0c190-e885-4937-89c2-f3d26416ef98.png,389301,1.3122241497039795,0.01117396354675293,1.1812145709991455
28a6709a-88dc-4f90-99d3-5416b4e4a51d.png,1475530,1.0096359252929688,0.008649110794067383,0.6788763999938965
0b2ea7dd-e924-46b3-9bee-da0e7e68341f.png,437895,0.6906924247741699,0.004696369171142578,0.5472626686096191
2b8fd115-c1d6-411b-99ce-c2abbf7040da.png,908959,0.8811907768249512,0.012801170349121094,0.6290216445922852
20b1eded-0838-4fd6-b86e-fd60d9072a4b.png,588654,0.6883525848388672,0.004456996917724609,0.5426449775695801
296039b7-61ef-49f4-bb48-59a533fb3813.png,883630,0.887704610824585,0.016236543655395508,0.6835658550262451
17e65213-e8ff-4aa4-a562-f2a1caca35c7.png,815607,1.057692289352417,0.0026617050170898438,0.8885319232940674
2074ba95-9d2e-4039-8ad9-65ffaebb8c7f.png,341355,0.6085848808288574,0.004137516021728516,0.4457697868347168
198ba48e-1352-4cad-aaeb-304af1138fbb.png,484563,0.8965086936950684,0.005285739898681641,0.7611551284790039
1f98a9d5-4e20-4de9-a7d3-1f4eed9477fd.png,600693,0.7490439414978027,0.004369497299194336,0.5891313552856445
07d9f765-5d5b-44ba-93c1-fb8f822ba594.png,458180,1.7475926876068115,0.004176139831542969,1.610891342163086
22390b77-31da-4a4f-86b5-bc4e8947983a.png,501583,0.6355586051940918,0.0031156539916992188,0.5289633274078369
19a98fb2-0e2c-4c72-acf0-6c530ed8d718.png,817224,0.7616164684295654,0.003675222396850586,0.5762057304382324
1e81e0d2-e55e-4daf-ba82-461bd7c0caad.png,430854,0.6244404315948486,0.009439229965209961,0.4324355125427246
2b79ac47-479a-411a-a05c-96492192124d.png,733663,0.6422383785247803,0.008104562759399414,0.4609029293060303
11b30384-1954-4335-bbc1-e985d25bc652.png,561086,0.6312751770019531,0.007725954055786133,0.4880554676055908
2013f6d1-e482-42d0-8861-6c9f2dc0eb55.png,507864,0.5186538696289062,0.0047838687896728516,0.39899349212646484
0a3c75bb-4bd0-47c8-a2ba-e2aee92ad43f.png,679566,0.8534097671508789,0.009341239929199219,0.6478297710418701
08e8ca79-9c10-4152-b6aa-a285b6eec951.png,661982,0.9666609764099121,0.010329008102416992,0.7636034488677979
296039b7-61ef-49f4-bb48-59a533fb3813.png,883630,1.374239206314087,0.011591196060180664,1.2005362510681152
28a6709a-88dc-4f90-99d3-5416b4e4a51d.png,1475530,0.9629421234130859,0.010496377944946289,0.6207139492034912
1775215d-5a39-4cc7-a4e3-9ff9a032653d.png,547343,0.9711458683013916,0.006485939025878906,0.8423981666564941
0c10ba0e-8d8f-45f7-ab7d-e34bf486bc30.png,1002197,1.0033838748931885,0.0029091835021972656,0.8382279872894287
17e65213-e8ff-4aa4-a562-f2a1caca35c7.png,815607,1.3886916637420654,0.008476495742797852,1.1933538913726807
071fa44f-8cd9-477b-8fcb-b02a4ecd10d8.png,606955,1.1081433296203613,0.003981113433837891,0.9225559234619141
2d2c2284-d7ba-4fce-9290-a3928b8d548d.png,698377,0.8757126331329346,0.0030319690704345703,0.6773076057434082
0ec5a082-3489-46cf-94c6-884c384f17d5.png,598010,0.8575806617736816,0.011639595031738281,0.6488854885101318
1869588e-218e-40cb-be35-27539b278535.png,466842,0.6788101196289062,0.006093025207519531,0.5539934635162354
113af5b7-17a4-4819-9895-e1c5ecf1d0b5.png,753130,0.8070108890533447,0.009170770645141602,0.624255895614624
198ba48e-1352-4cad-aaeb-304af1138fbb.png,484563,0.9768533706665039,0.004652500152587891,0.8484635353088379
11b30384-1954-4335-bbc1-e985d25bc652.png,561086,0.9790408611297607,0.008881568908691406,0.8440742492675781
0ec0279e-4891-4f97-a765-6e6a1500b2d0.png,492043,0.7984158992767334,0.005934715270996094,0.6567485332489014
2074ba95-9d2e-4039-8ad9-65ffaebb8c7f.png,341355,0.8047828674316406,0.005348682403564453,0.6830878257751465
00d83a64-a624-4ef2-a9b0-2666cde02218.png,581972,0.8063395023345947,0.010197877883911133,0.6261003017425537
22390b77-31da-4a4f-86b5-bc4e8947983a.png,501583,1.0930078029632568,0.004055976867675781,0.9984879493713379
000b7b74-0a22-4d0c-b717-e240fdc5d555.png,563135,0.5850400924682617,0.003962039947509766,0.45635223388671875
1dae0fcc-6723-45c0-bbad-b4ecc903ab78.png,640960,0.8375303745269775,0.006817340850830078,0.6378860473632812
2e4673a1-7057-4436-b7d2-d4df4b08946a.png,613870,0.8379189968109131,0.013016223907470703,0.6242470741271973
177918b1-c468-4cd3-ab55-a2e5588ec40f.png,507358,0.8289055824279785,0.0034170150756835938,0.7201862335205078
09376b19-149a-44d8-b958-133c98f049c0.png,584576,0.6817972660064697,0.004967689514160156,0.5817158222198486
2b79ac47-479a-411a-a05c-96492192124d.png,733663,0.8376157283782959,0.009093523025512695,0.6956591606140137
2ccc7c34-aa70-4ea3-8a76-9a7e311ab5fb.png,541543,0.833280086517334,0.01045680046081543,0.6712350845336914
1775215d-5a39-4cc7-a4e3-9ff9a032653d.png,547343,1.3228771686553955,0.0056574344635009766,1.1664049625396729
2013f6d1-e482-42d0-8861-6c9f2dc0eb55.png,507864,0.6810071468353271,0.0046863555908203125,0.5848255157470703
07d9f765-5d5b-44ba-93c1-fb8f822ba594.png,458180,0.7825052738189697,0.0031566619873046875,0.6721248626708984
04305dd9-2607-4bd2-99d6-58a989fced80.png,488295,0.7868697643280029,0.0033349990844726562,0.6788609027862549
2b8fd115-c1d6-411b-99ce-c2abbf7040da.png,908959,0.7639336585998535,0.004835605621337891,0.5149519443511963
296039b7-61ef-49f4-bb48-59a533fb3813.png,883630,1.1092839241027832,0.005068540573120117,0.9078173637390137
11b30384-1954-4335-bbc1-e985d25bc652.png,561086,1.1325955390930176,0.005095720291137695,1.0098776817321777
1dae0fcc-6723-45c0-bbad-b4ecc903ab78.png,640960,1.011784315109253,0.0028481483459472656,0.8065178394317627
2e4673a1-7057-4436-b7d2-d4df4b08946a.png,613870,1.0097277164459229,0.0061359405517578125,0.841156005859375
2074ba95-9d2e-4039-8ad9-65ffaebb8c7f.png,341355,0.6536474227905273,0.010228395462036133,0.48514699935913086
22390b77-31da-4a4f-86b5-bc4e8947983a.png,501583,0.6605110168457031,0.00882720947265625,0.5178132057189941
011d634d-51dc-4dc1-a139-ec9f54e907a0.png,781406,0.658177375793457,0.008240222930908203,0.469785213470459
0ec0279e-4891-4f97-a765-6e6a1500b2d0.png,492043,1.1673870086669922,0.006747245788574219,1.024289846420288
25d9cece-f660-460f-b9e1-736f33c71c10.png,419408,0.5576069355010986,0.010239601135253906,0.4221048355102539
00d83a64-a624-4ef2-a9b0-2666cde02218.png,581972,0.8699581623077393,0.01664423942565918,0.6416974067687988
296039b7-61ef-49f4-bb48-59a533fb3813.png,883630,1.360816240310669,0.013254165649414062,1.1545560359954834
17131c0c-8418-47c6-97fc-21534540ae6a.png,808680,0.7311868667602539,0.004792690277099609,0.5760135650634766
1e88df35-4ac6-4350-bb32-41c09a22d7a4.png,490546,0.8482003211975098,0.008640527725219727,0.643261194229126
07d9f765-5d5b-44ba-93c1-fb8f822ba594.png,458180,0.8688647747039795,0.0053348541259765625,0.7174732685089111
1fdaac27-9006-4725-9195-175566572458.png,436643,0.7460043430328369,0.006025552749633789,0.6375033855438232
0181d6f8-f366-448d-b0fd-8d0a8b45cea9.png,406667,0.7429351806640625,0.006123065948486328,0.6420600414276123
1775215d-5a39-4cc7-a4e3-9ff9a032653d.png,547343,0.617119312286377,0.0024559497833251953,0.5090334415435791
0a3c75bb-4bd0-47c8-a2ba-e2aee92ad43f.png,679566,0.8636946678161621,0.01358485221862793,0.647770881652832
000b7b74-0a22-4d0c-b717-e240fdc5d555.png,563135,0.7365422248840332,0.0057506561279296875,0.6018850803375244
17e65213-e8ff-4aa4-a562-f2a1caca35c7.png,815607,0.7377853393554688,0.007109880447387695,0.5267171859741211
1f98a9d5-4e20-4de9-a7d3-1f4eed9477fd.png,600693,0.6765072345733643,0.004227161407470703,0.49755215644836426
20b1eded-0838-4fd6-b86e-fd60d9072a4b.png,588654,0.7272272109985352,0.006574869155883789,0.520158052444458
1e81e0d2-e55e-4daf-ba82-461bd7c0caad.png,430854,0.7256660461425781,0.0030145645141601562,0.5666158199310303
113af5b7-17a4-4819-9895-e1c5ecf1d0b5.png,753130,0.7313621044158936,0.004713296890258789,0.5907721519470215
11b30384-1954-4335-bbc1-e985d25bc652.png,561086,0.7450029850006104,0.006737947463989258,0.6262037754058838
0ec5a082-3489-46cf-94c6-884c384f17d5.png,598010,0.6525764465332031,0.002864837646484375,0.48833727836608887
25d9cece-f660-460f-b9e1-736f33c71c10.png,419408,0.9671609401702881,0.007615089416503906,0.8456707000732422
0ec0279e-4891-4f97-a765-6e6a1500b2d0.png,492043,1.0962295532226562,0.008347749710083008,0.9785330295562744
04305dd9-2607-4bd2-99d6-58a989fced80.png,488295,0.7404847145080566,0.010000944137573242,0.620542049407959
2e4673a1-7057-4436-b7d2-d4df4b08946a.png,613870,1.238030195236206,0.007154941558837891,1.0488226413726807
1869588e-218e-40cb-be35-27539b278535.png,466842,0.5865941047668457,0.007057905197143555,0.4765021800994873
011d634d-51dc-4dc1-a139-ec9f54e907a0.png,781406,0.9070789813995361,0.01020956039428711,0.6894617080688477
1fdaac27-9006-4725-9195-175566572458.png,436643,1.1340491771697998,0.010565996170043945,1.020735740661621
00d83a64-a624-4ef2-a9b0-2666cde02218.png,581972,1.2590110301971436,0.010613441467285156,1.0446264743804932
07d9f765-5d5b-44ba-93c1-fb8f822ba594.png,458180,1.0389277935028076,0.004420280456542969,0.9150307178497314
0181d6f8-f366-448d-b0fd-8d0a8b45cea9.png,406667,0.7886557579040527,0.009148836135864258,0.6539804935455322
19a98fb2-0e2c-4c72-acf0-6c530ed8d718.png,817224,0.7914371490478516,0.007442474365234375,0.648097038269043
0b2ea7dd-e924-46b3-9bee-da0e7e68341f.png,437895,0.5891053676605225,0.02631068229675293,0.4262077808380127
0ec0279e-4891-4f97-a765-6e6a1500b2d0.png,492043,1.4427497386932373,0.004900217056274414,1.300856351852417
1e81e0d2-e55e-4daf-ba82-461bd7c0caad.png,430854,1.1145660877227783,0.007346153259277344,0.929351806640625
2013f6d1-e482-42d0-8861-6c9f2dc0eb55.png,507864,0.7939479351043701,0.007289886474609375,0.6634905338287354
14b66200-2f5d-4088-8bbd-916a1708a9ac.png,480967,0.789442777633667,0.010839223861694336,0.6451694965362549
17131c0c-8418-47c6-97fc-21534540ae6a.png,808680,1.1142487525939941,0.011919498443603516,0.9259366989135742
177918b1-c468-4cd3-ab55-a2e5588ec40f.png,507358,0.5835394859313965,0.016513586044311523,0.46090245246887207
0ec5a082-3489-46cf-94c6-884c384f17d5.png,598010,1.1146643161773682,0.014332771301269531,0.8812375068664551
08e8ca79-9c10-4152-b6aa-a285b6eec951.png,661982,0.7841048240661621,0.0032453536987304688,0.6158936023712158
277e33c1-e61e-4be1-a3dd-0ee39dd997db.png,447135,0.5908792018890381,0.020937204360961914,0.4381721019744873
25d9cece-f660-460f-b9e1-736f33c71c10.png,419408,0.5968418121337891,0.006929636001586914,0.49036693572998047
1f98a9d5-4e20-4de9-a7d3-1f4eed9477fd.png,600693,1.0269255638122559,0.013526201248168945,0.878403902053833
17e65213-e8ff-4aa4-a562-f2a1caca35c7.png,815607,0.8233118057250977,0.01224660873413086,0.6379830837249756
2036aaef-025e-4187-89d0-344f697a4546.png,859635,0.8116507530212402,0.009767532348632812,0.5972690582275391
14b66200-2f5d-4088-8bbd-916a1708a9ac.png,480967,1.0616264343261719,0.01734304428100586,0.9179801940917969
177918b1-c468-4cd3-ab55-a2e5588ec40f.png,507358,1.0684239864349365,0.01621699333190918,0.9566612243652344
071fa44f-8cd9-477b-8fcb-b02a4ecd10d8.png,606955,0.8286380767822266,0.005206108093261719,0.6250555515289307
198ba48e-1352-4cad-aaeb-304af1138fbb.png,484563,0.676072359085083,0.004143714904785156,0.5658316612243652
04f48a9f-5c84-4e8a-9b32-9c1ccf2e78da.png,675902,0.8333444595336914,0.007619380950927734,0.660952091217041
1775215d-5a39-4cc7-a4e3-9ff9a032653d.png,547343,0.8387405872344971,0.010530948638916016,0.6954507827758789
2013f6d1-e482-42d0-8861-6c9f2dc0eb55.png,507864,1.0539956092834473,0.008451223373413086,0.9356474876403809
1ce99872-9f12-41cb-854a-e410004089d4.png,659981,0.9910025596618652,0.007949352264404297,0.8347771167755127
1e81e0d2-e55e-4daf-ba82-461bd7c0caad.png,430854,1.1511898040771484,0.009355545043945312,0.963695764541626
2036aaef-025e-4187-89d0-344f697a4546.png,859635,1.3769207000732422,0.01271820068359375,1.1191799640655518
19a98fb2-0e2c-4c72-acf0-6c530ed8d718.png,817224,1.1402912139892578,0.011258602142333984,0.948859453201294
2ccc7c34-aa70-4ea3-8a76-9a7e311ab5fb.png,541543,0.7751011848449707,0.01872873306274414,0.6042418479919434
17131c0c-8418-47c6-97fc-21534540ae6a.png,808680,0.7684569358825684,0.006803750991821289,0.607649564743042
11b30384-1954-4335-bbc1-e985d25bc652.png,561086,0.990931510925293,0.008236169815063477,0.8629162311553955
28a6709a-88dc-4f90-99d3-5416b4e4a51d.png,1475530,1.15311861038208,0.017035245895385742,0.8537676334381104
0ec0279e-4891-4f97-a765-6e6a1500b2d0.png,492043,1.1523215770721436,0.005539894104003906,1.0139524936676025
0191d8b3-42e7-451a-a775-23fa86522749.png,446310,0.7798609733581543,0.011605262756347656,0.6313686370849609
1e88df35-4ac6-4350-bb32-41c09a22d7a4.png,490546,0.9854257106781006,0.008924007415771484,0.817467212677002
14c0c190-e885-4937-89c2-f3d26416ef98.png,389301,0.78725266456604,0.005536079406738281,0.6389095783233643
2e4673a1-7057-4436-b7d2-d4df4b08946a.png,613870,0.7681005001068115,0.013848543167114258,0.5621786117553711
22390b77-31da-4a4f-86b5-bc4e8947983a.png,501583,0.7805807590484619,0.010333776473999023,0.6436316967010498
113af5b7-17a4-4819-9895-e1c5ecf1d0b5.png,753130,0.7797849178314209,0.007391214370727539,0.620654821395874
177918b1-c468-4cd3-ab55-a2e5588ec40f.png,507358,1.1293320655822754,0.005823612213134766,1.0190744400024414
277e33c1-e61e-4be1-a3dd-0ee39dd997db.png,447135,0.901026725769043,0.009670495986938477,0.7859413623809814
14b66200-2f5d-4088-8bbd-916a1708a9ac.png,480967,1.5108728408813477,0.014945030212402344,1.39656662940979
2013f6d1-e482-42d0-8861-6c9f2dc0eb55.png,507864,1.2789909839630127,0.009316444396972656,1.1764624118804932
0181d6f8-f366-448d-b0fd-8d0a8b45cea9.png,406667,1.2772345542907715,0.005501508712768555,1.1793782711029053
04305dd9-2607-4bd2-99d6-58a989fced80.png,488295,0.9088048934936523,0.0067751407623291016,0.7765998840332031
17e65213-e8ff-4aa4-a562-f2a1caca35c7.png,815607,1.1424453258514404,0.009306192398071289,0.9242825508117676
17131c0c-8418-47c6-97fc-21534540ae6a.png,808680,1.2479383945465088,0.014211893081665039,1.089076042175293
14b66200-2f5d-4088-8bbd-916a1708a9ac.png,480967,1.0714471340179443,0.005368471145629883,0.948089599609375
0b2ea7dd-e924-46b3-9bee-da0e7e68341f.png,437895,0.815333366394043,0.0036132335662841797,0.6715328693389893
2074ba95-9d2e-4039-8ad9-65ffaebb8c7f.png,341355,0.825577974319458,0.0072476863861083984,0.6760506629943848
0a8426c1-93b5-4f84-8d0e-f2e7a83fb6c3.png,410010,0.8289186954498291,0.005975484848022461,0.70603346824646
1775215d-5a39-4cc7-a4e3-9ff9a032653d.png,547343,1.272312879562378,0.004627704620361328,1.1398119926452637
1fdaac27-9006-4725-9195-175566572458.png,436643,0.8179032802581787,0.0038001537322998047,0.6685802936553955
2d2c2284-d7ba-4fce-9290-a3928b8d548d.png,698377,0.8298077583312988,0.005507946014404297,0.6191256046295166
11b30384-1954-4335-bbc1-e985d25bc652.png,561086,1.312913417816162,0.009228229522705078,1.170659065246582
2b79ac47-479a-411a-a05c-96492192124d.png,733663,0.6769704818725586,0.008322715759277344,0.4853706359863281
2ccc7c34-aa70-4ea3-8a76-9a7e311ab5fb.png,541543,1.249297857284546,0.0074231624603271484,1.0917212963104248
1dae0fcc-6723-45c0-bbad-b4ecc903ab78.png,640960,0.6578831672668457,0.007129669189453125,0.44768261909484863
1f98a9d5-4e20-4de9-a7d3-1f4eed9477fd.png,600693,0.6663310527801514,0.010446786880493164,0.4917752742767334
14c0c190-e885-4937-89c2-f3d26416ef98.png,389301,1.0016109943389893,0.004174709320068359,0.8758668899536133
07d9f765-5d5b-44ba-93c1-fb8f822ba594.png,458180,0.6714608669281006,0.004216432571411133,0.538590669631958
198ba48e-1352-4cad-aaeb-304af1138fbb.png,484563,0.6903841495513916,0.006798982620239258,0.5322856903076172
2013f6d1-e482-42d0-8861-6c9f2dc0eb55.png,507864,0.6686389446258545,0.007049083709716797,0.5377712249755859
2e4673a1-7057-4436-b7d2-d4df4b08946a.png,613870,1.2561988830566406,0.008555173873901367,1.056565523147583
277e33c1-e61e-4be1-a3dd-0ee39dd997db.png,447135,1.0115540027618408,0.010360479354858398,0.8663876056671143
00d83a64-a624-4ef2-a9b0-2666cde02218.png,581972,0.6909317970275879,0.01041102409362793,0.4817070960998535
0ec0279e-4891-4f97-a765-6e6a1500b2d0.png,492043,0.798464298248291,0.004882097244262695,0.6455326080322266
09376b19-149a-44d8-b958-133c98f049c0.png,584576,0.5862481594085693,0.003290414810180664,0.48840856552124023
1ce99872-9f12-41cb-854a-e410004089d4.png,659981,0.908632755279541,0.0059299468994140625,0.7063314914703369
12ae73f1-6a75-4664-895b-7caebfd435dc.png,594643,0.8060712814331055,0.007352590560913086,0.6320669651031494
2036aaef-025e-4187-89d0-344f697a4546.png,859635,0.804539680480957,0.007721424102783203,0.584416389465332
2ccc7c34-aa70-4ea3-8a76-9a7e311ab5fb.png,541543,1.0977129936218262,0.009289979934692383,0.9566566944122314
14b66200-2f5d-4088-8bbd-916a1708a9ac.png,480967,1.8910722732543945,0.01237177848815918,1.7469217777252197
2b79ac47-479a-411a-a05c-96492192124d.png,733663,1.095426082611084,0.008797883987426758,0.928112268447876
1f98a9d5-4e20-4de9-a7d3-1f4eed9477fd.png,600693,1.098154067993164,0.011942863464355469,0.9214847087860107
2013f6d1-e482-42d0-8861-6c9f2dc0eb55.png,507864,1.1145684719085693,0.01000523567199707,0.9682471752166748
277e33c1-e61e-4be1-a3dd-0ee39dd997db.png,447135,1.1155729293823242,0.008194923400878906,0.9907224178314209
11b30384-1954-4335-bbc1-e985d25bc652.png,561086,0.756749153137207,0.004670143127441406,0.6557633876800537
1fdaac27-9006-4725-9195-175566572458.png,436643,0.5846550464630127,0.007984638214111328,0.4454174041748047
2b8fd115-c1d6-411b-99ce-c2abbf7040da.png,908959,1.1474523544311523,0.015359640121459961,0.9057035446166992
2074ba95-9d2e-4039-8ad9-65ffaebb8c7f.png,341355,0.5691790580749512,0.0096435546875,0.4447042942047119
0a8426c1-93b5-4f84-8d0e-f2e7a83fb6c3.png,410010,0.5822248458862305,0.006310939788818359,0.46941542625427246
25d9cece-f660-460f-b9e1-736f33c71c10.png,419408,0.5710184574127197,0.0039026737213134766,0.48126864433288574
07d9f765-5d5b-44ba-93c1-fb8f822ba594.png,458180,0.7605421543121338,0.004922628402709961,0.6576251983642578
1e88df35-4ac6-4350-bb32-41c09a22d7a4.png,490546,0.7615859508514404,0.0068056583404541016,0.5903387069702148
0181d6f8-f366-448d-b0fd-8d0a8b45cea9.png,406667,0.7623293399810791,0.009285449981689453,0.6326427459716797
00d83a64-a624-4ef2-a9b0-2666cde02218.png,581972,0.7718734741210938,0.011250495910644531,0.5806665420532227
1dae0fcc-6723-45c0-bbad-b4ecc903ab78.png,640960,1.2873520851135254,0.00764775276184082,1.0595033168792725
1775215d-5a39-4cc7-a4e3-9ff9a032653d.png,547343,1.2952792644500732,0.007807016372680664,1.169797420501709
09376b19-149a-44d8-b958-133c98f049c0.png,584576,0.8232834339141846,0.0058591365814208984,0.6903340816497803
0ec5a082-3489-46cf-94c6-884c384f17d5.png,598010,0.8276138305664062,0.008852243423461914,0.6106245517730713
177918b1-c468-4cd3-ab55-a2e5588ec40f.png,507358,0.5806529521942139,0.008129119873046875,0.4694647789001465
17e65213-e8ff-4aa4-a562-f2a1caca35c7.png,815607,0.8302414417266846,0.010678291320800781,0.6155390739440918
19a98fb2-0e2c-4c72-acf0-6c530ed8d718.png,817224,1.1327307224273682,0.0033872127532958984,0.9754791259765625
071fa44f-8cd9-477b-8fcb-b02a4ecd10d8.png,606955,1.1233413219451904,0.005702018737792969,0.9329462051391602
2ccc7c34-aa70-4ea3-8a76-9a7e311ab5fb.png,541543,0.9487471580505371,0.006216287612915039,0.7936792373657227
0191d8b3-42e7-451a-a775-23fa86522749.png,446310,0.9502217769622803,0.006720781326293945,0.8291647434234619
2074ba95-9d2e-4039-8ad9-65ffaebb8c7f.png,341355,1.1353082656860352,0.008569955825805664,0.9834408760070801
2b8fd115-c1d6-411b-99ce-c2abbf7040da.png,908959,1.3090393543243408,0.004689931869506836,1.0840427875518799
277e33c1-e61e-4be1-a3dd-0ee39dd997db.png,447135,0.9538238048553467,0.011058330535888672,0.8081119060516357
07d9f765-5d5b-44ba-93c1-fb8f822ba594.png,458180,0.5074362754821777,0.007734060287475586,0.3894071578979492
25d9cece-f660-460f-b9e1-736f33c71c10.png,419408,0.6722466945648193,0.00196075439453125,0.5557167530059814
2e4673a1-7057-4436-b7d2-d4df4b08946a.png,613870,0.825777530670166,0.009374141693115234,0.6185717582702637
1f98a9d5-4e20-4de9-a7d3-1f4eed9477fd.png,600693,1.2467195987701416,0.0076940059661865234,1.08726167678833
1dae0fcc-6723-45c0-bbad-b4ecc903ab78.png,640960,1.0016744136810303,0.005139350891113281,0.7953662872314453
0b2ea7dd-e924-46b3-9bee-da0e7e68341f.png,437895,0.8269710540771484,0.01171112060546875,0.6530163288116455
0a8426c1-93b5-4f84-8d0e-f2e7a83fb6c3.png,410010,0.6541168689727783,0.004921436309814453,0.5464725494384766
1e81e0d2-e55e-4daf-ba82-461bd7c0caad.png,430854,1.005187749862671,0.006598234176635742,0.8490397930145264
04305dd9-2607-4bd2-99d6-58a989fced80.png,488295,0.8253459930419922,0.004146099090576172,0.6870229244232178
1775215d-5a39-4cc7-a4e3-9ff9a032653d.png,547343,1.0125141143798828,0.011140584945678711,0.8693492412567139
1e88df35-4ac6-4350-bb32-41c09a22d7a4.png,490546,1.489307165145874,0.003151416778564453,1.3335366249084473
2013f6d1-e482-42d0-8861-6c9f2dc0eb55.png,507864,0.6575589179992676,0.012390613555908203,0.5362441539764404
0a3c75bb-4bd0-47c8-a2ba-e2aee92ad43f.png,679566,0.8436696529388428,0.008632421493530273,0.6653273105621338
07d9f765-5d5b-44ba-93c1-fb8f822ba594.png,458180,0.8306448459625244,0.009507894515991211,0.6948747634887695
04f48a9f-5c84-4e8a-9b32-9c1ccf2e78da.png,675902,0.834850549697876,0.012838125228881836,0.646857738494873
277e33c1-e61e-4be1-a3dd-0ee39dd997db.png,447135,1.0259292125701904,0.010775566101074219,0.863905668258667
2ccc7c34-aa70-4ea3-8a76-9a7e311ab5fb.png,541543,2.003138303756714,0.007920980453491211,1.8388915061950684
11b30384-1954-4335-bbc1-e985d25bc652.png,561086,1.092836856842041,0.006451129913330078,0.9577817916870117
17e65213-e8ff-4aa4-a562-f2a1caca35c7.png,815607,0.908292293548584,0.011439085006713867,0.7052221298217773
04305dd9-2607-4bd2-99d6-58a989fced80.png,488295,1.1528630256652832,0.012891769409179688,1.003840446472168
0ec5a082-3489-46cf-94c6-884c384f17d5.png,598010,0.7762851715087891,0.0037751197814941406,0.5801053047180176
113af5b7-17a4-4819-9895-e1c5ecf1d0b5.png,753130,0.7851088047027588,0.008115530014038086,0.6073095798492432
2074ba95-9d2e-4039-8ad9-65ffaebb8c7f.png,341355,1.3298912048339844,0.007559299468994141,1.2144365310668945
0191d8b3-42e7-451a-a775-23fa86522749.png,446310,1.5032970905303955,0.00608062744140625,1.4031257629394531
14b66200-2f5d-4088-8bbd-916a1708a9ac.png,480967,0.7821512222290039,0.006601095199584961,0.6921975612640381
09376b19-149a-44d8-b958-133c98f049c0.png,584576,1.1365268230438232,0.0056781768798828125,1.0089631080627441
14c0c190-e885-4937-89c2-f3d26416ef98.png,389301,0.7943682670593262,0.0026772022247314453,0.6710047721862793
07d9f765-5d5b-44ba-93c1-fb8f822ba594.png,458180,1.0426154136657715,0.005841493606567383,0.9497382640838623
0181d6f8-f366-448d-b0fd-8d0a8b45cea9.png,406667,1.0394058227539062,0.004776954650878906,0.9128401279449463
28a6709a-88dc-4f90-99d3-5416b4e4a51d.png,1475530,1.0423707962036133,0.008049488067626953,0.7144880294799805
1f98a9d5-4e20-4de9-a7d3-1f4eed9477fd.png,600693,1.2678873538970947,0.007144927978515625,1.1016180515289307
2036aaef-025e-4187-89d0-344f697a4546.png,859635,0.8757045269012451,0.013982772827148438,0.6323108673095703
2b8fd115-c1d6-411b-99ce-c2abbf7040da.png,908959,0.8918900489807129,0.012419939041137695,0.6338770389556885
2d2c2284-d7ba-4fce-9290-a3928b8d548d.png,698377,0.8925802707672119,0.007699489593505859,0.7354745864868164
0a3c75bb-4bd0-47c8-a2ba-e2aee92ad43f.png,679566,0.8776156902313232,0.010546207427978516,0.6940639019012451
000b7b74-0a22-4d0c-b717-e240fdc5d555.png,563135,0.8665859699249268,0.0069179534912109375,0.7391595840454102
1e88df35-4ac6-4350-bb32-41c09a22d7a4.png,490546,0.8806023597717285,0.010937929153442383,0.6843502521514893
11b30384-1954-4335-bbc1-e985d25bc652.png,561086,1.3208608627319336,0.0040705204010009766,1.2063281536102295
1869588e-218e-40cb-be35-27539b278535.png,466842,0.7017383575439453,0.007554531097412109,0.5587174892425537
277e33c1-e61e-4be1-a3dd-0ee39dd997db.png,447135,1.535445213317871,0.0035703182220458984,1.4071011543273926
0a8426c1-93b5-4f84-8d0e-f2e7a83fb6c3.png,410010,0.889214038848877,0.00843501091003418,0.7716350555419922
14c0c190-e885-4937-89c2-f3d26416ef98.png,389301,1.1893856525421143,0.004402637481689453,1.081559181213379
1dae0fcc-6723-45c0-bbad-b4ecc903ab78.png,640960,0.8924455642700195,0.01150369644165039,0.675990104675293
0ec0279e-4891-4f97-a765-6e6a1500b2d0.png,492043,0.8915219306945801,0.007646083831787109,0.7441959381103516
0b2ea7dd-e924-46b3-9bee-da0e7e68341f.png,437895,0.9060373306274414,0.006257534027099609,0.7468400001525879
2ccc7c34-aa70-4ea3-8a76-9a7e311ab5fb.png,541543,0.7183620929718018,0.00670170783996582,0.5902504920959473
20b1eded-0838-4fd6-b86e-fd60d9072a4b.png,588654,0.9264938831329346,0.007717132568359375,0.7616069316864014
2074ba95-9d2e-4039-8ad9-65ffaebb8c7f.png,341355,1.1222460269927979,0.00991058349609375,0.9861133098602295
08e8ca79-9c10-4152-b6aa-a285b6eec951.png,661982,0.9272832870483398,0.005708217620849609,0.777430534362793
1775215d-5a39-4cc7-a4e3-9ff9a032653d.png,547343,0.8399817943572998,0.009174108505249023,0.6928184032440186
17131c0c-8418-47c6-97fc-21534540ae6a.png,808680,0.7203888893127441,0.005818843841552734,0.5790760517120361
07d9f765-5d5b-44ba-93c1-fb8f822ba594.png,458180,1.629030466079712,0.004422187805175781,1.525597095489502
1f98a9d5-4e20-4de9-a7d3-1f4eed9477fd.png,600693,0.8487496376037598,0.014766693115234375,0.7117249965667725
0a3c75bb-4bd0-47c8-a2ba-e2aee92ad43f.png,679566,1.1560969352722168,0.013406515121459961,0.9421308040618896
0c10ba0e-8d8f-45f7-ab7d-e34bf486bc30.png,1002197,0.8406767845153809,0.014171600341796875,0.6498095989227295
28a6709a-88dc-4f90-99d3-5416b4e4a51d.png,1475530,1.4990344047546387,0.004022836685180664,1.1701862812042236
14c0c190-e885-4937-89c2-f3d26416ef98.png,389301,1.6421794891357422,0.0029723644256591797,1.5003232955932617
04305dd9-2607-4bd2-99d6-58a989fced80.png,488295,0.8418903350830078,0.01134181022644043,0.6986792087554932
011d634d-51dc-4dc1-a139-ec9f54e907a0.png,781406,0.906482458114624,0.00459742546081543,0.7029790878295898
1869588e-218e-40cb-be35-27539b278535.png,466842,0.9085361957550049,0.004966259002685547,0.7825520038604736
2036aaef-025e-4187-89d0-344f697a4546.png,859635,1.0310189723968506,0.009508371353149414,0.8212029933929443
0a8426c1-93b5-4f84-8d0e-f2e7a83fb6c3.png,410010,1.034172773361206,0.01751852035522461,0.8853743076324463
1ce99872-9f12-41cb-854a-e410004089d4.png,659981,0.7751426696777344,0.011542797088623047,0.5837149620056152
2b8fd115-c1d6-411b-99ce-c2abbf7040da.png,908959,1.1760756969451904,0.009134769439697266,0.9236772060394287
09376b19-149a-44d8-b958-133c98f049c0.png,584576,0.7823331356048584,0.017342805862426758,0.6275951862335205
2074ba95-9d2e-4039-8ad9-65ffaebb8c7f.png,341355,1.1752300262451172,0.009268999099731445,1.037837028503418
20b1eded-0838-4fd6-b86e-fd60d9072a4b.png,588654,0.7539188861846924,0.009894132614135742,0.5524094104766846
08e8ca79-9c10-4152-b6aa-a285b6eec951.png,661982,0.7606687545776367,0.018320798873901367,0.5730946063995361
2ccc7c34-aa70-4ea3-8a76-9a7e311ab5fb.png,541543,0.768972635269165,0.01569366455078125,0.5921833515167236
198ba48e-1352-4cad-aaeb-304af1138fbb.png,484563,0.5655324459075928,0.004861354827880859,0.473736047744751
23d4f5f9-c0ae-4050-bc7b-598fbf80e326.png,1271343,0.7692339420318604,0.019452810287475586,0.4456634521484375
