Timestamp,User Count,Type,Name,Requests/s,Failures/s,50%,66%,75%,80%,90%,95%,98%,99%,99.9%,99.99%,100%,Total Request Count,Total Failure Count,Total Median Response Time,Total Average Response Time,Total Min Response Time,Total Max Response Time,Total Average Content Size
1760562946,0,,Aggregated,0.000000,0.000000,N/A,N/A,N/A,N/A,N/A,N/A,N/A,N/A,N/A,N/A,N/A,0,0,0,0.0,0,0,0
1760562947,0,,Aggregated,0.000000,0.000000,N/A,N/A,N/A,N/A,N/A,N/A,N/A,N/A,N/A,N/A,N/A,0,0,0,0.0,0,0,0
1760562948,0,,Aggregated,0.000000,0.000000,N/A,N/A,N/A,N/A,N/A,N/A,N/A,N/A,N/A,N/A,N/A,0,0,0,0.0,0,0,0
1760562949,0,,Aggregated,0.000000,0.000000,N/A,N/A,N/A,N/A,N/A,N/A,N/A,N/A,N/A,N/A,N/A,0,0,0,0.0,0,0,0
1760562950,0,,Aggregated,0.000000,0.000000,N/A,N/A,N/A,N/A,N/A,N/A,N/A,N/A,N/A,N/A,N/A,0,0,0,0.0,0,0,0
1760562951,0,,Aggregated,0.000000,0.000000,N/A,N/A,N/A,N/A,N/A,N/A,N/A,N/A,N/A,N/A,N/A,0,0,0,0.0,0,0,0
1760562952,0,,Aggregated,0.000000,0.000000,N/A,N/A,N/A,N/A,N/A,N/A,N/A,N/A,N/A,N/A,N/A,0,0,0,0.0,0,0,0
1760562953,0,,Aggregated,0.000000,0.000000,N/A,N/A,N/A,N/A,N/A,N/A,N/A,N/A,N/A,N/A,N/A,0,0,0,0.0,0,0,0
1760562954,0,,Aggregated,0.000000,0.000000,N/A,N/A,N/A,N/A,N/A,N/A,N/A,N/A,N/A,N/A,N/A,0,0,0,0.0,0,0,0
1760562955,100,,Aggregated,0.000000,0.000000,N/A,N/A,N/A,N/A,N/A,N/A,N/A,N/A,N/A,N/A,N/A,0,0,0,0.0,0,0,0
1760562956,100,,Aggregated,0.000000,0.000000,N/A,N/A,N/A,N/A,N/A,N/A,N/A,N/A,N/A,N/A,N/A,0,0,0,0.0,0,0,0
1760562957,100,,Aggregated,0.000000,0.000000,N/A,N/A,N/A,N/A,N/A,N/A,N/A,N/A,N/A,N/A,N/A,0,0,0,0.0,0,0,0
1760562958,100,,Aggregated,0.000000,0.000000,1600,1900,2100,2100,2500,2500,2500,3000,3100,3100,3100,123,0,1600.0,1622.8310452287683,572.6996220182627,3149.9495619209483,184.28455284552845
1760562959,100,,Aggregated,0.000000,0.000000,1600,1900,2100,2100,2500,2500,2500,3000,3100,3100,3100,123,0,1600.0,1622.8310452287683,572.6996220182627,3149.9495619209483,184.28455284552845
1760562960,100,,Aggregated,0.000000,0.000000,1600,1900,2100,2100,2500,2500,2500,3000,3100,3100,3100,123,0,1600.0,1622.8310452287683,572.6996220182627,3149.9495619209483,184.28455284552845
1760562961,100,,Aggregated,30.750000,0.000000,1600,1800,1900,2000,2100,2500,2500,3000,3600,3600,3600,261,0,1600.0,1647.8322551570568,572.6996220182627,3642.0804109657183,184.2911877394636
1760562962,100,,Aggregated,30.750000,0.000000,1600,1800,1900,2000,2100,2500,2500,3000,3600,3600,3600,261,0,1600.0,1647.8322551570568,572.6996220182627,3642.0804109657183,184.2911877394636
1760562963,100,,Aggregated,30.750000,0.000000,1600,1800,1900,2000,2100,2500,2500,3000,3600,3600,3600,261,0,1600.0,1647.8322551570568,572.6996220182627,3642.0804109657183,184.2911877394636
1760562965,100,,Aggregated,37.285714,0.000000,1500,1700,1800,1900,2100,2300,2500,2500,3600,3600,3600,395,0,1500.0,1584.1408549530927,572.6996220182627,3642.0804109657183,184.36202531645569
1760562966,100,,Aggregated,37.285714,0.000000,1500,1700,1800,1900,2100,2300,2500,2500,3600,3600,3600,395,0,1500.0,1584.1408549530927,572.6996220182627,3642.0804109657183,184.36202531645569
1760562967,100,,Aggregated,37.285714,0.000000,1500,1700,1800,1900,2100,2300,2500,2500,3600,3600,3600,395,0,1500.0,1584.1408549530927,572.6996220182627,3642.0804109657183,184.36202531645569
1760562968,100,,Aggregated,39.700000,0.000000,1600,1700,1800,1900,2100,2300,2500,2500,3600,3600,3600,519,0,1600.0,1595.402022363862,572.6996220182627,3642.0804109657183,184.3757225433526
1760562969,100,,Aggregated,39.700000,0.000000,1600,1700,1800,1900,2100,2300,2500,2500,3600,3600,3600,519,0,1600.0,1595.402022363862,572.6996220182627,3642.0804109657183,184.3757225433526
1760562970,100,,Aggregated,39.700000,0.000000,1600,1700,1800,1900,2100,2300,2500,2500,3600,3600,3600,519,0,1600.0,1595.402022363862,572.6996220182627,3642.0804109657183,184.3757225433526
1760562971,100,,Aggregated,43.800000,0.000000,1600,1700,1800,1900,2100,2300,2500,2600,3600,3600,3600,638,0,1600.0,1628.6753436406711,572.6996220182627,3642.0804109657183,184.423197492163
1760562972,100,,Aggregated,43.800000,0.000000,1600,1700,1800,1900,2100,2300,2500,2600,3600,3600,3600,638,0,1600.0,1628.6753436406711,572.6996220182627,3642.0804109657183,184.423197492163
1760562973,100,,Aggregated,43.800000,0.000000,1600,1700,1800,1900,2100,2300,2500,2600,3600,3600,3600,638,0,1600.0,1628.6753436406711,572.6996220182627,3642.0804109657183,184.423197492163
1760562974,100,,Aggregated,42.800000,0.000000,1600,1800,1900,1900,2100,2400,2500,2800,3600,3600,3600,760,0,1600.0,1671.3066913913567,572.6996220182627,3642.0804109657183,184.37236842105264
1760562975,100,,Aggregated,42.800000,0.000000,1600,1800,1900,1900,2100,2400,2500,2800,3600,3600,3600,760,0,1600.0,1671.3066913913567,572.6996220182627,3642.0804109657183,184.37236842105264
1760562976,100,,Aggregated,42.800000,0.000000,1600,1800,1900,1900,2100,2400,2500,2800,3600,3600,3600,760,0,1600.0,1671.3066913913567,572.6996220182627,3642.0804109657183,184.37236842105264
1760562977,100,,Aggregated,41.100000,0.000000,1700,1800,1900,2000,2100,2400,2600,2900,3600,3600,3600,864,0,1700.0,1701.9416927730533,572.6996220182627,3642.0804109657183,184.3287037037037
1760562978,100,,Aggregated,41.100000,0.000000,1700,1800,1900,2000,2100,2400,2600,2900,3600,3600,3600,864,0,1700.0,1701.9416927730533,572.6996220182627,3642.0804109657183,184.3287037037037
1760562979,100,,Aggregated,41.100000,0.000000,1700,1800,1900,2000,2100,2400,2600,2900,3600,3600,3600,864,0,1700.0,1701.9416927730533,572.6996220182627,3642.0804109657183,184.3287037037037
1760562980,100,,Aggregated,38.600000,0.000000,1700,1800,1900,2000,2100,2400,2600,2900,4000,4000,4000,981,0,1700.0,1728.8006008243108,572.6996220182627,4020.2549140667543,184.3547400611621
1760562981,100,,Aggregated,38.600000,0.000000,1700,1800,1900,2000,2100,2400,2600,2900,4000,4000,4000,981,0,1700.0,1728.8006008243108,572.6996220182627,4020.2549140667543,184.3547400611621
1760562982,100,,Aggregated,38.600000,0.000000,1700,1800,1900,2000,2100,2400,2600,2900,4000,4000,4000,981,0,1700.0,1728.8006008243108,572.6996220182627,4020.2549140667543,184.3547400611621
1760562983,100,,Aggregated,37.800000,0.000000,1700,1900,2000,2000,2200,2500,2700,2900,3600,4000,4000,1090,0,1700.0,1755.096530902665,572.6996220182627,4020.2549140667543,184.34587155963303
1760562984,100,,Aggregated,37.800000,0.000000,1700,1900,2000,2000,2200,2500,2700,2900,3600,4000,4000,1090,0,1700.0,1755.096530902665,572.6996220182627,4020.2549140667543,184.34587155963303
1760562985,100,,Aggregated,37.800000,0.000000,1700,1900,2000,2000,2200,2500,2700,2900,3600,4000,4000,1090,0,1700.0,1755.096530902665,572.6996220182627,4020.2549140667543,184.34587155963303
1760562986,100,,Aggregated,37.000000,0.000000,1800,1900,2000,2100,2200,2500,2800,2900,3600,4000,4000,1202,0,1800.0,1783.4953722146342,572.6996220182627,4020.2549140667543,184.34858569051582
1760562987,100,,Aggregated,37.000000,0.000000,1800,1900,2000,2100,2200,2500,2800,2900,3600,4000,4000,1202,0,1800.0,1783.4953722146342,572.6996220182627,4020.2549140667543,184.34858569051582
1760562989,100,,Aggregated,37.400000,0.000000,1800,1900,2000,2100,2300,2500,2800,3000,3600,4000,4000,1315,0,1800.0,1812.5273371572134,572.6996220182627,4020.2549140667543,184.32699619771864
1760562990,100,,Aggregated,37.400000,0.000000,1800,1900,2000,2100,2300,2500,2800,3000,3600,4000,4000,1315,0,1800.0,1812.5273371572134,572.6996220182627,4020.2549140667543,184.32699619771864
1760562991,100,,Aggregated,37.400000,0.000000,1800,1900,2000,2100,2300,2500,2800,3000,3600,4000,4000,1315,0,1800.0,1812.5273371572134,572.6996220182627,4020.2549140667543,184.32699619771864
1760562992,100,,Aggregated,37.400000,0.000000,1800,1900,2000,2100,2300,2500,2800,2900,3600,4000,4000,1453,0,1800.0,1789.962384717748,572.6996220182627,4020.2549140667543,184.3296627666896
1760562993,100,,Aggregated,37.400000,0.000000,1800,1900,2000,2100,2300,2500,2800,2900,3600,4000,4000,1453,0,1800.0,1789.962384717748,572.6996220182627,4020.2549140667543,184.3296627666896
1760562994,100,,Aggregated,37.400000,0.000000,1800,1900,2000,2100,2300,2500,2800,2900,3600,4000,4000,1453,0,1800.0,1789.962384717748,572.6996220182627,4020.2549140667543,184.3296627666896
1760562995,100,,Aggregated,39.900000,0.000000,1700,1900,2000,2100,2200,2500,2800,2900,3600,4000,4000,1588,0,1700.0,1773.2509444579155,572.6996220182627,4020.2549140667543,184.33186397984886
1760562996,100,,Aggregated,39.900000,0.000000,1700,1900,2000,2100,2200,2500,2800,2900,3600,4000,4000,1588,0,1700.0,1773.2509444579155,572.6996220182627,4020.2549140667543,184.33186397984886
1760562997,100,,Aggregated,39.900000,0.000000,1700,1900,2000,2100,2200,2500,2800,2900,3600,4000,4000,1588,0,1700.0,1773.2509444579155,572.6996220182627,4020.2549140667543,184.33186397984886
1760562998,100,,Aggregated,42.700000,0.000000,1700,1900,2000,2000,2200,2500,2700,2900,3600,4000,4000,1724,0,1700.0,1750.4322994856936,572.6996220182627,4020.2549140667543,184.31554524361948
1760562999,100,,Aggregated,42.700000,0.000000,1700,1900,2000,2000,2200,2500,2700,2900,3600,4000,4000,1724,0,1700.0,1750.4322994856936,572.6996220182627,4020.2549140667543,184.31554524361948
1760563000,100,,Aggregated,42.700000,0.000000,1700,1900,2000,2000,2200,2500,2700,2900,3600,4000,4000,1724,0,1700.0,1750.4322994856936,572.6996220182627,4020.2549140667543,184.31554524361948
1760563001,100,,Aggregated,45.500000,0.000000,1700,1800,1900,2000,2200,2400,2700,2900,3600,4000,4000,1846,0,1700.0,1735.9314435278318,572.6996220182627,4020.2549140667543,184.31473456121344
1760563002,100,,Aggregated,45.500000,0.000000,1700,1800,1900,2000,2200,2400,2700,2900,3600,4000,4000,1846,0,1700.0,1735.9314435278318,572.6996220182627,4020.2549140667543,184.31473456121344
1760563003,100,,Aggregated,45.500000,0.000000,1700,1800,1900,2000,2200,2400,2700,2900,3600,4000,4000,1846,0,1700.0,1735.9314435278318,572.6996220182627,4020.2549140667543,184.31473456121344
1760563004,100,,Aggregated,44.100000,0.000000,1700,1900,2000,2000,2200,2400,2600,2900,3600,4000,4000,1960,0,1700.0,1743.3892006289727,572.6996220182627,4020.2549140667543,184.32397959183675
1760563005,100,,Aggregated,44.100000,0.000000,1700,1900,2000,2000,2200,2400,2600,2900,3600,4000,4000,1960,0,1700.0,1743.3892006289727,572.6996220182627,4020.2549140667543,184.32397959183675
1760563006,100,,Aggregated,44.100000,0.000000,1700,1900,2000,2000,2200,2400,2600,2900,3600,4000,4000,1960,0,1700.0,1743.3892006289727,572.6996220182627,4020.2549140667543,184.32397959183675
1760563007,100,,Aggregated,41.500000,0.000000,1700,1900,2000,2000,2200,2400,2700,2900,3400,4000,4000,2076,0,1700.0,1748.8876131573165,572.6996220182627,4020.2549140667543,184.32851637764932
1760563008,100,,Aggregated,41.500000,0.000000,1700,1900,2000,2000,2200,2400,2700,2900,3400,4000,4000,2076,0,1700.0,1748.8876131573165,572.6996220182627,4020.2549140667543,184.32851637764932
1760563009,100,,Aggregated,41.500000,0.000000,1700,1900,2000,2000,2200,2400,2700,2900,3400,4000,4000,2076,0,1700.0,1748.8876131573165,572.6996220182627,4020.2549140667543,184.32851637764932
1760563010,100,,Aggregated,39.500000,0.000000,1700,1800,1900,2000,2200,2400,2600,2900,3400,4000,4000,2205,0,1700.0,1747.8291015447458,572.6996220182627,4020.2549140667543,184.3297052154195
1760563011,100,,Aggregated,39.500000,0.000000,1700,1800,1900,2000,2200,2400,2600,2900,3400,4000,4000,2205,0,1700.0,1747.8291015447458,572.6996220182627,4020.2549140667543,184.3297052154195
1760563012,100,,Aggregated,39.500000,0.000000,1700,1800,1900,2000,2200,2400,2600,2900,3400,4000,4000,2205,0,1700.0,1747.8291015447458,572.6996220182627,4020.2549140667543,184.3297052154195
1760563013,100,,Aggregated,39.500000,0.000000,1700,1900,1900,2000,2200,2400,2600,2900,3400,4000,4000,2318,0,1700.0,1753.5743456943273,572.6996220182627,4020.2549140667543,184.33908541846418
1760563014,100,,Aggregated,39.500000,0.000000,1700,1900,1900,2000,2200,2400,2600,2900,3400,4000,4000,2318,0,1700.0,1753.5743456943273,572.6996220182627,4020.2549140667543,184.33908541846418
1760563015,100,,Aggregated,39.500000,0.000000,1700,1900,1900,2000,2200,2400,2600,2900,3400,4000,4000,2318,0,1700.0,1753.5743456943273,572.6996220182627,4020.2549140667543,184.33908541846418
1760563016,0,,Aggregated,39.800000,0.000000,1700,1900,1900,2000,2200,2400,2600,2900,3400,4000,4000,2432,0,1700.0,1753.255866164708,572.6996220182627,4020.2549140667543,184.34333881578948
1760563017,0,,Aggregated,39.800000,0.000000,1700,1900,1900,2000,2200,2400,2600,2900,3400,4000,4000,2432,0,1700.0,1753.255866164708,572.6996220182627,4020.2549140667543,184.34333881578948
1760563018,0,,Aggregated,39.800000,0.000000,1700,1900,1900,2000,2200,2400,2600,2900,3400,4000,4000,2432,0,1700.0,1753.255866164708,572.6996220182627,4020.2549140667543,184.34333881578948
1760563019,0,,Aggregated,39.800000,0.000000,1700,1900,1900,2000,2200,2400,2600,2900,3400,4000,4000,2432,0,1700.0,1753.255866164708,572.6996220182627,4020.2549140667543,184.34333881578948
1760563020,0,,Aggregated,39.800000,0.000000,1700,1900,1900,2000,2200,2400,2600,2900,3400,4000,4000,2432,0,1700.0,1753.255866164708,572.6996220182627,4020.2549140667543,184.34333881578948
1760563021,0,,Aggregated,39.800000,0.000000,1700,1900,1900,2000,2200,2400,2600,2900,3400,4000,4000,2432,0,1700.0,1753.255866164708,572.6996220182627,4020.2549140667543,184.34333881578948
1760563022,0,,Aggregated,39.800000,0.000000,1700,1900,1900,2000,2200,2400,2600,2900,3400,4000,4000,2432,0,1700.0,1753.255866164708,572.6996220182627,4020.2549140667543,184.34333881578948
1760563023,0,,Aggregated,39.800000,0.000000,1700,1900,1900,2000,2200,2400,2600,2900,3400,4000,4000,2432,0,1700.0,1753.255866164708,572.6996220182627,4020.2549140667543,184.34333881578948
1760563024,0,,Aggregated,39.800000,0.000000,1700,1900,1900,2000,2200,2400,2600,2900,3400,4000,4000,2432,0,1700.0,1753.255866164708,572.6996220182627,4020.2549140667543,184.34333881578948
1760563025,0,,Aggregated,39.800000,0.000000,1700,1900,1900,2000,2200,2400,2600,2900,3400,4000,4000,2432,0,1700.0,1753.255866164708,572.6996220182627,4020.2549140667543,184.34333881578948
1760563026,0,,Aggregated,39.800000,0.000000,1700,1900,1900,2000,2200,2400,2600,2900,3400,4000,4000,2432,0,1700.0,1753.255866164708,572.6996220182627,4020.2549140667543,184.34333881578948
1760563027,0,,Aggregated,39.800000,0.000000,1700,1900,1900,2000,2200,2400,2600,2900,3400,4000,4000,2432,0,1700.0,1753.255866164708,572.6996220182627,4020.2549140667543,184.34333881578948
1760563028,0,,Aggregated,39.800000,0.000000,1700,1900,1900,2000,2200,2400,2600,2900,3400,4000,4000,2432,0,1700.0,1753.255866164708,572.6996220182627,4020.2549140667543,184.34333881578948
1760563029,0,,Aggregated,39.800000,0.000000,1700,1900,1900,2000,2200,2400,2600,2900,3400,4000,4000,2432,0,1700.0,1753.255866164708,572.6996220182627,4020.2549140667543,184.34333881578948
1760563030,0,,Aggregated,39.800000,0.000000,1700,1900,1900,2000,2200,2400,2600,2900,3400,4000,4000,2432,0,1700.0,1753.255866164708,572.6996220182627,4020.2549140667543,184.34333881578948
1760563031,0,,Aggregated,39.800000,0.000000,1700,1900,1900,2000,2200,2400,2600,2900,3400,4000,4000,2432,0,1700.0,1753.255866164708,572.6996220182627,4020.2549140667543,184.34333881578948
1760563032,0,,Aggregated,39.800000,0.000000,1700,1900,1900,2000,2200,2400,2600,2900,3400,4000,4000,2432,0,1700.0,1753.255866164708,572.6996220182627,4020.2549140667543,184.34333881578948
1760563033,0,,Aggregated,39.800000,0.000000,1700,1900,1900,2000,2200,2400,2600,2900,3400,4000,4000,2432,0,1700.0,1753.255866164708,572.6996220182627,4020.2549140667543,184.34333881578948
1760563034,0,,Aggregated,39.800000,0.000000,1700,1900,1900,2000,2200,2400,2600,2900,3400,4000,4000,2432,0,1700.0,1753.255866164708,572.6996220182627,4020.2549140667543,184.34333881578948
1760563035,0,,Aggregated,39.800000,0.000000,1700,1900,1900,2000,2200,2400,2600,2900,3400,4000,4000,2432,0,1700.0,1753.255866164708,572.6996220182627,4020.2549140667543,184.34333881578948
1760563036,0,,Aggregated,39.800000,0.000000,1700,1900,1900,2000,2200,2400,2600,2900,3400,4000,4000,2432,0,1700.0,1753.255866164708,572.6996220182627,4020.2549140667543,184.34333881578948
1760563037,0,,Aggregated,39.800000,0.000000,1700,1900,1900,2000,2200,2400,2600,2900,3400,4000,4000,2432,0,1700.0,1753.255866164708,572.6996220182627,4020.2549140667543,184.34333881578948
1760563038,0,,Aggregated,39.800000,0.000000,1700,1900,1900,2000,2200,2400,2600,2900,3400,4000,4000,2432,0,1700.0,1753.255866164708,572.6996220182627,4020.2549140667543,184.34333881578948
1760563039,0,,Aggregated,39.800000,0.000000,1700,1900,1900,2000,2200,2400,2600,2900,3400,4000,4000,2432,0,1700.0,1753.255866164708,572.6996220182627,4020.2549140667543,184.34333881578948
1760563040,0,,Aggregated,39.800000,0.000000,1700,1900,1900,2000,2200,2400,2600,2900,3400,4000,4000,2432,0,1700.0,1753.255866164708,572.6996220182627,4020.2549140667543,184.34333881578948
1760563041,0,,Aggregated,39.800000,0.000000,1700,1900,1900,2000,2200,2400,2600,2900,3400,4000,4000,2432,0,1700.0,1753.255866164708,572.6996220182627,4020.2549140667543,184.34333881578948
1760563042,0,,Aggregated,39.800000,0.000000,1700,1900,1900,2000,2200,2400,2600,2900,3400,4000,4000,2432,0,1700.0,1753.255866164708,572.6996220182627,4020.2549140667543,184.34333881578948
1760563043,0,,Aggregated,39.800000,0.000000,1700,1900,1900,2000,2200,2400,2600,2900,3400,4000,4000,2432,0,1700.0,1753.255866164708,572.6996220182627,4020.2549140667543,184.34333881578948
1760563044,0,,Aggregated,39.800000,0.000000,1700,1900,1900,2000,2200,2400,2600,2900,3400,4000,4000,2432,0,1700.0,1753.255866164708,572.6996220182627,4020.2549140667543,184.34333881578948
1760563045,0,,Aggregated,39.800000,0.000000,1700,1900,1900,2000,2200,2400,2600,2900,3400,4000,4000,2432,0,1700.0,1753.255866164708,572.6996220182627,4020.2549140667543,184.34333881578948
1760563046,0,,Aggregated,39.800000,0.000000,1700,1900,1900,2000,2200,2400,2600,2900,3400,4000,4000,2432,0,1700.0,1753.255866164708,572.6996220182627,4020.2549140667543,184.34333881578948
1760563047,0,,Aggregated,39.800000,0.000000,1700,1900,1900,2000,2200,2400,2600,2900,3400,4000,4000,2432,0,1700.0,1753.255866164708,572.6996220182627,4020.2549140667543,184.34333881578948
1760563048,0,,Aggregated,39.800000,0.000000,1700,1900,1900,2000,2200,2400,2600,2900,3400,4000,4000,2432,0,1700.0,1753.255866164708,572.6996220182627,4020.2549140667543,184.34333881578948
1760563049,0,,Aggregated,39.800000,0.000000,1700,1900,1900,2000,2200,2400,2600,2900,3400,4000,4000,2432,0,1700.0,1753.255866164708,572.6996220182627,4020.2549140667543,184.34333881578948
1760563050,0,,Aggregated,39.800000,0.000000,1700,1900,1900,2000,2200,2400,2600,2900,3400,4000,4000,2432,0,1700.0,1753.255866164708,572.6996220182627,4020.2549140667543,184.34333881578948
1760563051,0,,Aggregated,39.800000,0.000000,1700,1900,1900,2000,2200,2400,2600,2900,3400,4000,4000,2432,0,1700.0,1753.255866164708,572.6996220182627,4020.2549140667543,184.34333881578948
1760563052,0,,Aggregated,39.800000,0.000000,1700,1900,1900,2000,2200,2400,2600,2900,3400,4000,4000,2432,0,1700.0,1753.255866164708,572.6996220182627,4020.2549140667543,184.34333881578948
1760563053,0,,Aggregated,39.800000,0.000000,1700,1900,1900,2000,2200,2400,2600,2900,3400,4000,4000,2432,0,1700.0,1753.255866164708,572.6996220182627,4020.2549140667543,184.34333881578948
1760563054,0,,Aggregated,39.800000,0.000000,1700,1900,1900,2000,2200,2400,2600,2900,3400,4000,4000,2432,0,1700.0,1753.255866164708,572.6996220182627,4020.2549140667543,184.34333881578948
1760563055,0,,Aggregated,39.800000,0.000000,1700,1900,1900,2000,2200,2400,2600,2900,3400,4000,4000,2432,0,1700.0,1753.255866164708,572.6996220182627,4020.2549140667543,184.34333881578948
1760563056,0,,Aggregated,39.800000,0.000000,1700,1900,1900,2000,2200,2400,2600,2900,3400,4000,4000,2432,0,1700.0,1753.255866164708,572.6996220182627,4020.2549140667543,184.34333881578948
1760563057,0,,Aggregated,39.800000,0.000000,1700,1900,1900,2000,2200,2400,2600,2900,3400,4000,4000,2432,0,1700.0,1753.255866164708,572.6996220182627,4020.2549140667543,184.34333881578948
1760563058,0,,Aggregated,39.800000,0.000000,1700,1900,1900,2000,2200,2400,2600,2900,3400,4000,4000,2432,0,1700.0,1753.255866164708,572.6996220182627,4020.2549140667543,184.34333881578948
1760563059,0,,Aggregated,39.800000,0.000000,1700,1900,1900,2000,2200,2400,2600,2900,3400,4000,4000,2432,0,1700.0,1753.255866164708,572.6996220182627,4020.2549140667543,184.34333881578948
1760563060,0,,Aggregated,39.800000,0.000000,1700,1900,1900,2000,2200,2400,2600,2900,3400,4000,4000,2432,0,1700.0,1753.255866164708,572.6996220182627,4020.2549140667543,184.34333881578948
1760563061,0,,Aggregated,39.800000,0.000000,1700,1900,1900,2000,2200,2400,2600,2900,3400,4000,4000,2432,0,1700.0,1753.255866164708,572.6996220182627,4020.2549140667543,184.34333881578948
1760563062,0,,Aggregated,39.800000,0.000000,1700,1900,1900,2000,2200,2400,2600,2900,3400,4000,4000,2432,0,1700.0,1753.255866164708,572.6996220182627,4020.2549140667543,184.34333881578948
1760563063,0,,Aggregated,39.800000,0.000000,1700,1900,1900,2000,2200,2400,2600,2900,3400,4000,4000,2432,0,1700.0,1753.255866164708,572.6996220182627,4020.2549140667543,184.34333881578948
1760563064,0,,Aggregated,39.800000,0.000000,1700,1900,1900,2000,2200,2400,2600,2900,3400,4000,4000,2432,0,1700.0,1753.255866164708,572.6996220182627,4020.2549140667543,184.34333881578948
1760563065,0,,Aggregated,39.800000,0.000000,1700,1900,1900,2000,2200,2400,2600,2900,3400,4000,4000,2432,0,1700.0,1753.255866164708,572.6996220182627,4020.2549140667543,184.34333881578948
1760563066,0,,Aggregated,39.800000,0.000000,1700,1900,1900,2000,2200,2400,2600,2900,3400,4000,4000,2432,0,1700.0,1753.255866164708,572.6996220182627,4020.2549140667543,184.34333881578948
1760563067,0,,Aggregated,39.800000,0.000000,1700,1900,1900,2000,2200,2400,2600,2900,3400,4000,4000,2432,0,1700.0,1753.255866164708,572.6996220182627,4020.2549140667543,184.34333881578948
1760563068,0,,Aggregated,39.800000,0.000000,1700,1900,1900,2000,2200,2400,2600,2900,3400,4000,4000,2432,0,1700.0,1753.255866164708,572.6996220182627,4020.2549140667543,184.34333881578948
1760563069,0,,Aggregated,39.800000,0.000000,1700,1900,1900,2000,2200,2400,2600,2900,3400,4000,4000,2432,0,1700.0,1753.255866164708,572.6996220182627,4020.2549140667543,184.34333881578948
1760563070,0,,Aggregated,39.800000,0.000000,1700,1900,1900,2000,2200,2400,2600,2900,3400,4000,4000,2432,0,1700.0,1753.255866164708,572.6996220182627,4020.2549140667543,184.34333881578948
1760563071,0,,Aggregated,39.800000,0.000000,1700,1900,1900,2000,2200,2400,2600,2900,3400,4000,4000,2432,0,1700.0,1753.255866164708,572.6996220182627,4020.2549140667543,184.34333881578948
1760563072,0,,Aggregated,39.800000,0.000000,1700,1900,1900,2000,2200,2400,2600,2900,3400,4000,4000,2432,0,1700.0,1753.255866164708,572.6996220182627,4020.2549140667543,184.34333881578948
1760563073,0,,Aggregated,39.800000,0.000000,1700,1900,1900,2000,2200,2400,2600,2900,3400,4000,4000,2432,0,1700.0,1753.255866164708,572.6996220182627,4020.2549140667543,184.34333881578948
1760563074,0,,Aggregated,39.800000,0.000000,1700,1900,1900,2000,2200,2400,2600,2900,3400,4000,4000,2432,0,1700.0,1753.255866164708,572.6996220182627,4020.2549140667543,184.34333881578948
1760563075,0,,Aggregated,39.800000,0.000000,1700,1900,1900,2000,2200,2400,2600,2900,3400,4000,4000,2432,0,1700.0,1753.255866164708,572.6996220182627,4020.2549140667543,184.34333881578948
1760563076,0,,Aggregated,39.800000,0.000000,1700,1900,1900,2000,2200,2400,2600,2900,3400,4000,4000,2432,0,1700.0,1753.255866164708,572.6996220182627,4020.2549140667543,184.34333881578948
1760563077,0,,Aggregated,39.800000,0.000000,1700,1900,1900,2000,2200,2400,2600,2900,3400,4000,4000,2432,0,1700.0,1753.255866164708,572.6996220182627,4020.2549140667543,184.34333881578948
1760563078,0,,Aggregated,39.800000,0.000000,1700,1900,1900,2000,2200,2400,2600,2900,3400,4000,4000,2432,0,1700.0,1753.255866164708,572.6996220182627,4020.2549140667543,184.34333881578948
1760563079,0,,Aggregated,39.800000,0.000000,1700,1900,1900,2000,2200,2400,2600,2900,3400,4000,4000,2432,0,1700.0,1753.255866164708,572.6996220182627,4020.2549140667543,184.34333881578948
1760563080,0,,Aggregated,39.800000,0.000000,1700,1900,1900,2000,2200,2400,2600,2900,3400,4000,4000,2432,0,1700.0,1753.255866164708,572.6996220182627,4020.2549140667543,184.34333881578948
1760563081,0,,Aggregated,39.800000,0.000000,1700,1900,1900,2000,2200,2400,2600,2900,3400,4000,4000,2432,0,1700.0,1753.255866164708,572.6996220182627,4020.2549140667543,184.34333881578948
1760563082,0,,Aggregated,39.800000,0.000000,1700,1900,1900,2000,2200,2400,2600,2900,3400,4000,4000,2432,0,1700.0,1753.255866164708,572.6996220182627,4020.2549140667543,184.34333881578948
1760563083,0,,Aggregated,39.800000,0.000000,1700,1900,1900,2000,2200,2400,2600,2900,3400,4000,4000,2432,0,1700.0,1753.255866164708,572.6996220182627,4020.2549140667543,184.34333881578948
1760563084,0,,Aggregated,39.800000,0.000000,1700,1900,1900,2000,2200,2400,2600,2900,3400,4000,4000,2432,0,1700.0,1753.255866164708,572.6996220182627,4020.2549140667543,184.34333881578948
1760563086,0,,Aggregated,39.800000,0.000000,1700,1900,1900,2000,2200,2400,2600,2900,3400,4000,4000,2432,0,1700.0,1753.255866164708,572.6996220182627,4020.2549140667543,184.34333881578948
1760563087,0,,Aggregated,39.800000,0.000000,1700,1900,1900,2000,2200,2400,2600,2900,3400,4000,4000,2432,0,1700.0,1753.255866164708,572.6996220182627,4020.2549140667543,184.34333881578948
1760563088,0,,Aggregated,39.800000,0.000000,1700,1900,1900,2000,2200,2400,2600,2900,3400,4000,4000,2432,0,1700.0,1753.255866164708,572.6996220182627,4020.2549140667543,184.34333881578948
1760563089,0,,Aggregated,39.800000,0.000000,1700,1900,1900,2000,2200,2400,2600,2900,3400,4000,4000,2432,0,1700.0,1753.255866164708,572.6996220182627,4020.2549140667543,184.34333881578948
1760563090,0,,Aggregated,39.800000,0.000000,1700,1900,1900,2000,2200,2400,2600,2900,3400,4000,4000,2432,0,1700.0,1753.255866164708,572.6996220182627,4020.2549140667543,184.34333881578948
1760563091,0,,Aggregated,39.800000,0.000000,1700,1900,1900,2000,2200,2400,2600,2900,3400,4000,4000,2432,0,1700.0,1753.255866164708,572.6996220182627,4020.2549140667543,184.34333881578948
1760563092,0,,Aggregated,39.800000,0.000000,1700,1900,1900,2000,2200,2400,2600,2900,3400,4000,4000,2432,0,1700.0,1753.255866164708,572.6996220182627,4020.2549140667543,184.34333881578948
1760563093,0,,Aggregated,39.800000,0.000000,1700,1900,1900,2000,2200,2400,2600,2900,3400,4000,4000,2432,0,1700.0,1753.255866164708,572.6996220182627,4020.2549140667543,184.34333881578948
1760563094,0,,Aggregated,39.800000,0.000000,1700,1900,1900,2000,2200,2400,2600,2900,3400,4000,4000,2432,0,1700.0,1753.255866164708,572.6996220182627,4020.2549140667543,184.34333881578948
1760563095,0,,Aggregated,39.800000,0.000000,1700,1900,1900,2000,2200,2400,2600,2900,3400,4000,4000,2432,0,1700.0,1753.255866164708,572.6996220182627,4020.2549140667543,184.34333881578948
1760563096,0,,Aggregated,39.800000,0.000000,1700,1900,1900,2000,2200,2400,2600,2900,3400,4000,4000,2432,0,1700.0,1753.255866164708,572.6996220182627,4020.2549140667543,184.34333881578948
1760563097,0,,Aggregated,39.800000,0.000000,1700,1900,1900,2000,2200,2400,2600,2900,3400,4000,4000,2432,0,1700.0,1753.255866164708,572.6996220182627,4020.2549140667543,184.34333881578948
1760563098,0,,Aggregated,39.800000,0.000000,1700,1900,1900,2000,2200,2400,2600,2900,3400,4000,4000,2432,0,1700.0,1753.255866164708,572.6996220182627,4020.2549140667543,184.34333881578948
1760563099,0,,Aggregated,39.800000,0.000000,1700,1900,1900,2000,2200,2400,2600,2900,3400,4000,4000,2432,0,1700.0,1753.255866164708,572.6996220182627,4020.2549140667543,184.34333881578948
1760563100,0,,Aggregated,39.800000,0.000000,1700,1900,1900,2000,2200,2400,2600,2900,3400,4000,4000,2432,0,1700.0,1753.255866164708,572.6996220182627,4020.2549140667543,184.34333881578948
1760563101,0,,Aggregated,39.800000,0.000000,1700,1900,1900,2000,2200,2400,2600,2900,3400,4000,4000,2432,0,1700.0,1753.255866164708,572.6996220182627,4020.2549140667543,184.34333881578948
1760563102,0,,Aggregated,39.800000,0.000000,1700,1900,1900,2000,2200,2400,2600,2900,3400,4000,4000,2432,0,1700.0,1753.255866164708,572.6996220182627,4020.2549140667543,184.34333881578948
1760563103,0,,Aggregated,39.800000,0.000000,1700,1900,1900,2000,2200,2400,2600,2900,3400,4000,4000,2432,0,1700.0,1753.255866164708,572.6996220182627,4020.2549140667543,184.34333881578948
1760563104,0,,Aggregated,39.800000,0.000000,1700,1900,1900,2000,2200,2400,2600,2900,3400,4000,4000,2432,0,1700.0,1753.255866164708,572.6996220182627,4020.2549140667543,184.34333881578948
1760563105,0,,Aggregated,39.800000,0.000000,1700,1900,1900,2000,2200,2400,2600,2900,3400,4000,4000,2432,0,1700.0,1753.255866164708,572.6996220182627,4020.2549140667543,184.34333881578948
1760563106,0,,Aggregated,39.800000,0.000000,1700,1900,1900,2000,2200,2400,2600,2900,3400,4000,4000,2432,0,1700.0,1753.255866164708,572.6996220182627,4020.2549140667543,184.34333881578948
1760563107,0,,Aggregated,39.800000,0.000000,1700,1900,1900,2000,2200,2400,2600,2900,3400,4000,4000,2432,0,1700.0,1753.255866164708,572.6996220182627,4020.2549140667543,184.34333881578948
1760563108,0,,Aggregated,39.800000,0.000000,1700,1900,1900,2000,2200,2400,2600,2900,3400,4000,4000,2432,0,1700.0,1753.255866164708,572.6996220182627,4020.2549140667543,184.34333881578948
1760563109,0,,Aggregated,39.800000,0.000000,1700,1900,1900,2000,2200,2400,2600,2900,3400,4000,4000,2432,0,1700.0,1753.255866164708,572.6996220182627,4020.2549140667543,184.34333881578948
1760563110,0,,Aggregated,39.800000,0.000000,1700,1900,1900,2000,2200,2400,2600,2900,3400,4000,4000,2432,0,1700.0,1753.255866164708,572.6996220182627,4020.2549140667543,184.34333881578948
1760563111,0,,Aggregated,39.800000,0.000000,1700,1900,1900,2000,2200,2400,2600,2900,3400,4000,4000,2432,0,1700.0,1753.255866164708,572.6996220182627,4020.2549140667543,184.34333881578948
1760563112,0,,Aggregated,39.800000,0.000000,1700,1900,1900,2000,2200,2400,2600,2900,3400,4000,4000,2432,0,1700.0,1753.255866164708,572.6996220182627,4020.2549140667543,184.34333881578948
1760563113,0,,Aggregated,39.800000,0.000000,1700,1900,1900,2000,2200,2400,2600,2900,3400,4000,4000,2432,0,1700.0,1753.255866164708,572.6996220182627,4020.2549140667543,184.34333881578948
1760563114,0,,Aggregated,39.800000,0.000000,1700,1900,1900,2000,2200,2400,2600,2900,3400,4000,4000,2432,0,1700.0,1753.255866164708,572.6996220182627,4020.2549140667543,184.34333881578948
1760563115,0,,Aggregated,39.800000,0.000000,1700,1900,1900,2000,2200,2400,2600,2900,3400,4000,4000,2432,0,1700.0,1753.255866164708,572.6996220182627,4020.2549140667543,184.34333881578948
1760563116,0,,Aggregated,39.800000,0.000000,1700,1900,1900,2000,2200,2400,2600,2900,3400,4000,4000,2432,0,1700.0,1753.255866164708,572.6996220182627,4020.2549140667543,184.34333881578948
1760563117,0,,Aggregated,39.800000,0.000000,1700,1900,1900,2000,2200,2400,2600,2900,3400,4000,4000,2432,0,1700.0,1753.255866164708,572.6996220182627,4020.2549140667543,184.34333881578948
1760563118,0,,Aggregated,39.800000,0.000000,1700,1900,1900,2000,2200,2400,2600,2900,3400,4000,4000,2432,0,1700.0,1753.255866164708,572.6996220182627,4020.2549140667543,184.34333881578948
1760563119,0,,Aggregated,39.800000,0.000000,1700,1900,1900,2000,2200,2400,2600,2900,3400,4000,4000,2432,0,1700.0,1753.255866164708,572.6996220182627,4020.2549140667543,184.34333881578948
1760563120,0,,Aggregated,39.800000,0.000000,1700,1900,1900,2000,2200,2400,2600,2900,3400,4000,4000,2432,0,1700.0,1753.255866164708,572.6996220182627,4020.2549140667543,184.34333881578948
1760563121,0,,Aggregated,39.800000,0.000000,1700,1900,1900,2000,2200,2400,2600,2900,3400,4000,4000,2432,0,1700.0,1753.255866164708,572.6996220182627,4020.2549140667543,184.34333881578948
1760563122,0,,Aggregated,39.800000,0.000000,1700,1900,1900,2000,2200,2400,2600,2900,3400,4000,4000,2432,0,1700.0,1753.255866164708,572.6996220182627,4020.2549140667543,184.34333881578948
1760563123,0,,Aggregated,39.800000,0.000000,1700,1900,1900,2000,2200,2400,2600,2900,3400,4000,4000,2432,0,1700.0,1753.255866164708,572.6996220182627,4020.2549140667543,184.34333881578948
1760563124,0,,Aggregated,39.800000,0.000000,1700,1900,1900,2000,2200,2400,2600,2900,3400,4000,4000,2432,0,1700.0,1753.255866164708,572.6996220182627,4020.2549140667543,184.34333881578948
1760563125,0,,Aggregated,39.800000,0.000000,1700,1900,1900,2000,2200,2400,2600,2900,3400,4000,4000,2432,0,1700.0,1753.255866164708,572.6996220182627,4020.2549140667543,184.34333881578948
1760563126,0,,Aggregated,39.800000,0.000000,1700,1900,1900,2000,2200,2400,2600,2900,3400,4000,4000,2432,0,1700.0,1753.255866164708,572.6996220182627,4020.2549140667543,184.34333881578948
1760563127,0,,Aggregated,39.800000,0.000000,1700,1900,1900,2000,2200,2400,2600,2900,3400,4000,4000,2432,0,1700.0,1753.255866164708,572.6996220182627,4020.2549140667543,184.34333881578948
1760563128,0,,Aggregated,39.800000,0.000000,1700,1900,1900,2000,2200,2400,2600,2900,3400,4000,4000,2432,0,1700.0,1753.255866164708,572.6996220182627,4020.2549140667543,184.34333881578948
1760563129,0,,Aggregated,39.800000,0.000000,1700,1900,1900,2000,2200,2400,2600,2900,3400,4000,4000,2432,0,1700.0,1753.255866164708,572.6996220182627,4020.2549140667543,184.34333881578948
1760563130,0,,Aggregated,39.800000,0.000000,1700,1900,1900,2000,2200,2400,2600,2900,3400,4000,4000,2432,0,1700.0,1753.255866164708,572.6996220182627,4020.2549140667543,184.34333881578948
1760563131,0,,Aggregated,39.800000,0.000000,1700,1900,1900,2000,2200,2400,2600,2900,3400,4000,4000,2432,0,1700.0,1753.255866164708,572.6996220182627,4020.2549140667543,184.34333881578948
1760563132,0,,Aggregated,39.800000,0.000000,1700,1900,1900,2000,2200,2400,2600,2900,3400,4000,4000,2432,0,1700.0,1753.255866164708,572.6996220182627,4020.2549140667543,184.34333881578948
1760563133,0,,Aggregated,39.800000,0.000000,1700,1900,1900,2000,2200,2400,2600,2900,3400,4000,4000,2432,0,1700.0,1753.255866164708,572.6996220182627,4020.2549140667543,184.34333881578948
1760563134,0,,Aggregated,39.800000,0.000000,1700,1900,1900,2000,2200,2400,2600,2900,3400,4000,4000,2432,0,1700.0,1753.255866164708,572.6996220182627,4020.2549140667543,184.34333881578948
1760563135,0,,Aggregated,39.800000,0.000000,1700,1900,1900,2000,2200,2400,2600,2900,3400,4000,4000,2432,0,1700.0,1753.255866164708,572.6996220182627,4020.2549140667543,184.34333881578948
1760563136,0,,Aggregated,39.800000,0.000000,1700,1900,1900,2000,2200,2400,2600,2900,3400,4000,4000,2432,0,1700.0,1753.255866164708,572.6996220182627,4020.2549140667543,184.34333881578948
1760563137,0,,Aggregated,39.800000,0.000000,1700,1900,1900,2000,2200,2400,2600,2900,3400,4000,4000,2432,0,1700.0,1753.255866164708,572.6996220182627,4020.2549140667543,184.34333881578948
1760563138,0,,Aggregated,39.800000,0.000000,1700,1900,1900,2000,2200,2400,2600,2900,3400,4000,4000,2432,0,1700.0,1753.255866164708,572.6996220182627,4020.2549140667543,184.34333881578948
1760563139,0,,Aggregated,39.800000,0.000000,1700,1900,1900,2000,2200,2400,2600,2900,3400,4000,4000,2432,0,1700.0,1753.255866164708,572.6996220182627,4020.2549140667543,184.34333881578948
1760563140,0,,Aggregated,39.800000,0.000000,1700,1900,1900,2000,2200,2400,2600,2900,3400,4000,4000,2432,0,1700.0,1753.255866164708,572.6996220182627,4020.2549140667543,184.34333881578948
1760563141,0,,Aggregated,39.800000,0.000000,1700,1900,1900,2000,2200,2400,2600,2900,3400,4000,4000,2432,0,1700.0,1753.255866164708,572.6996220182627,4020.2549140667543,184.34333881578948
1760563142,0,,Aggregated,39.800000,0.000000,1700,1900,1900,2000,2200,2400,2600,2900,3400,4000,4000,2432,0,1700.0,1753.255866164708,572.6996220182627,4020.2549140667543,184.34333881578948
1760563143,0,,Aggregated,39.800000,0.000000,1700,1900,1900,2000,2200,2400,2600,2900,3400,4000,4000,2432,0,1700.0,1753.255866164708,572.6996220182627,4020.2549140667543,184.34333881578948
1760563144,0,,Aggregated,39.800000,0.000000,1700,1900,1900,2000,2200,2400,2600,2900,3400,4000,4000,2432,0,1700.0,1753.255866164708,572.6996220182627,4020.2549140667543,184.34333881578948
1760563145,0,,Aggregated,39.800000,0.000000,1700,1900,1900,2000,2200,2400,2600,2900,3400,4000,4000,2432,0,1700.0,1753.255866164708,572.6996220182627,4020.2549140667543,184.34333881578948
1760563146,0,,Aggregated,39.800000,0.000000,1700,1900,1900,2000,2200,2400,2600,2900,3400,4000,4000,2432,0,1700.0,1753.255866164708,572.6996220182627,4020.2549140667543,184.34333881578948
1760563147,0,,Aggregated,39.800000,0.000000,1700,1900,1900,2000,2200,2400,2600,2900,3400,4000,4000,2432,0,1700.0,1753.255866164708,572.6996220182627,4020.2549140667543,184.34333881578948
1760563148,0,,Aggregated,39.800000,0.000000,1700,1900,1900,2000,2200,2400,2600,2900,3400,4000,4000,2432,0,1700.0,1753.255866164708,572.6996220182627,4020.2549140667543,184.34333881578948
1760563149,0,,Aggregated,39.800000,0.000000,1700,1900,1900,2000,2200,2400,2600,2900,3400,4000,4000,2432,0,1700.0,1753.255866164708,572.6996220182627,4020.2549140667543,184.34333881578948
1760563150,0,,Aggregated,39.800000,0.000000,1700,1900,1900,2000,2200,2400,2600,2900,3400,4000,4000,2432,0,1700.0,1753.255866164708,572.6996220182627,4020.2549140667543,184.34333881578948
1760563151,0,,Aggregated,39.800000,0.000000,1700,1900,1900,2000,2200,2400,2600,2900,3400,4000,4000,2432,0,1700.0,1753.255866164708,572.6996220182627,4020.2549140667543,184.34333881578948
1760563152,0,,Aggregated,39.800000,0.000000,1700,1900,1900,2000,2200,2400,2600,2900,3400,4000,4000,2432,0,1700.0,1753.255866164708,572.6996220182627,4020.2549140667543,184.34333881578948
1760563153,0,,Aggregated,39.800000,0.000000,1700,1900,1900,2000,2200,2400,2600,2900,3400,4000,4000,2432,0,1700.0,1753.255866164708,572.6996220182627,4020.2549140667543,184.34333881578948
1760563154,0,,Aggregated,39.800000,0.000000,1700,1900,1900,2000,2200,2400,2600,2900,3400,4000,4000,2432,0,1700.0,1753.255866164708,572.6996220182627,4020.2549140667543,184.34333881578948
1760563155,0,,Aggregated,39.800000,0.000000,1700,1900,1900,2000,2200,2400,2600,2900,3400,4000,4000,2432,0,1700.0,1753.255866164708,572.6996220182627,4020.2549140667543,184.34333881578948
1760563156,0,,Aggregated,39.800000,0.000000,1700,1900,1900,2000,2200,2400,2600,2900,3400,4000,4000,2432,0,1700.0,1753.255866164708,572.6996220182627,4020.2549140667543,184.34333881578948
1760563157,0,,Aggregated,39.800000,0.000000,1700,1900,1900,2000,2200,2400,2600,2900,3400,4000,4000,2432,0,1700.0,1753.255866164708,572.6996220182627,4020.2549140667543,184.34333881578948
1760563158,0,,Aggregated,39.800000,0.000000,1700,1900,1900,2000,2200,2400,2600,2900,3400,4000,4000,2432,0,1700.0,1753.255866164708,572.6996220182627,4020.2549140667543,184.34333881578948
1760563159,0,,Aggregated,39.800000,0.000000,1700,1900,1900,2000,2200,2400,2600,2900,3400,4000,4000,2432,0,1700.0,1753.255866164708,572.6996220182627,4020.2549140667543,184.34333881578948
1760563160,0,,Aggregated,39.800000,0.000000,1700,1900,1900,2000,2200,2400,2600,2900,3400,4000,4000,2432,0,1700.0,1753.255866164708,572.6996220182627,4020.2549140667543,184.34333881578948
1760563161,0,,Aggregated,39.800000,0.000000,1700,1900,1900,2000,2200,2400,2600,2900,3400,4000,4000,2432,0,1700.0,1753.255866164708,572.6996220182627,4020.2549140667543,184.34333881578948
1760563162,0,,Aggregated,39.800000,0.000000,1700,1900,1900,2000,2200,2400,2600,2900,3400,4000,4000,2432,0,1700.0,1753.255866164708,572.6996220182627,4020.2549140667543,184.34333881578948
1760563163,0,,Aggregated,39.800000,0.000000,1700,1900,1900,2000,2200,2400,2600,2900,3400,4000,4000,2432,0,1700.0,1753.255866164708,572.6996220182627,4020.2549140667543,184.34333881578948
1760563164,0,,Aggregated,39.800000,0.000000,1700,1900,1900,2000,2200,2400,2600,2900,3400,4000,4000,2432,0,1700.0,1753.255866164708,572.6996220182627,4020.2549140667543,184.34333881578948
1760563165,0,,Aggregated,39.800000,0.000000,1700,1900,1900,2000,2200,2400,2600,2900,3400,4000,4000,2432,0,1700.0,1753.255866164708,572.6996220182627,4020.2549140667543,184.34333881578948
1760563166,0,,Aggregated,39.800000,0.000000,1700,1900,1900,2000,2200,2400,2600,2900,3400,4000,4000,2432,0,1700.0,1753.255866164708,572.6996220182627,4020.2549140667543,184.34333881578948
1760563167,0,,Aggregated,39.800000,0.000000,1700,1900,1900,2000,2200,2400,2600,2900,3400,4000,4000,2432,0,1700.0,1753.255866164708,572.6996220182627,4020.2549140667543,184.34333881578948
1760563168,0,,Aggregated,39.800000,0.000000,1700,1900,1900,2000,2200,2400,2600,2900,3400,4000,4000,2432,0,1700.0,1753.255866164708,572.6996220182627,4020.2549140667543,184.34333881578948
1760563169,0,,Aggregated,39.800000,0.000000,1700,1900,1900,2000,2200,2400,2600,2900,3400,4000,4000,2432,0,1700.0,1753.255866164708,572.6996220182627,4020.2549140667543,184.34333881578948
1760563170,0,,Aggregated,39.800000,0.000000,1700,1900,1900,2000,2200,2400,2600,2900,3400,4000,4000,2432,0,1700.0,1753.255866164708,572.6996220182627,4020.2549140667543,184.34333881578948
1760563171,0,,Aggregated,39.800000,0.000000,1700,1900,1900,2000,2200,2400,2600,2900,3400,4000,4000,2432,0,1700.0,1753.255866164708,572.6996220182627,4020.2549140667543,184.34333881578948
1760563172,0,,Aggregated,39.800000,0.000000,1700,1900,1900,2000,2200,2400,2600,2900,3400,4000,4000,2432,0,1700.0,1753.255866164708,572.6996220182627,4020.2549140667543,184.34333881578948
1760563173,0,,Aggregated,39.800000,0.000000,1700,1900,1900,2000,2200,2400,2600,2900,3400,4000,4000,2432,0,1700.0,1753.255866164708,572.6996220182627,4020.2549140667543,184.34333881578948
1760563174,0,,Aggregated,39.800000,0.000000,1700,1900,1900,2000,2200,2400,2600,2900,3400,4000,4000,2432,0,1700.0,1753.255866164708,572.6996220182627,4020.2549140667543,184.34333881578948
1760563175,0,,Aggregated,39.800000,0.000000,1700,1900,1900,2000,2200,2400,2600,2900,3400,4000,4000,2432,0,1700.0,1753.255866164708,572.6996220182627,4020.2549140667543,184.34333881578948
1760563176,0,,Aggregated,39.800000,0.000000,1700,1900,1900,2000,2200,2400,2600,2900,3400,4000,4000,2432,0,1700.0,1753.255866164708,572.6996220182627,4020.2549140667543,184.34333881578948
1760563177,0,,Aggregated,39.800000,0.000000,1700,1900,1900,2000,2200,2400,2600,2900,3400,4000,4000,2432,0,1700.0,1753.255866164708,572.6996220182627,4020.2549140667543,184.34333881578948
1760563178,0,,Aggregated,39.800000,0.000000,1700,1900,1900,2000,2200,2400,2600,2900,3400,4000,4000,2432,0,1700.0,1753.255866164708,572.6996220182627,4020.2549140667543,184.34333881578948
1760563179,0,,Aggregated,39.800000,0.000000,1700,1900,1900,2000,2200,2400,2600,2900,3400,4000,4000,2432,0,1700.0,1753.255866164708,572.6996220182627,4020.2549140667543,184.34333881578948
1760563180,0,,Aggregated,39.800000,0.000000,1700,1900,1900,2000,2200,2400,2600,2900,3400,4000,4000,2432,0,1700.0,1753.255866164708,572.6996220182627,4020.2549140667543,184.34333881578948
1760563181,0,,Aggregated,39.800000,0.000000,1700,1900,1900,2000,2200,2400,2600,2900,3400,4000,4000,2432,0,1700.0,1753.255866164708,572.6996220182627,4020.2549140667543,184.34333881578948
1760563182,0,,Aggregated,39.800000,0.000000,1700,1900,1900,2000,2200,2400,2600,2900,3400,4000,4000,2432,0,1700.0,1753.255866164708,572.6996220182627,4020.2549140667543,184.34333881578948
1760563183,0,,Aggregated,39.800000,0.000000,1700,1900,1900,2000,2200,2400,2600,2900,3400,4000,4000,2432,0,1700.0,1753.255866164708,572.6996220182627,4020.2549140667543,184.34333881578948
1760563184,0,,Aggregated,39.800000,0.000000,1700,1900,1900,2000,2200,2400,2600,2900,3400,4000,4000,2432,0,1700.0,1753.255866164708,572.6996220182627,4020.2549140667543,184.34333881578948
1760563185,0,,Aggregated,39.800000,0.000000,1700,1900,1900,2000,2200,2400,2600,2900,3400,4000,4000,2432,0,1700.0,1753.255866164708,572.6996220182627,4020.2549140667543,184.34333881578948
1760563186,0,,Aggregated,39.800000,0.000000,1700,1900,1900,2000,2200,2400,2600,2900,3400,4000,4000,2432,0,1700.0,1753.255866164708,572.6996220182627,4020.2549140667543,184.34333881578948
1760563187,0,,Aggregated,39.800000,0.000000,1700,1900,1900,2000,2200,2400,2600,2900,3400,4000,4000,2432,0,1700.0,1753.255866164708,572.6996220182627,4020.2549140667543,184.34333881578948
1760563188,0,,Aggregated,39.800000,0.000000,1700,1900,1900,2000,2200,2400,2600,2900,3400,4000,4000,2432,0,1700.0,1753.255866164708,572.6996220182627,4020.2549140667543,184.34333881578948
1760563189,0,,Aggregated,39.800000,0.000000,1700,1900,1900,2000,2200,2400,2600,2900,3400,4000,4000,2432,0,1700.0,1753.255866164708,572.6996220182627,4020.2549140667543,184.34333881578948
1760563190,0,,Aggregated,39.800000,0.000000,1700,1900,1900,2000,2200,2400,2600,2900,3400,4000,4000,2432,0,1700.0,1753.255866164708,572.6996220182627,4020.2549140667543,184.34333881578948
1760563191,0,,Aggregated,39.800000,0.000000,1700,1900,1900,2000,2200,2400,2600,2900,3400,4000,4000,2432,0,1700.0,1753.255866164708,572.6996220182627,4020.2549140667543,184.34333881578948
1760563192,0,,Aggregated,39.800000,0.000000,1700,1900,1900,2000,2200,2400,2600,2900,3400,4000,4000,2432,0,1700.0,1753.255866164708,572.6996220182627,4020.2549140667543,184.34333881578948
1760563193,0,,Aggregated,39.800000,0.000000,1700,1900,1900,2000,2200,2400,2600,2900,3400,4000,4000,2432,0,1700.0,1753.255866164708,572.6996220182627,4020.2549140667543,184.34333881578948
1760563194,0,,Aggregated,39.800000,0.000000,1700,1900,1900,2000,2200,2400,2600,2900,3400,4000,4000,2432,0,1700.0,1753.255866164708,572.6996220182627,4020.2549140667543,184.34333881578948
1760563195,0,,Aggregated,39.800000,0.000000,1700,1900,1900,2000,2200,2400,2600,2900,3400,4000,4000,2432,0,1700.0,1753.255866164708,572.6996220182627,4020.2549140667543,184.34333881578948
1760563196,0,,Aggregated,39.800000,0.000000,1700,1900,1900,2000,2200,2400,2600,2900,3400,4000,4000,2432,0,1700.0,1753.255866164708,572.6996220182627,4020.2549140667543,184.34333881578948
1760563197,0,,Aggregated,39.800000,0.000000,1700,1900,1900,2000,2200,2400,2600,2900,3400,4000,4000,2432,0,1700.0,1753.255866164708,572.6996220182627,4020.2549140667543,184.34333881578948
1760563198,0,,Aggregated,39.800000,0.000000,1700,1900,1900,2000,2200,2400,2600,2900,3400,4000,4000,2432,0,1700.0,1753.255866164708,572.6996220182627,4020.2549140667543,184.34333881578948
1760563199,0,,Aggregated,39.800000,0.000000,1700,1900,1900,2000,2200,2400,2600,2900,3400,4000,4000,2432,0,1700.0,1753.255866164708,572.6996220182627,4020.2549140667543,184.34333881578948
1760563200,0,,Aggregated,39.800000,0.000000,1700,1900,1900,2000,2200,2400,2600,2900,3400,4000,4000,2432,0,1700.0,1753.255866164708,572.6996220182627,4020.2549140667543,184.34333881578948
1760563201,0,,Aggregated,39.800000,0.000000,1700,1900,1900,2000,2200,2400,2600,2900,3400,4000,4000,2432,0,1700.0,1753.255866164708,572.6996220182627,4020.2549140667543,184.34333881578948
1760563202,0,,Aggregated,39.800000,0.000000,1700,1900,1900,2000,2200,2400,2600,2900,3400,4000,4000,2432,0,1700.0,1753.255866164708,572.6996220182627,4020.2549140667543,184.34333881578948
1760563203,0,,Aggregated,39.800000,0.000000,1700,1900,1900,2000,2200,2400,2600,2900,3400,4000,4000,2432,0,1700.0,1753.255866164708,572.6996220182627,4020.2549140667543,184.34333881578948
1760563204,0,,Aggregated,39.800000,0.000000,1700,1900,1900,2000,2200,2400,2600,2900,3400,4000,4000,2432,0,1700.0,1753.255866164708,572.6996220182627,4020.2549140667543,184.34333881578948
1760563205,0,,Aggregated,39.800000,0.000000,1700,1900,1900,2000,2200,2400,2600,2900,3400,4000,4000,2432,0,1700.0,1753.255866164708,572.6996220182627,4020.2549140667543,184.34333881578948
1760563206,0,,Aggregated,39.800000,0.000000,1700,1900,1900,2000,2200,2400,2600,2900,3400,4000,4000,2432,0,1700.0,1753.255866164708,572.6996220182627,4020.2549140667543,184.34333881578948
1760563207,0,,Aggregated,39.800000,0.000000,1700,1900,1900,2000,2200,2400,2600,2900,3400,4000,4000,2432,0,1700.0,1753.255866164708,572.6996220182627,4020.2549140667543,184.34333881578948
1760563208,0,,Aggregated,39.800000,0.000000,1700,1900,1900,2000,2200,2400,2600,2900,3400,4000,4000,2432,0,1700.0,1753.255866164708,572.6996220182627,4020.2549140667543,184.34333881578948
1760563209,0,,Aggregated,39.800000,0.000000,1700,1900,1900,2000,2200,2400,2600,2900,3400,4000,4000,2432,0,1700.0,1753.255866164708,572.6996220182627,4020.2549140667543,184.34333881578948
1760563210,0,,Aggregated,39.800000,0.000000,1700,1900,1900,2000,2200,2400,2600,2900,3400,4000,4000,2432,0,1700.0,1753.255866164708,572.6996220182627,4020.2549140667543,184.34333881578948
1760563211,0,,Aggregated,39.800000,0.000000,1700,1900,1900,2000,2200,2400,2600,2900,3400,4000,4000,2432,0,1700.0,1753.255866164708,572.6996220182627,4020.2549140667543,184.34333881578948
1760563212,0,,Aggregated,39.800000,0.000000,1700,1900,1900,2000,2200,2400,2600,2900,3400,4000,4000,2432,0,1700.0,1753.255866164708,572.6996220182627,4020.2549140667543,184.34333881578948
1760563213,0,,Aggregated,39.800000,0.000000,1700,1900,1900,2000,2200,2400,2600,2900,3400,4000,4000,2432,0,1700.0,1753.255866164708,572.6996220182627,4020.2549140667543,184.34333881578948
1760563214,0,,Aggregated,39.800000,0.000000,1700,1900,1900,2000,2200,2400,2600,2900,3400,4000,4000,2432,0,1700.0,1753.255866164708,572.6996220182627,4020.2549140667543,184.34333881578948
1760563215,0,,Aggregated,39.800000,0.000000,1700,1900,1900,2000,2200,2400,2600,2900,3400,4000,4000,2432,0,1700.0,1753.255866164708,572.6996220182627,4020.2549140667543,184.34333881578948
1760563216,0,,Aggregated,39.800000,0.000000,1700,1900,1900,2000,2200,2400,2600,2900,3400,4000,4000,2432,0,1700.0,1753.255866164708,572.6996220182627,4020.2549140667543,184.34333881578948
1760563217,0,,Aggregated,39.800000,0.000000,1700,1900,1900,2000,2200,2400,2600,2900,3400,4000,4000,2432,0,1700.0,1753.255866164708,572.6996220182627,4020.2549140667543,184.34333881578948
1760563218,0,,Aggregated,39.800000,0.000000,1700,1900,1900,2000,2200,2400,2600,2900,3400,4000,4000,2432,0,1700.0,1753.255866164708,572.6996220182627,4020.2549140667543,184.34333881578948
1760563219,0,,Aggregated,39.800000,0.000000,1700,1900,1900,2000,2200,2400,2600,2900,3400,4000,4000,2432,0,1700.0,1753.255866164708,572.6996220182627,4020.2549140667543,184.34333881578948
1760563220,0,,Aggregated,39.800000,0.000000,1700,1900,1900,2000,2200,2400,2600,2900,3400,4000,4000,2432,0,1700.0,1753.255866164708,572.6996220182627,4020.2549140667543,184.34333881578948
1760563221,0,,Aggregated,39.800000,0.000000,1700,1900,1900,2000,2200,2400,2600,2900,3400,4000,4000,2432,0,1700.0,1753.255866164708,572.6996220182627,4020.2549140667543,184.34333881578948
1760563222,0,,Aggregated,39.800000,0.000000,1700,1900,1900,2000,2200,2400,2600,2900,3400,4000,4000,2432,0,1700.0,1753.255866164708,572.6996220182627,4020.2549140667543,184.34333881578948
1760563223,0,,Aggregated,39.800000,0.000000,1700,1900,1900,2000,2200,2400,2600,2900,3400,4000,4000,2432,0,1700.0,1753.255866164708,572.6996220182627,4020.2549140667543,184.34333881578948
1760563224,0,,Aggregated,39.800000,0.000000,1700,1900,1900,2000,2200,2400,2600,2900,3400,4000,4000,2432,0,1700.0,1753.255866164708,572.6996220182627,4020.2549140667543,184.34333881578948
1760563225,0,,Aggregated,39.800000,0.000000,1700,1900,1900,2000,2200,2400,2600,2900,3400,4000,4000,2432,0,1700.0,1753.255866164708,572.6996220182627,4020.2549140667543,184.34333881578948
1760563226,0,,Aggregated,39.800000,0.000000,1700,1900,1900,2000,2200,2400,2600,2900,3400,4000,4000,2432,0,1700.0,1753.255866164708,572.6996220182627,4020.2549140667543,184.34333881578948
1760563227,0,,Aggregated,39.800000,0.000000,1700,1900,1900,2000,2200,2400,2600,2900,3400,4000,4000,2432,0,1700.0,1753.255866164708,572.6996220182627,4020.2549140667543,184.34333881578948
1760563228,0,,Aggregated,39.800000,0.000000,1700,1900,1900,2000,2200,2400,2600,2900,3400,4000,4000,2432,0,1700.0,1753.255866164708,572.6996220182627,4020.2549140667543,184.34333881578948
1760563229,0,,Aggregated,39.800000,0.000000,1700,1900,1900,2000,2200,2400,2600,2900,3400,4000,4000,2432,0,1700.0,1753.255866164708,572.6996220182627,4020.2549140667543,184.34333881578948
1760563230,0,,Aggregated,39.800000,0.000000,1700,1900,1900,2000,2200,2400,2600,2900,3400,4000,4000,2432,0,1700.0,1753.255866164708,572.6996220182627,4020.2549140667543,184.34333881578948
1760563231,0,,Aggregated,39.800000,0.000000,1700,1900,1900,2000,2200,2400,2600,2900,3400,4000,4000,2432,0,1700.0,1753.255866164708,572.6996220182627,4020.2549140667543,184.34333881578948
1760563232,0,,Aggregated,39.800000,0.000000,1700,1900,1900,2000,2200,2400,2600,2900,3400,4000,4000,2432,0,1700.0,1753.255866164708,572.6996220182627,4020.2549140667543,184.34333881578948
1760563233,0,,Aggregated,39.800000,0.000000,1700,1900,1900,2000,2200,2400,2600,2900,3400,4000,4000,2432,0,1700.0,1753.255866164708,572.6996220182627,4020.2549140667543,184.34333881578948
1760563234,0,,Aggregated,39.800000,0.000000,1700,1900,1900,2000,2200,2400,2600,2900,3400,4000,4000,2432,0,1700.0,1753.255866164708,572.6996220182627,4020.2549140667543,184.34333881578948
1760563235,0,,Aggregated,39.800000,0.000000,1700,1900,1900,2000,2200,2400,2600,2900,3400,4000,4000,2432,0,1700.0,1753.255866164708,572.6996220182627,4020.2549140667543,184.34333881578948
1760563236,0,,Aggregated,39.800000,0.000000,1700,1900,1900,2000,2200,2400,2600,2900,3400,4000,4000,2432,0,1700.0,1753.255866164708,572.6996220182627,4020.2549140667543,184.34333881578948
1760563237,0,,Aggregated,39.800000,0.000000,1700,1900,1900,2000,2200,2400,2600,2900,3400,4000,4000,2432,0,1700.0,1753.255866164708,572.6996220182627,4020.2549140667543,184.34333881578948
1760563238,0,,Aggregated,39.800000,0.000000,1700,1900,1900,2000,2200,2400,2600,2900,3400,4000,4000,2432,0,1700.0,1753.255866164708,572.6996220182627,4020.2549140667543,184.34333881578948
1760563239,0,,Aggregated,39.800000,0.000000,1700,1900,1900,2000,2200,2400,2600,2900,3400,4000,4000,2432,0,1700.0,1753.255866164708,572.6996220182627,4020.2549140667543,184.34333881578948
1760563240,0,,Aggregated,39.800000,0.000000,1700,1900,1900,2000,2200,2400,2600,2900,3400,4000,4000,2432,0,1700.0,1753.255866164708,572.6996220182627,4020.2549140667543,184.34333881578948
1760563241,0,,Aggregated,39.800000,0.000000,1700,1900,1900,2000,2200,2400,2600,2900,3400,4000,4000,2432,0,1700.0,1753.255866164708,572.6996220182627,4020.2549140667543,184.34333881578948
1760563242,0,,Aggregated,39.800000,0.000000,1700,1900,1900,2000,2200,2400,2600,2900,3400,4000,4000,2432,0,1700.0,1753.255866164708,572.6996220182627,4020.2549140667543,184.34333881578948
1760563243,0,,Aggregated,39.800000,0.000000,1700,1900,1900,2000,2200,2400,2600,2900,3400,4000,4000,2432,0,1700.0,1753.255866164708,572.6996220182627,4020.2549140667543,184.34333881578948
1760563244,0,,Aggregated,39.800000,0.000000,1700,1900,1900,2000,2200,2400,2600,2900,3400,4000,4000,2432,0,1700.0,1753.255866164708,572.6996220182627,4020.2549140667543,184.34333881578948
1760563245,0,,Aggregated,39.800000,0.000000,1700,1900,1900,2000,2200,2400,2600,2900,3400,4000,4000,2432,0,1700.0,1753.255866164708,572.6996220182627,4020.2549140667543,184.34333881578948
1760563246,0,,Aggregated,39.800000,0.000000,1700,1900,1900,2000,2200,2400,2600,2900,3400,4000,4000,2432,0,1700.0,1753.255866164708,572.6996220182627,4020.2549140667543,184.34333881578948
1760563247,0,,Aggregated,39.800000,0.000000,1700,1900,1900,2000,2200,2400,2600,2900,3400,4000,4000,2432,0,1700.0,1753.255866164708,572.6996220182627,4020.2549140667543,184.34333881578948
1760563248,0,,Aggregated,39.800000,0.000000,1700,1900,1900,2000,2200,2400,2600,2900,3400,4000,4000,2432,0,1700.0,1753.255866164708,572.6996220182627,4020.2549140667543,184.34333881578948
1760563249,0,,Aggregated,39.800000,0.000000,1700,1900,1900,2000,2200,2400,2600,2900,3400,4000,4000,2432,0,1700.0,1753.255866164708,572.6996220182627,4020.2549140667543,184.34333881578948
1760563250,0,,Aggregated,39.800000,0.000000,1700,1900,1900,2000,2200,2400,2600,2900,3400,4000,4000,2432,0,1700.0,1753.255866164708,572.6996220182627,4020.2549140667543,184.34333881578948
1760563251,0,,Aggregated,39.800000,0.000000,1700,1900,1900,2000,2200,2400,2600,2900,3400,4000,4000,2432,0,1700.0,1753.255866164708,572.6996220182627,4020.2549140667543,184.34333881578948
1760563252,0,,Aggregated,39.800000,0.000000,1700,1900,1900,2000,2200,2400,2600,2900,3400,4000,4000,2432,0,1700.0,1753.255866164708,572.6996220182627,4020.2549140667543,184.34333881578948
1760563253,0,,Aggregated,39.800000,0.000000,1700,1900,1900,2000,2200,2400,2600,2900,3400,4000,4000,2432,0,1700.0,1753.255866164708,572.6996220182627,4020.2549140667543,184.34333881578948
1760563254,0,,Aggregated,39.800000,0.000000,1700,1900,1900,2000,2200,2400,2600,2900,3400,4000,4000,2432,0,1700.0,1753.255866164708,572.6996220182627,4020.2549140667543,184.34333881578948
1760563255,0,,Aggregated,39.800000,0.000000,1700,1900,1900,2000,2200,2400,2600,2900,3400,4000,4000,2432,0,1700.0,1753.255866164708,572.6996220182627,4020.2549140667543,184.34333881578948
1760563256,0,,Aggregated,39.800000,0.000000,1700,1900,1900,2000,2200,2400,2600,2900,3400,4000,4000,2432,0,1700.0,1753.255866164708,572.6996220182627,4020.2549140667543,184.34333881578948
1760563257,0,,Aggregated,39.800000,0.000000,1700,1900,1900,2000,2200,2400,2600,2900,3400,4000,4000,2432,0,1700.0,1753.255866164708,572.6996220182627,4020.2549140667543,184.34333881578948
1760563258,0,,Aggregated,39.800000,0.000000,1700,1900,1900,2000,2200,2400,2600,2900,3400,4000,4000,2432,0,1700.0,1753.255866164708,572.6996220182627,4020.2549140667543,184.34333881578948
1760563259,0,,Aggregated,39.800000,0.000000,1700,1900,1900,2000,2200,2400,2600,2900,3400,4000,4000,2432,0,1700.0,1753.255866164708,572.6996220182627,4020.2549140667543,184.34333881578948
1760563260,0,,Aggregated,39.800000,0.000000,1700,1900,1900,2000,2200,2400,2600,2900,3400,4000,4000,2432,0,1700.0,1753.255866164708,572.6996220182627,4020.2549140667543,184.34333881578948
1760563261,0,,Aggregated,39.800000,0.000000,1700,1900,1900,2000,2200,2400,2600,2900,3400,4000,4000,2432,0,1700.0,1753.255866164708,572.6996220182627,4020.2549140667543,184.34333881578948
1760563262,0,,Aggregated,39.800000,0.000000,1700,1900,1900,2000,2200,2400,2600,2900,3400,4000,4000,2432,0,1700.0,1753.255866164708,572.6996220182627,4020.2549140667543,184.34333881578948
1760563263,0,,Aggregated,39.800000,0.000000,1700,1900,1900,2000,2200,2400,2600,2900,3400,4000,4000,2432,0,1700.0,1753.255866164708,572.6996220182627,4020.2549140667543,184.34333881578948
1760563264,0,,Aggregated,39.800000,0.000000,1700,1900,1900,2000,2200,2400,2600,2900,3400,4000,4000,2432,0,1700.0,1753.255866164708,572.6996220182627,4020.2549140667543,184.34333881578948
1760563265,0,,Aggregated,39.800000,0.000000,1700,1900,1900,2000,2200,2400,2600,2900,3400,4000,4000,2432,0,1700.0,1753.255866164708,572.6996220182627,4020.2549140667543,184.34333881578948
1760563266,0,,Aggregated,39.800000,0.000000,1700,1900,1900,2000,2200,2400,2600,2900,3400,4000,4000,2432,0,1700.0,1753.255866164708,572.6996220182627,4020.2549140667543,184.34333881578948
1760563267,0,,Aggregated,39.800000,0.000000,1700,1900,1900,2000,2200,2400,2600,2900,3400,4000,4000,2432,0,1700.0,1753.255866164708,572.6996220182627,4020.2549140667543,184.34333881578948
1760563268,0,,Aggregated,39.800000,0.000000,1700,1900,1900,2000,2200,2400,2600,2900,3400,4000,4000,2432,0,1700.0,1753.255866164708,572.6996220182627,4020.2549140667543,184.34333881578948
1760563269,0,,Aggregated,39.800000,0.000000,1700,1900,1900,2000,2200,2400,2600,2900,3400,4000,4000,2432,0,1700.0,1753.255866164708,572.6996220182627,4020.2549140667543,184.34333881578948
1760563270,0,,Aggregated,39.800000,0.000000,1700,1900,1900,2000,2200,2400,2600,2900,3400,4000,4000,2432,0,1700.0,1753.255866164708,572.6996220182627,4020.2549140667543,184.34333881578948
1760563271,0,,Aggregated,39.800000,0.000000,1700,1900,1900,2000,2200,2400,2600,2900,3400,4000,4000,2432,0,1700.0,1753.255866164708,572.6996220182627,4020.2549140667543,184.34333881578948
1760563272,0,,Aggregated,39.800000,0.000000,1700,1900,1900,2000,2200,2400,2600,2900,3400,4000,4000,2432,0,1700.0,1753.255866164708,572.6996220182627,4020.2549140667543,184.34333881578948
1760563273,0,,Aggregated,39.800000,0.000000,1700,1900,1900,2000,2200,2400,2600,2900,3400,4000,4000,2432,0,1700.0,1753.255866164708,572.6996220182627,4020.2549140667543,184.34333881578948
1760563274,0,,Aggregated,39.800000,0.000000,1700,1900,1900,2000,2200,2400,2600,2900,3400,4000,4000,2432,0,1700.0,1753.255866164708,572.6996220182627,4020.2549140667543,184.34333881578948
1760563275,0,,Aggregated,39.800000,0.000000,1700,1900,1900,2000,2200,2400,2600,2900,3400,4000,4000,2432,0,1700.0,1753.255866164708,572.6996220182627,4020.2549140667543,184.34333881578948
1760563276,0,,Aggregated,39.800000,0.000000,1700,1900,1900,2000,2200,2400,2600,2900,3400,4000,4000,2432,0,1700.0,1753.255866164708,572.6996220182627,4020.2549140667543,184.34333881578948
1760563277,0,,Aggregated,39.800000,0.000000,1700,1900,1900,2000,2200,2400,2600,2900,3400,4000,4000,2432,0,1700.0,1753.255866164708,572.6996220182627,4020.2549140667543,184.34333881578948
1760563278,0,,Aggregated,39.800000,0.000000,1700,1900,1900,2000,2200,2400,2600,2900,3400,4000,4000,2432,0,1700.0,1753.255866164708,572.6996220182627,4020.2549140667543,184.34333881578948
1760563279,0,,Aggregated,39.800000,0.000000,1700,1900,1900,2000,2200,2400,2600,2900,3400,4000,4000,2432,0,1700.0,1753.255866164708,572.6996220182627,4020.2549140667543,184.34333881578948
1760563280,0,,Aggregated,39.800000,0.000000,1700,1900,1900,2000,2200,2400,2600,2900,3400,4000,4000,2432,0,1700.0,1753.255866164708,572.6996220182627,4020.2549140667543,184.34333881578948
1760563281,0,,Aggregated,39.800000,0.000000,1700,1900,1900,2000,2200,2400,2600,2900,3400,4000,4000,2432,0,1700.0,1753.255866164708,572.6996220182627,4020.2549140667543,184.34333881578948
1760563282,0,,Aggregated,39.800000,0.000000,1700,1900,1900,2000,2200,2400,2600,2900,3400,4000,4000,2432,0,1700.0,1753.255866164708,572.6996220182627,4020.2549140667543,184.34333881578948
1760563283,0,,Aggregated,39.800000,0.000000,1700,1900,1900,2000,2200,2400,2600,2900,3400,4000,4000,2432,0,1700.0,1753.255866164708,572.6996220182627,4020.2549140667543,184.34333881578948
1760563284,0,,Aggregated,39.800000,0.000000,1700,1900,1900,2000,2200,2400,2600,2900,3400,4000,4000,2432,0,1700.0,1753.255866164708,572.6996220182627,4020.2549140667543,184.34333881578948
1760563285,0,,Aggregated,39.800000,0.000000,1700,1900,1900,2000,2200,2400,2600,2900,3400,4000,4000,2432,0,1700.0,1753.255866164708,572.6996220182627,4020.2549140667543,184.34333881578948
1760563286,0,,Aggregated,39.800000,0.000000,1700,1900,1900,2000,2200,2400,2600,2900,3400,4000,4000,2432,0,1700.0,1753.255866164708,572.6996220182627,4020.2549140667543,184.34333881578948
1760563287,0,,Aggregated,39.800000,0.000000,1700,1900,1900,2000,2200,2400,2600,2900,3400,4000,4000,2432,0,1700.0,1753.255866164708,572.6996220182627,4020.2549140667543,184.34333881578948
1760563288,0,,Aggregated,39.800000,0.000000,1700,1900,1900,2000,2200,2400,2600,2900,3400,4000,4000,2432,0,1700.0,1753.255866164708,572.6996220182627,4020.2549140667543,184.34333881578948
1760563289,0,,Aggregated,39.800000,0.000000,1700,1900,1900,2000,2200,2400,2600,2900,3400,4000,4000,2432,0,1700.0,1753.255866164708,572.6996220182627,4020.2549140667543,184.34333881578948
1760563290,0,,Aggregated,39.800000,0.000000,1700,1900,1900,2000,2200,2400,2600,2900,3400,4000,4000,2432,0,1700.0,1753.255866164708,572.6996220182627,4020.2549140667543,184.34333881578948
1760563291,0,,Aggregated,39.800000,0.000000,1700,1900,1900,2000,2200,2400,2600,2900,3400,4000,4000,2432,0,1700.0,1753.255866164708,572.6996220182627,4020.2549140667543,184.34333881578948
1760563292,0,,Aggregated,39.800000,0.000000,1700,1900,1900,2000,2200,2400,2600,2900,3400,4000,4000,2432,0,1700.0,1753.255866164708,572.6996220182627,4020.2549140667543,184.34333881578948
1760563293,0,,Aggregated,39.800000,0.000000,1700,1900,1900,2000,2200,2400,2600,2900,3400,4000,4000,2432,0,1700.0,1753.255866164708,572.6996220182627,4020.2549140667543,184.34333881578948
1760563294,0,,Aggregated,39.800000,0.000000,1700,1900,1900,2000,2200,2400,2600,2900,3400,4000,4000,2432,0,1700.0,1753.255866164708,572.6996220182627,4020.2549140667543,184.34333881578948
1760563295,0,,Aggregated,39.800000,0.000000,1700,1900,1900,2000,2200,2400,2600,2900,3400,4000,4000,2432,0,1700.0,1753.255866164708,572.6996220182627,4020.2549140667543,184.34333881578948
1760563296,0,,Aggregated,39.800000,0.000000,1700,1900,1900,2000,2200,2400,2600,2900,3400,4000,4000,2432,0,1700.0,1753.255866164708,572.6996220182627,4020.2549140667543,184.34333881578948
1760563297,0,,Aggregated,39.800000,0.000000,1700,1900,1900,2000,2200,2400,2600,2900,3400,4000,4000,2432,0,1700.0,1753.255866164708,572.6996220182627,4020.2549140667543,184.34333881578948
1760563298,0,,Aggregated,39.800000,0.000000,1700,1900,1900,2000,2200,2400,2600,2900,3400,4000,4000,2432,0,1700.0,1753.255866164708,572.6996220182627,4020.2549140667543,184.34333881578948
1760563299,0,,Aggregated,39.800000,0.000000,1700,1900,1900,2000,2200,2400,2600,2900,3400,4000,4000,2432,0,1700.0,1753.255866164708,572.6996220182627,4020.2549140667543,184.34333881578948
1760563300,0,,Aggregated,39.800000,0.000000,1700,1900,1900,2000,2200,2400,2600,2900,3400,4000,4000,2432,0,1700.0,1753.255866164708,572.6996220182627,4020.2549140667543,184.34333881578948
1760563301,0,,Aggregated,39.800000,0.000000,1700,1900,1900,2000,2200,2400,2600,2900,3400,4000,4000,2432,0,1700.0,1753.255866164708,572.6996220182627,4020.2549140667543,184.34333881578948
1760563302,0,,Aggregated,39.800000,0.000000,1700,1900,1900,2000,2200,2400,2600,2900,3400,4000,4000,2432,0,1700.0,1753.255866164708,572.6996220182627,4020.2549140667543,184.34333881578948
1760563303,0,,Aggregated,39.800000,0.000000,1700,1900,1900,2000,2200,2400,2600,2900,3400,4000,4000,2432,0,1700.0,1753.255866164708,572.6996220182627,4020.2549140667543,184.34333881578948
1760563304,0,,Aggregated,39.800000,0.000000,1700,1900,1900,2000,2200,2400,2600,2900,3400,4000,4000,2432,0,1700.0,1753.255866164708,572.6996220182627,4020.2549140667543,184.34333881578948
1760563305,0,,Aggregated,39.800000,0.000000,1700,1900,1900,2000,2200,2400,2600,2900,3400,4000,4000,2432,0,1700.0,1753.255866164708,572.6996220182627,4020.2549140667543,184.34333881578948
1760563306,0,,Aggregated,39.800000,0.000000,1700,1900,1900,2000,2200,2400,2600,2900,3400,4000,4000,2432,0,1700.0,1753.255866164708,572.6996220182627,4020.2549140667543,184.34333881578948
1760563307,0,,Aggregated,39.800000,0.000000,1700,1900,1900,2000,2200,2400,2600,2900,3400,4000,4000,2432,0,1700.0,1753.255866164708,572.6996220182627,4020.2549140667543,184.34333881578948
1760563308,0,,Aggregated,39.800000,0.000000,1700,1900,1900,2000,2200,2400,2600,2900,3400,4000,4000,2432,0,1700.0,1753.255866164708,572.6996220182627,4020.2549140667543,184.34333881578948
1760563309,0,,Aggregated,39.800000,0.000000,1700,1900,1900,2000,2200,2400,2600,2900,3400,4000,4000,2432,0,1700.0,1753.255866164708,572.6996220182627,4020.2549140667543,184.34333881578948
1760563310,0,,Aggregated,39.800000,0.000000,1700,1900,1900,2000,2200,2400,2600,2900,3400,4000,4000,2432,0,1700.0,1753.255866164708,572.6996220182627,4020.2549140667543,184.34333881578948
1760563311,0,,Aggregated,39.800000,0.000000,1700,1900,1900,2000,2200,2400,2600,2900,3400,4000,4000,2432,0,1700.0,1753.255866164708,572.6996220182627,4020.2549140667543,184.34333881578948
1760563312,0,,Aggregated,39.800000,0.000000,1700,1900,1900,2000,2200,2400,2600,2900,3400,4000,4000,2432,0,1700.0,1753.255866164708,572.6996220182627,4020.2549140667543,184.34333881578948
1760563313,0,,Aggregated,39.800000,0.000000,1700,1900,1900,2000,2200,2400,2600,2900,3400,4000,4000,2432,0,1700.0,1753.255866164708,572.6996220182627,4020.2549140667543,184.34333881578948
1760563314,0,,Aggregated,39.800000,0.000000,1700,1900,1900,2000,2200,2400,2600,2900,3400,4000,4000,2432,0,1700.0,1753.255866164708,572.6996220182627,4020.2549140667543,184.34333881578948
1760563315,0,,Aggregated,39.800000,0.000000,1700,1900,1900,2000,2200,2400,2600,2900,3400,4000,4000,2432,0,1700.0,1753.255866164708,572.6996220182627,4020.2549140667543,184.34333881578948
1760563316,0,,Aggregated,39.800000,0.000000,1700,1900,1900,2000,2200,2400,2600,2900,3400,4000,4000,2432,0,1700.0,1753.255866164708,572.6996220182627,4020.2549140667543,184.34333881578948
1760563317,0,,Aggregated,39.800000,0.000000,1700,1900,1900,2000,2200,2400,2600,2900,3400,4000,4000,2432,0,1700.0,1753.255866164708,572.6996220182627,4020.2549140667543,184.34333881578948
1760563318,0,,Aggregated,39.800000,0.000000,1700,1900,1900,2000,2200,2400,2600,2900,3400,4000,4000,2432,0,1700.0,1753.255866164708,572.6996220182627,4020.2549140667543,184.34333881578948
1760563319,0,,Aggregated,39.800000,0.000000,1700,1900,1900,2000,2200,2400,2600,2900,3400,4000,4000,2432,0,1700.0,1753.255866164708,572.6996220182627,4020.2549140667543,184.34333881578948
1760563320,0,,Aggregated,39.800000,0.000000,1700,1900,1900,2000,2200,2400,2600,2900,3400,4000,4000,2432,0,1700.0,1753.255866164708,572.6996220182627,4020.2549140667543,184.34333881578948
1760563321,0,,Aggregated,39.800000,0.000000,1700,1900,1900,2000,2200,2400,2600,2900,3400,4000,4000,2432,0,1700.0,1753.255866164708,572.6996220182627,4020.2549140667543,184.34333881578948
1760563322,0,,Aggregated,39.800000,0.000000,1700,1900,1900,2000,2200,2400,2600,2900,3400,4000,4000,2432,0,1700.0,1753.255866164708,572.6996220182627,4020.2549140667543,184.34333881578948
1760563323,0,,Aggregated,39.800000,0.000000,1700,1900,1900,2000,2200,2400,2600,2900,3400,4000,4000,2432,0,1700.0,1753.255866164708,572.6996220182627,4020.2549140667543,184.34333881578948
1760563324,0,,Aggregated,39.800000,0.000000,1700,1900,1900,2000,2200,2400,2600,2900,3400,4000,4000,2432,0,1700.0,1753.255866164708,572.6996220182627,4020.2549140667543,184.34333881578948
1760563325,0,,Aggregated,39.800000,0.000000,1700,1900,1900,2000,2200,2400,2600,2900,3400,4000,4000,2432,0,1700.0,1753.255866164708,572.6996220182627,4020.2549140667543,184.34333881578948
1760563326,0,,Aggregated,39.800000,0.000000,1700,1900,1900,2000,2200,2400,2600,2900,3400,4000,4000,2432,0,1700.0,1753.255866164708,572.6996220182627,4020.2549140667543,184.34333881578948
1760563327,0,,Aggregated,39.800000,0.000000,1700,1900,1900,2000,2200,2400,2600,2900,3400,4000,4000,2432,0,1700.0,1753.255866164708,572.6996220182627,4020.2549140667543,184.34333881578948
1760563328,0,,Aggregated,39.800000,0.000000,1700,1900,1900,2000,2200,2400,2600,2900,3400,4000,4000,2432,0,1700.0,1753.255866164708,572.6996220182627,4020.2549140667543,184.34333881578948
1760563329,0,,Aggregated,39.800000,0.000000,1700,1900,1900,2000,2200,2400,2600,2900,3400,4000,4000,2432,0,1700.0,1753.255866164708,572.6996220182627,4020.2549140667543,184.34333881578948
1760563330,0,,Aggregated,39.800000,0.000000,1700,1900,1900,2000,2200,2400,2600,2900,3400,4000,4000,2432,0,1700.0,1753.255866164708,572.6996220182627,4020.2549140667543,184.34333881578948
1760563331,0,,Aggregated,39.800000,0.000000,1700,1900,1900,2000,2200,2400,2600,2900,3400,4000,4000,2432,0,1700.0,1753.255866164708,572.6996220182627,4020.2549140667543,184.34333881578948
1760563332,0,,Aggregated,39.800000,0.000000,1700,1900,1900,2000,2200,2400,2600,2900,3400,4000,4000,2432,0,1700.0,1753.255866164708,572.6996220182627,4020.2549140667543,184.34333881578948
1760563333,0,,Aggregated,39.800000,0.000000,1700,1900,1900,2000,2200,2400,2600,2900,3400,4000,4000,2432,0,1700.0,1753.255866164708,572.6996220182627,4020.2549140667543,184.34333881578948
1760563334,0,,Aggregated,39.800000,0.000000,1700,1900,1900,2000,2200,2400,2600,2900,3400,4000,4000,2432,0,1700.0,1753.255866164708,572.6996220182627,4020.2549140667543,184.34333881578948
1760563335,0,,Aggregated,39.800000,0.000000,1700,1900,1900,2000,2200,2400,2600,2900,3400,4000,4000,2432,0,1700.0,1753.255866164708,572.6996220182627,4020.2549140667543,184.34333881578948
1760563336,0,,Aggregated,39.800000,0.000000,1700,1900,1900,2000,2200,2400,2600,2900,3400,4000,4000,2432,0,1700.0,1753.255866164708,572.6996220182627,4020.2549140667543,184.34333881578948
1760563337,0,,Aggregated,39.800000,0.000000,1700,1900,1900,2000,2200,2400,2600,2900,3400,4000,4000,2432,0,1700.0,1753.255866164708,572.6996220182627,4020.2549140667543,184.34333881578948
1760563338,0,,Aggregated,39.800000,0.000000,1700,1900,1900,2000,2200,2400,2600,2900,3400,4000,4000,2432,0,1700.0,1753.255866164708,572.6996220182627,4020.2549140667543,184.34333881578948
1760563339,0,,Aggregated,39.800000,0.000000,1700,1900,1900,2000,2200,2400,2600,2900,3400,4000,4000,2432,0,1700.0,1753.255866164708,572.6996220182627,4020.2549140667543,184.34333881578948
1760563340,0,,Aggregated,39.800000,0.000000,1700,1900,1900,2000,2200,2400,2600,2900,3400,4000,4000,2432,0,1700.0,1753.255866164708,572.6996220182627,4020.2549140667543,184.34333881578948
1760563341,0,,Aggregated,39.800000,0.000000,1700,1900,1900,2000,2200,2400,2600,2900,3400,4000,4000,2432,0,1700.0,1753.255866164708,572.6996220182627,4020.2549140667543,184.34333881578948
1760563342,0,,Aggregated,39.800000,0.000000,1700,1900,1900,2000,2200,2400,2600,2900,3400,4000,4000,2432,0,1700.0,1753.255866164708,572.6996220182627,4020.2549140667543,184.34333881578948
1760563343,0,,Aggregated,39.800000,0.000000,1700,1900,1900,2000,2200,2400,2600,2900,3400,4000,4000,2432,0,1700.0,1753.255866164708,572.6996220182627,4020.2549140667543,184.34333881578948
1760563344,0,,Aggregated,39.800000,0.000000,1700,1900,1900,2000,2200,2400,2600,2900,3400,4000,4000,2432,0,1700.0,1753.255866164708,572.6996220182627,4020.2549140667543,184.34333881578948
1760563345,0,,Aggregated,39.800000,0.000000,1700,1900,1900,2000,2200,2400,2600,2900,3400,4000,4000,2432,0,1700.0,1753.255866164708,572.6996220182627,4020.2549140667543,184.34333881578948
1760563346,0,,Aggregated,39.800000,0.000000,1700,1900,1900,2000,2200,2400,2600,2900,3400,4000,4000,2432,0,1700.0,1753.255866164708,572.6996220182627,4020.2549140667543,184.34333881578948
1760563347,0,,Aggregated,39.800000,0.000000,1700,1900,1900,2000,2200,2400,2600,2900,3400,4000,4000,2432,0,1700.0,1753.255866164708,572.6996220182627,4020.2549140667543,184.34333881578948
1760563348,0,,Aggregated,39.800000,0.000000,1700,1900,1900,2000,2200,2400,2600,2900,3400,4000,4000,2432,0,1700.0,1753.255866164708,572.6996220182627,4020.2549140667543,184.34333881578948
1760563349,0,,Aggregated,39.800000,0.000000,1700,1900,1900,2000,2200,2400,2600,2900,3400,4000,4000,2432,0,1700.0,1753.255866164708,572.6996220182627,4020.2549140667543,184.34333881578948
1760563350,0,,Aggregated,39.800000,0.000000,1700,1900,1900,2000,2200,2400,2600,2900,3400,4000,4000,2432,0,1700.0,1753.255866164708,572.6996220182627,4020.2549140667543,184.34333881578948
1760563351,0,,Aggregated,39.800000,0.000000,1700,1900,1900,2000,2200,2400,2600,2900,3400,4000,4000,2432,0,1700.0,1753.255866164708,572.6996220182627,4020.2549140667543,184.34333881578948
1760563352,0,,Aggregated,39.800000,0.000000,1700,1900,1900,2000,2200,2400,2600,2900,3400,4000,4000,2432,0,1700.0,1753.255866164708,572.6996220182627,4020.2549140667543,184.34333881578948
1760563353,0,,Aggregated,39.800000,0.000000,1700,1900,1900,2000,2200,2400,2600,2900,3400,4000,4000,2432,0,1700.0,1753.255866164708,572.6996220182627,4020.2549140667543,184.34333881578948
1760563354,0,,Aggregated,39.800000,0.000000,1700,1900,1900,2000,2200,2400,2600,2900,3400,4000,4000,2432,0,1700.0,1753.255866164708,572.6996220182627,4020.2549140667543,184.34333881578948
1760563355,0,,Aggregated,39.800000,0.000000,1700,1900,1900,2000,2200,2400,2600,2900,3400,4000,4000,2432,0,1700.0,1753.255866164708,572.6996220182627,4020.2549140667543,184.34333881578948
1760563356,0,,Aggregated,39.800000,0.000000,1700,1900,1900,2000,2200,2400,2600,2900,3400,4000,4000,2432,0,1700.0,1753.255866164708,572.6996220182627,4020.2549140667543,184.34333881578948
1760563357,0,,Aggregated,39.800000,0.000000,1700,1900,1900,2000,2200,2400,2600,2900,3400,4000,4000,2432,0,1700.0,1753.255866164708,572.6996220182627,4020.2549140667543,184.34333881578948
1760563358,0,,Aggregated,39.800000,0.000000,1700,1900,1900,2000,2200,2400,2600,2900,3400,4000,4000,2432,0,1700.0,1753.255866164708,572.6996220182627,4020.2549140667543,184.34333881578948
1760563359,0,,Aggregated,39.800000,0.000000,1700,1900,1900,2000,2200,2400,2600,2900,3400,4000,4000,2432,0,1700.0,1753.255866164708,572.6996220182627,4020.2549140667543,184.34333881578948
1760563360,0,,Aggregated,39.800000,0.000000,1700,1900,1900,2000,2200,2400,2600,2900,3400,4000,4000,2432,0,1700.0,1753.255866164708,572.6996220182627,4020.2549140667543,184.34333881578948
1760563361,0,,Aggregated,39.800000,0.000000,1700,1900,1900,2000,2200,2400,2600,2900,3400,4000,4000,2432,0,1700.0,1753.255866164708,572.6996220182627,4020.2549140667543,184.34333881578948
1760563362,0,,Aggregated,39.800000,0.000000,1700,1900,1900,2000,2200,2400,2600,2900,3400,4000,4000,2432,0,1700.0,1753.255866164708,572.6996220182627,4020.2549140667543,184.34333881578948
1760563363,0,,Aggregated,39.800000,0.000000,1700,1900,1900,2000,2200,2400,2600,2900,3400,4000,4000,2432,0,1700.0,1753.255866164708,572.6996220182627,4020.2549140667543,184.34333881578948
1760563364,0,,Aggregated,39.800000,0.000000,1700,1900,1900,2000,2200,2400,2600,2900,3400,4000,4000,2432,0,1700.0,1753.255866164708,572.6996220182627,4020.2549140667543,184.34333881578948
1760563365,0,,Aggregated,39.800000,0.000000,1700,1900,1900,2000,2200,2400,2600,2900,3400,4000,4000,2432,0,1700.0,1753.255866164708,572.6996220182627,4020.2549140667543,184.34333881578948
1760563366,0,,Aggregated,39.800000,0.000000,1700,1900,1900,2000,2200,2400,2600,2900,3400,4000,4000,2432,0,1700.0,1753.255866164708,572.6996220182627,4020.2549140667543,184.34333881578948
1760563367,0,,Aggregated,39.800000,0.000000,1700,1900,1900,2000,2200,2400,2600,2900,3400,4000,4000,2432,0,1700.0,1753.255866164708,572.6996220182627,4020.2549140667543,184.34333881578948
1760563368,0,,Aggregated,39.800000,0.000000,1700,1900,1900,2000,2200,2400,2600,2900,3400,4000,4000,2432,0,1700.0,1753.255866164708,572.6996220182627,4020.2549140667543,184.34333881578948
1760563369,0,,Aggregated,39.800000,0.000000,1700,1900,1900,2000,2200,2400,2600,2900,3400,4000,4000,2432,0,1700.0,1753.255866164708,572.6996220182627,4020.2549140667543,184.34333881578948
1760563370,0,,Aggregated,39.800000,0.000000,1700,1900,1900,2000,2200,2400,2600,2900,3400,4000,4000,2432,0,1700.0,1753.255866164708,572.6996220182627,4020.2549140667543,184.34333881578948
1760563371,0,,Aggregated,39.800000,0.000000,1700,1900,1900,2000,2200,2400,2600,2900,3400,4000,4000,2432,0,1700.0,1753.255866164708,572.6996220182627,4020.2549140667543,184.34333881578948
1760563372,0,,Aggregated,39.800000,0.000000,1700,1900,1900,2000,2200,2400,2600,2900,3400,4000,4000,2432,0,1700.0,1753.255866164708,572.6996220182627,4020.2549140667543,184.34333881578948
1760563373,0,,Aggregated,39.800000,0.000000,1700,1900,1900,2000,2200,2400,2600,2900,3400,4000,4000,2432,0,1700.0,1753.255866164708,572.6996220182627,4020.2549140667543,184.34333881578948
1760563374,0,,Aggregated,39.800000,0.000000,1700,1900,1900,2000,2200,2400,2600,2900,3400,4000,4000,2432,0,1700.0,1753.255866164708,572.6996220182627,4020.2549140667543,184.34333881578948
1760563375,0,,Aggregated,39.800000,0.000000,1700,1900,1900,2000,2200,2400,2600,2900,3400,4000,4000,2432,0,1700.0,1753.255866164708,572.6996220182627,4020.2549140667543,184.34333881578948
1760563376,0,,Aggregated,39.800000,0.000000,1700,1900,1900,2000,2200,2400,2600,2900,3400,4000,4000,2432,0,1700.0,1753.255866164708,572.6996220182627,4020.2549140667543,184.34333881578948
1760563377,0,,Aggregated,39.800000,0.000000,1700,1900,1900,2000,2200,2400,2600,2900,3400,4000,4000,2432,0,1700.0,1753.255866164708,572.6996220182627,4020.2549140667543,184.34333881578948
1760563378,0,,Aggregated,39.800000,0.000000,1700,1900,1900,2000,2200,2400,2600,2900,3400,4000,4000,2432,0,1700.0,1753.255866164708,572.6996220182627,4020.2549140667543,184.34333881578948
1760563379,0,,Aggregated,39.800000,0.000000,1700,1900,1900,2000,2200,2400,2600,2900,3400,4000,4000,2432,0,1700.0,1753.255866164708,572.6996220182627,4020.2549140667543,184.34333881578948
1760563380,0,,Aggregated,39.800000,0.000000,1700,1900,1900,2000,2200,2400,2600,2900,3400,4000,4000,2432,0,1700.0,1753.255866164708,572.6996220182627,4020.2549140667543,184.34333881578948
1760563381,0,,Aggregated,39.800000,0.000000,1700,1900,1900,2000,2200,2400,2600,2900,3400,4000,4000,2432,0,1700.0,1753.255866164708,572.6996220182627,4020.2549140667543,184.34333881578948
1760563382,0,,Aggregated,39.800000,0.000000,1700,1900,1900,2000,2200,2400,2600,2900,3400,4000,4000,2432,0,1700.0,1753.255866164708,572.6996220182627,4020.2549140667543,184.34333881578948
1760563383,0,,Aggregated,39.800000,0.000000,1700,1900,1900,2000,2200,2400,2600,2900,3400,4000,4000,2432,0,1700.0,1753.255866164708,572.6996220182627,4020.2549140667543,184.34333881578948
1760563384,0,,Aggregated,39.800000,0.000000,1700,1900,1900,2000,2200,2400,2600,2900,3400,4000,4000,2432,0,1700.0,1753.255866164708,572.6996220182627,4020.2549140667543,184.34333881578948
1760563385,0,,Aggregated,39.800000,0.000000,1700,1900,1900,2000,2200,2400,2600,2900,3400,4000,4000,2432,0,1700.0,1753.255866164708,572.6996220182627,4020.2549140667543,184.34333881578948
1760563386,0,,Aggregated,39.800000,0.000000,1700,1900,1900,2000,2200,2400,2600,2900,3400,4000,4000,2432,0,1700.0,1753.255866164708,572.6996220182627,4020.2549140667543,184.34333881578948
1760563387,0,,Aggregated,39.800000,0.000000,1700,1900,1900,2000,2200,2400,2600,2900,3400,4000,4000,2432,0,1700.0,1753.255866164708,572.6996220182627,4020.2549140667543,184.34333881578948
1760563388,0,,Aggregated,39.800000,0.000000,1700,1900,1900,2000,2200,2400,2600,2900,3400,4000,4000,2432,0,1700.0,1753.255866164708,572.6996220182627,4020.2549140667543,184.34333881578948
1760563389,0,,Aggregated,39.800000,0.000000,1700,1900,1900,2000,2200,2400,2600,2900,3400,4000,4000,2432,0,1700.0,1753.255866164708,572.6996220182627,4020.2549140667543,184.34333881578948
1760563390,0,,Aggregated,39.800000,0.000000,1700,1900,1900,2000,2200,2400,2600,2900,3400,4000,4000,2432,0,1700.0,1753.255866164708,572.6996220182627,4020.2549140667543,184.34333881578948
1760563391,0,,Aggregated,39.800000,0.000000,1700,1900,1900,2000,2200,2400,2600,2900,3400,4000,4000,2432,0,1700.0,1753.255866164708,572.6996220182627,4020.2549140667543,184.34333881578948
1760563392,0,,Aggregated,39.800000,0.000000,1700,1900,1900,2000,2200,2400,2600,2900,3400,4000,4000,2432,0,1700.0,1753.255866164708,572.6996220182627,4020.2549140667543,184.34333881578948
1760563393,0,,Aggregated,39.800000,0.000000,1700,1900,1900,2000,2200,2400,2600,2900,3400,4000,4000,2432,0,1700.0,1753.255866164708,572.6996220182627,4020.2549140667543,184.34333881578948
1760563394,0,,Aggregated,39.800000,0.000000,1700,1900,1900,2000,2200,2400,2600,2900,3400,4000,4000,2432,0,1700.0,1753.255866164708,572.6996220182627,4020.2549140667543,184.34333881578948
1760563395,0,,Aggregated,39.800000,0.000000,1700,1900,1900,2000,2200,2400,2600,2900,3400,4000,4000,2432,0,1700.0,1753.255866164708,572.6996220182627,4020.2549140667543,184.34333881578948
1760563396,0,,Aggregated,39.800000,0.000000,1700,1900,1900,2000,2200,2400,2600,2900,3400,4000,4000,2432,0,1700.0,1753.255866164708,572.6996220182627,4020.2549140667543,184.34333881578948
1760563397,0,,Aggregated,39.800000,0.000000,1700,1900,1900,2000,2200,2400,2600,2900,3400,4000,4000,2432,0,1700.0,1753.255866164708,572.6996220182627,4020.2549140667543,184.34333881578948
1760563398,0,,Aggregated,39.800000,0.000000,1700,1900,1900,2000,2200,2400,2600,2900,3400,4000,4000,2432,0,1700.0,1753.255866164708,572.6996220182627,4020.2549140667543,184.34333881578948
1760563399,0,,Aggregated,39.800000,0.000000,1700,1900,1900,2000,2200,2400,2600,2900,3400,4000,4000,2432,0,1700.0,1753.255866164708,572.6996220182627,4020.2549140667543,184.34333881578948
1760563400,0,,Aggregated,39.800000,0.000000,1700,1900,1900,2000,2200,2400,2600,2900,3400,4000,4000,2432,0,1700.0,1753.255866164708,572.6996220182627,4020.2549140667543,184.34333881578948
1760563401,0,,Aggregated,39.800000,0.000000,1700,1900,1900,2000,2200,2400,2600,2900,3400,4000,4000,2432,0,1700.0,1753.255866164708,572.6996220182627,4020.2549140667543,184.34333881578948
1760563402,0,,Aggregated,39.800000,0.000000,1700,1900,1900,2000,2200,2400,2600,2900,3400,4000,4000,2432,0,1700.0,1753.255866164708,572.6996220182627,4020.2549140667543,184.34333881578948
1760563403,0,,Aggregated,39.800000,0.000000,1700,1900,1900,2000,2200,2400,2600,2900,3400,4000,4000,2432,0,1700.0,1753.255866164708,572.6996220182627,4020.2549140667543,184.34333881578948
1760563404,0,,Aggregated,39.800000,0.000000,1700,1900,1900,2000,2200,2400,2600,2900,3400,4000,4000,2432,0,1700.0,1753.255866164708,572.6996220182627,4020.2549140667543,184.34333881578948
1760563405,0,,Aggregated,39.800000,0.000000,1700,1900,1900,2000,2200,2400,2600,2900,3400,4000,4000,2432,0,1700.0,1753.255866164708,572.6996220182627,4020.2549140667543,184.34333881578948
1760563406,0,,Aggregated,39.800000,0.000000,1700,1900,1900,2000,2200,2400,2600,2900,3400,4000,4000,2432,0,1700.0,1753.255866164708,572.6996220182627,4020.2549140667543,184.34333881578948
1760563407,0,,Aggregated,39.800000,0.000000,1700,1900,1900,2000,2200,2400,2600,2900,3400,4000,4000,2432,0,1700.0,1753.255866164708,572.6996220182627,4020.2549140667543,184.34333881578948
1760563408,0,,Aggregated,39.800000,0.000000,1700,1900,1900,2000,2200,2400,2600,2900,3400,4000,4000,2432,0,1700.0,1753.255866164708,572.6996220182627,4020.2549140667543,184.34333881578948
1760563409,0,,Aggregated,39.800000,0.000000,1700,1900,1900,2000,2200,2400,2600,2900,3400,4000,4000,2432,0,1700.0,1753.255866164708,572.6996220182627,4020.2549140667543,184.34333881578948
1760563410,0,,Aggregated,39.800000,0.000000,1700,1900,1900,2000,2200,2400,2600,2900,3400,4000,4000,2432,0,1700.0,1753.255866164708,572.6996220182627,4020.2549140667543,184.34333881578948
1760563411,0,,Aggregated,39.800000,0.000000,1700,1900,1900,2000,2200,2400,2600,2900,3400,4000,4000,2432,0,1700.0,1753.255866164708,572.6996220182627,4020.2549140667543,184.34333881578948
1760563412,0,,Aggregated,39.800000,0.000000,1700,1900,1900,2000,2200,2400,2600,2900,3400,4000,4000,2432,0,1700.0,1753.255866164708,572.6996220182627,4020.2549140667543,184.34333881578948
1760563413,0,,Aggregated,39.800000,0.000000,1700,1900,1900,2000,2200,2400,2600,2900,3400,4000,4000,2432,0,1700.0,1753.255866164708,572.6996220182627,4020.2549140667543,184.34333881578948
1760563414,0,,Aggregated,39.800000,0.000000,1700,1900,1900,2000,2200,2400,2600,2900,3400,4000,4000,2432,0,1700.0,1753.255866164708,572.6996220182627,4020.2549140667543,184.34333881578948
1760563415,0,,Aggregated,39.800000,0.000000,1700,1900,1900,2000,2200,2400,2600,2900,3400,4000,4000,2432,0,1700.0,1753.255866164708,572.6996220182627,4020.2549140667543,184.34333881578948
1760563416,0,,Aggregated,39.800000,0.000000,1700,1900,1900,2000,2200,2400,2600,2900,3400,4000,4000,2432,0,1700.0,1753.255866164708,572.6996220182627,4020.2549140667543,184.34333881578948
1760563417,0,,Aggregated,39.800000,0.000000,1700,1900,1900,2000,2200,2400,2600,2900,3400,4000,4000,2432,0,1700.0,1753.255866164708,572.6996220182627,4020.2549140667543,184.34333881578948
1760563418,0,,Aggregated,39.800000,0.000000,1700,1900,1900,2000,2200,2400,2600,2900,3400,4000,4000,2432,0,1700.0,1753.255866164708,572.6996220182627,4020.2549140667543,184.34333881578948
1760563419,0,,Aggregated,39.800000,0.000000,1700,1900,1900,2000,2200,2400,2600,2900,3400,4000,4000,2432,0,1700.0,1753.255866164708,572.6996220182627,4020.2549140667543,184.34333881578948
1760563420,0,,Aggregated,39.800000,0.000000,1700,1900,1900,2000,2200,2400,2600,2900,3400,4000,4000,2432,0,1700.0,1753.255866164708,572.6996220182627,4020.2549140667543,184.34333881578948
1760563421,0,,Aggregated,39.800000,0.000000,1700,1900,1900,2000,2200,2400,2600,2900,3400,4000,4000,2432,0,1700.0,1753.255866164708,572.6996220182627,4020.2549140667543,184.34333881578948
1760563422,0,,Aggregated,39.800000,0.000000,1700,1900,1900,2000,2200,2400,2600,2900,3400,4000,4000,2432,0,1700.0,1753.255866164708,572.6996220182627,4020.2549140667543,184.34333881578948
1760563423,0,,Aggregated,39.800000,0.000000,1700,1900,1900,2000,2200,2400,2600,2900,3400,4000,4000,2432,0,1700.0,1753.255866164708,572.6996220182627,4020.2549140667543,184.34333881578948
1760563424,0,,Aggregated,39.800000,0.000000,1700,1900,1900,2000,2200,2400,2600,2900,3400,4000,4000,2432,0,1700.0,1753.255866164708,572.6996220182627,4020.2549140667543,184.34333881578948
1760563425,0,,Aggregated,39.800000,0.000000,1700,1900,1900,2000,2200,2400,2600,2900,3400,4000,4000,2432,0,1700.0,1753.255866164708,572.6996220182627,4020.2549140667543,184.34333881578948
1760563426,0,,Aggregated,39.800000,0.000000,1700,1900,1900,2000,2200,2400,2600,2900,3400,4000,4000,2432,0,1700.0,1753.255866164708,572.6996220182627,4020.2549140667543,184.34333881578948
1760563427,0,,Aggregated,39.800000,0.000000,1700,1900,1900,2000,2200,2400,2600,2900,3400,4000,4000,2432,0,1700.0,1753.255866164708,572.6996220182627,4020.2549140667543,184.34333881578948
1760563428,0,,Aggregated,39.800000,0.000000,1700,1900,1900,2000,2200,2400,2600,2900,3400,4000,4000,2432,0,1700.0,1753.255866164708,572.6996220182627,4020.2549140667543,184.34333881578948
1760563429,0,,Aggregated,39.800000,0.000000,1700,1900,1900,2000,2200,2400,2600,2900,3400,4000,4000,2432,0,1700.0,1753.255866164708,572.6996220182627,4020.2549140667543,184.34333881578948
1760563430,0,,Aggregated,39.800000,0.000000,1700,1900,1900,2000,2200,2400,2600,2900,3400,4000,4000,2432,0,1700.0,1753.255866164708,572.6996220182627,4020.2549140667543,184.34333881578948
1760563431,0,,Aggregated,39.800000,0.000000,1700,1900,1900,2000,2200,2400,2600,2900,3400,4000,4000,2432,0,1700.0,1753.255866164708,572.6996220182627,4020.2549140667543,184.34333881578948
1760563432,0,,Aggregated,39.800000,0.000000,1700,1900,1900,2000,2200,2400,2600,2900,3400,4000,4000,2432,0,1700.0,1753.255866164708,572.6996220182627,4020.2549140667543,184.34333881578948
1760563433,0,,Aggregated,39.800000,0.000000,1700,1900,1900,2000,2200,2400,2600,2900,3400,4000,4000,2432,0,1700.0,1753.255866164708,572.6996220182627,4020.2549140667543,184.34333881578948
1760563434,0,,Aggregated,39.800000,0.000000,1700,1900,1900,2000,2200,2400,2600,2900,3400,4000,4000,2432,0,1700.0,1753.255866164708,572.6996220182627,4020.2549140667543,184.34333881578948
1760563435,0,,Aggregated,39.800000,0.000000,1700,1900,1900,2000,2200,2400,2600,2900,3400,4000,4000,2432,0,1700.0,1753.255866164708,572.6996220182627,4020.2549140667543,184.34333881578948
1760563436,0,,Aggregated,39.800000,0.000000,1700,1900,1900,2000,2200,2400,2600,2900,3400,4000,4000,2432,0,1700.0,1753.255866164708,572.6996220182627,4020.2549140667543,184.34333881578948
1760563437,0,,Aggregated,39.800000,0.000000,1700,1900,1900,2000,2200,2400,2600,2900,3400,4000,4000,2432,0,1700.0,1753.255866164708,572.6996220182627,4020.2549140667543,184.34333881578948
1760563438,0,,Aggregated,39.800000,0.000000,1700,1900,1900,2000,2200,2400,2600,2900,3400,4000,4000,2432,0,1700.0,1753.255866164708,572.6996220182627,4020.2549140667543,184.34333881578948
1760563439,0,,Aggregated,39.800000,0.000000,1700,1900,1900,2000,2200,2400,2600,2900,3400,4000,4000,2432,0,1700.0,1753.255866164708,572.6996220182627,4020.2549140667543,184.34333881578948
1760563440,0,,Aggregated,39.800000,0.000000,1700,1900,1900,2000,2200,2400,2600,2900,3400,4000,4000,2432,0,1700.0,1753.255866164708,572.6996220182627,4020.2549140667543,184.34333881578948
1760563441,0,,Aggregated,39.800000,0.000000,1700,1900,1900,2000,2200,2400,2600,2900,3400,4000,4000,2432,0,1700.0,1753.255866164708,572.6996220182627,4020.2549140667543,184.34333881578948
1760563442,0,,Aggregated,39.800000,0.000000,1700,1900,1900,2000,2200,2400,2600,2900,3400,4000,4000,2432,0,1700.0,1753.255866164708,572.6996220182627,4020.2549140667543,184.34333881578948
1760563443,0,,Aggregated,39.800000,0.000000,1700,1900,1900,2000,2200,2400,2600,2900,3400,4000,4000,2432,0,1700.0,1753.255866164708,572.6996220182627,4020.2549140667543,184.34333881578948
1760563444,0,,Aggregated,39.800000,0.000000,1700,1900,1900,2000,2200,2400,2600,2900,3400,4000,4000,2432,0,1700.0,1753.255866164708,572.6996220182627,4020.2549140667543,184.34333881578948
1760563445,0,,Aggregated,39.800000,0.000000,1700,1900,1900,2000,2200,2400,2600,2900,3400,4000,4000,2432,0,1700.0,1753.255866164708,572.6996220182627,4020.2549140667543,184.34333881578948
1760563446,0,,Aggregated,39.800000,0.000000,1700,1900,1900,2000,2200,2400,2600,2900,3400,4000,4000,2432,0,1700.0,1753.255866164708,572.6996220182627,4020.2549140667543,184.34333881578948
1760563447,0,,Aggregated,39.800000,0.000000,1700,1900,1900,2000,2200,2400,2600,2900,3400,4000,4000,2432,0,1700.0,1753.255866164708,572.6996220182627,4020.2549140667543,184.34333881578948
1760563448,0,,Aggregated,39.800000,0.000000,1700,1900,1900,2000,2200,2400,2600,2900,3400,4000,4000,2432,0,1700.0,1753.255866164708,572.6996220182627,4020.2549140667543,184.34333881578948
1760563449,0,,Aggregated,39.800000,0.000000,1700,1900,1900,2000,2200,2400,2600,2900,3400,4000,4000,2432,0,1700.0,1753.255866164708,572.6996220182627,4020.2549140667543,184.34333881578948
1760563450,0,,Aggregated,39.800000,0.000000,1700,1900,1900,2000,2200,2400,2600,2900,3400,4000,4000,2432,0,1700.0,1753.255866164708,572.6996220182627,4020.2549140667543,184.34333881578948
1760563451,0,,Aggregated,39.800000,0.000000,1700,1900,1900,2000,2200,2400,2600,2900,3400,4000,4000,2432,0,1700.0,1753.255866164708,572.6996220182627,4020.2549140667543,184.34333881578948
1760563452,0,,Aggregated,39.800000,0.000000,1700,1900,1900,2000,2200,2400,2600,2900,3400,4000,4000,2432,0,1700.0,1753.255866164708,572.6996220182627,4020.2549140667543,184.34333881578948
1760563453,0,,Aggregated,39.800000,0.000000,1700,1900,1900,2000,2200,2400,2600,2900,3400,4000,4000,2432,0,1700.0,1753.255866164708,572.6996220182627,4020.2549140667543,184.34333881578948
1760563454,0,,Aggregated,39.800000,0.000000,1700,1900,1900,2000,2200,2400,2600,2900,3400,4000,4000,2432,0,1700.0,1753.255866164708,572.6996220182627,4020.2549140667543,184.34333881578948
1760563455,0,,Aggregated,39.800000,0.000000,1700,1900,1900,2000,2200,2400,2600,2900,3400,4000,4000,2432,0,1700.0,1753.255866164708,572.6996220182627,4020.2549140667543,184.34333881578948
1760563456,0,,Aggregated,39.800000,0.000000,1700,1900,1900,2000,2200,2400,2600,2900,3400,4000,4000,2432,0,1700.0,1753.255866164708,572.6996220182627,4020.2549140667543,184.34333881578948
1760563457,0,,Aggregated,39.800000,0.000000,1700,1900,1900,2000,2200,2400,2600,2900,3400,4000,4000,2432,0,1700.0,1753.255866164708,572.6996220182627,4020.2549140667543,184.34333881578948
1760563458,0,,Aggregated,39.800000,0.000000,1700,1900,1900,2000,2200,2400,2600,2900,3400,4000,4000,2432,0,1700.0,1753.255866164708,572.6996220182627,4020.2549140667543,184.34333881578948
1760563459,0,,Aggregated,39.800000,0.000000,1700,1900,1900,2000,2200,2400,2600,2900,3400,4000,4000,2432,0,1700.0,1753.255866164708,572.6996220182627,4020.2549140667543,184.34333881578948
1760563461,0,,Aggregated,39.800000,0.000000,1700,1900,1900,2000,2200,2400,2600,2900,3400,4000,4000,2432,0,1700.0,1753.255866164708,572.6996220182627,4020.2549140667543,184.34333881578948
1760563462,0,,Aggregated,39.800000,0.000000,1700,1900,1900,2000,2200,2400,2600,2900,3400,4000,4000,2432,0,1700.0,1753.255866164708,572.6996220182627,4020.2549140667543,184.34333881578948
1760563463,0,,Aggregated,39.800000,0.000000,1700,1900,1900,2000,2200,2400,2600,2900,3400,4000,4000,2432,0,1700.0,1753.255866164708,572.6996220182627,4020.2549140667543,184.34333881578948
1760563464,0,,Aggregated,39.800000,0.000000,1700,1900,1900,2000,2200,2400,2600,2900,3400,4000,4000,2432,0,1700.0,1753.255866164708,572.6996220182627,4020.2549140667543,184.34333881578948
1760563465,0,,Aggregated,39.800000,0.000000,1700,1900,1900,2000,2200,2400,2600,2900,3400,4000,4000,2432,0,1700.0,1753.255866164708,572.6996220182627,4020.2549140667543,184.34333881578948
1760563466,0,,Aggregated,39.800000,0.000000,1700,1900,1900,2000,2200,2400,2600,2900,3400,4000,4000,2432,0,1700.0,1753.255866164708,572.6996220182627,4020.2549140667543,184.34333881578948
1760563467,0,,Aggregated,39.800000,0.000000,1700,1900,1900,2000,2200,2400,2600,2900,3400,4000,4000,2432,0,1700.0,1753.255866164708,572.6996220182627,4020.2549140667543,184.34333881578948
1760563468,0,,Aggregated,39.800000,0.000000,1700,1900,1900,2000,2200,2400,2600,2900,3400,4000,4000,2432,0,1700.0,1753.255866164708,572.6996220182627,4020.2549140667543,184.34333881578948
1760563469,0,,Aggregated,39.800000,0.000000,1700,1900,1900,2000,2200,2400,2600,2900,3400,4000,4000,2432,0,1700.0,1753.255866164708,572.6996220182627,4020.2549140667543,184.34333881578948
1760563470,0,,Aggregated,39.800000,0.000000,1700,1900,1900,2000,2200,2400,2600,2900,3400,4000,4000,2432,0,1700.0,1753.255866164708,572.6996220182627,4020.2549140667543,184.34333881578948
1760563471,0,,Aggregated,39.800000,0.000000,1700,1900,1900,2000,2200,2400,2600,2900,3400,4000,4000,2432,0,1700.0,1753.255866164708,572.6996220182627,4020.2549140667543,184.34333881578948
1760563472,0,,Aggregated,39.800000,0.000000,1700,1900,1900,2000,2200,2400,2600,2900,3400,4000,4000,2432,0,1700.0,1753.255866164708,572.6996220182627,4020.2549140667543,184.34333881578948
1760563473,0,,Aggregated,39.800000,0.000000,1700,1900,1900,2000,2200,2400,2600,2900,3400,4000,4000,2432,0,1700.0,1753.255866164708,572.6996220182627,4020.2549140667543,184.34333881578948
1760563474,0,,Aggregated,39.800000,0.000000,1700,1900,1900,2000,2200,2400,2600,2900,3400,4000,4000,2432,0,1700.0,1753.255866164708,572.6996220182627,4020.2549140667543,184.34333881578948
1760563475,0,,Aggregated,39.800000,0.000000,1700,1900,1900,2000,2200,2400,2600,2900,3400,4000,4000,2432,0,1700.0,1753.255866164708,572.6996220182627,4020.2549140667543,184.34333881578948
1760563476,0,,Aggregated,39.800000,0.000000,1700,1900,1900,2000,2200,2400,2600,2900,3400,4000,4000,2432,0,1700.0,1753.255866164708,572.6996220182627,4020.2549140667543,184.34333881578948
1760563477,0,,Aggregated,39.800000,0.000000,1700,1900,1900,2000,2200,2400,2600,2900,3400,4000,4000,2432,0,1700.0,1753.255866164708,572.6996220182627,4020.2549140667543,184.34333881578948
1760563478,0,,Aggregated,39.800000,0.000000,1700,1900,1900,2000,2200,2400,2600,2900,3400,4000,4000,2432,0,1700.0,1753.255866164708,572.6996220182627,4020.2549140667543,184.34333881578948
1760563479,0,,Aggregated,39.800000,0.000000,1700,1900,1900,2000,2200,2400,2600,2900,3400,4000,4000,2432,0,1700.0,1753.255866164708,572.6996220182627,4020.2549140667543,184.34333881578948
1760563480,0,,Aggregated,39.800000,0.000000,1700,1900,1900,2000,2200,2400,2600,2900,3400,4000,4000,2432,0,1700.0,1753.255866164708,572.6996220182627,4020.2549140667543,184.34333881578948
1760563481,0,,Aggregated,39.800000,0.000000,1700,1900,1900,2000,2200,2400,2600,2900,3400,4000,4000,2432,0,1700.0,1753.255866164708,572.6996220182627,4020.2549140667543,184.34333881578948
1760563482,0,,Aggregated,39.800000,0.000000,1700,1900,1900,2000,2200,2400,2600,2900,3400,4000,4000,2432,0,1700.0,1753.255866164708,572.6996220182627,4020.2549140667543,184.34333881578948
1760563483,0,,Aggregated,39.800000,0.000000,1700,1900,1900,2000,2200,2400,2600,2900,3400,4000,4000,2432,0,1700.0,1753.255866164708,572.6996220182627,4020.2549140667543,184.34333881578948
1760563484,0,,Aggregated,39.800000,0.000000,1700,1900,1900,2000,2200,2400,2600,2900,3400,4000,4000,2432,0,1700.0,1753.255866164708,572.6996220182627,4020.2549140667543,184.34333881578948
1760563485,0,,Aggregated,39.800000,0.000000,1700,1900,1900,2000,2200,2400,2600,2900,3400,4000,4000,2432,0,1700.0,1753.255866164708,572.6996220182627,4020.2549140667543,184.34333881578948
1760563486,0,,Aggregated,39.800000,0.000000,1700,1900,1900,2000,2200,2400,2600,2900,3400,4000,4000,2432,0,1700.0,1753.255866164708,572.6996220182627,4020.2549140667543,184.34333881578948
1760563487,0,,Aggregated,39.800000,0.000000,1700,1900,1900,2000,2200,2400,2600,2900,3400,4000,4000,2432,0,1700.0,1753.255866164708,572.6996220182627,4020.2549140667543,184.34333881578948
1760563488,0,,Aggregated,39.800000,0.000000,1700,1900,1900,2000,2200,2400,2600,2900,3400,4000,4000,2432,0,1700.0,1753.255866164708,572.6996220182627,4020.2549140667543,184.34333881578948
1760563489,0,,Aggregated,39.800000,0.000000,1700,1900,1900,2000,2200,2400,2600,2900,3400,4000,4000,2432,0,1700.0,1753.255866164708,572.6996220182627,4020.2549140667543,184.34333881578948
1760563490,0,,Aggregated,39.800000,0.000000,1700,1900,1900,2000,2200,2400,2600,2900,3400,4000,4000,2432,0,1700.0,1753.255866164708,572.6996220182627,4020.2549140667543,184.34333881578948
1760563491,0,,Aggregated,39.800000,0.000000,1700,1900,1900,2000,2200,2400,2600,2900,3400,4000,4000,2432,0,1700.0,1753.255866164708,572.6996220182627,4020.2549140667543,184.34333881578948
1760563492,0,,Aggregated,39.800000,0.000000,1700,1900,1900,2000,2200,2400,2600,2900,3400,4000,4000,2432,0,1700.0,1753.255866164708,572.6996220182627,4020.2549140667543,184.34333881578948
1760563493,0,,Aggregated,39.800000,0.000000,1700,1900,1900,2000,2200,2400,2600,2900,3400,4000,4000,2432,0,1700.0,1753.255866164708,572.6996220182627,4020.2549140667543,184.34333881578948
1760563494,0,,Aggregated,39.800000,0.000000,1700,1900,1900,2000,2200,2400,2600,2900,3400,4000,4000,2432,0,1700.0,1753.255866164708,572.6996220182627,4020.2549140667543,184.34333881578948
1760563495,0,,Aggregated,39.800000,0.000000,1700,1900,1900,2000,2200,2400,2600,2900,3400,4000,4000,2432,0,1700.0,1753.255866164708,572.6996220182627,4020.2549140667543,184.34333881578948
1760563496,0,,Aggregated,39.800000,0.000000,1700,1900,1900,2000,2200,2400,2600,2900,3400,4000,4000,2432,0,1700.0,1753.255866164708,572.6996220182627,4020.2549140667543,184.34333881578948
1760563497,0,,Aggregated,39.800000,0.000000,1700,1900,1900,2000,2200,2400,2600,2900,3400,4000,4000,2432,0,1700.0,1753.255866164708,572.6996220182627,4020.2549140667543,184.34333881578948
1760563498,0,,Aggregated,39.800000,0.000000,1700,1900,1900,2000,2200,2400,2600,2900,3400,4000,4000,2432,0,1700.0,1753.255866164708,572.6996220182627,4020.2549140667543,184.34333881578948
1760563499,0,,Aggregated,39.800000,0.000000,1700,1900,1900,2000,2200,2400,2600,2900,3400,4000,4000,2432,0,1700.0,1753.255866164708,572.6996220182627,4020.2549140667543,184.34333881578948
1760563500,0,,Aggregated,39.800000,0.000000,1700,1900,1900,2000,2200,2400,2600,2900,3400,4000,4000,2432,0,1700.0,1753.255866164708,572.6996220182627,4020.2549140667543,184.34333881578948
1760563501,0,,Aggregated,39.800000,0.000000,1700,1900,1900,2000,2200,2400,2600,2900,3400,4000,4000,2432,0,1700.0,1753.255866164708,572.6996220182627,4020.2549140667543,184.34333881578948
1760563502,0,,Aggregated,39.800000,0.000000,1700,1900,1900,2000,2200,2400,2600,2900,3400,4000,4000,2432,0,1700.0,1753.255866164708,572.6996220182627,4020.2549140667543,184.34333881578948
1760563503,0,,Aggregated,39.800000,0.000000,1700,1900,1900,2000,2200,2400,2600,2900,3400,4000,4000,2432,0,1700.0,1753.255866164708,572.6996220182627,4020.2549140667543,184.34333881578948
1760563504,0,,Aggregated,39.800000,0.000000,1700,1900,1900,2000,2200,2400,2600,2900,3400,4000,4000,2432,0,1700.0,1753.255866164708,572.6996220182627,4020.2549140667543,184.34333881578948
1760563505,0,,Aggregated,39.800000,0.000000,1700,1900,1900,2000,2200,2400,2600,2900,3400,4000,4000,2432,0,1700.0,1753.255866164708,572.6996220182627,4020.2549140667543,184.34333881578948
1760563506,0,,Aggregated,39.800000,0.000000,1700,1900,1900,2000,2200,2400,2600,2900,3400,4000,4000,2432,0,1700.0,1753.255866164708,572.6996220182627,4020.2549140667543,184.34333881578948
1760563507,0,,Aggregated,39.800000,0.000000,1700,1900,1900,2000,2200,2400,2600,2900,3400,4000,4000,2432,0,1700.0,1753.255866164708,572.6996220182627,4020.2549140667543,184.34333881578948
1760563508,0,,Aggregated,39.800000,0.000000,1700,1900,1900,2000,2200,2400,2600,2900,3400,4000,4000,2432,0,1700.0,1753.255866164708,572.6996220182627,4020.2549140667543,184.34333881578948
1760563509,0,,Aggregated,39.800000,0.000000,1700,1900,1900,2000,2200,2400,2600,2900,3400,4000,4000,2432,0,1700.0,1753.255866164708,572.6996220182627,4020.2549140667543,184.34333881578948
1760563510,0,,Aggregated,39.800000,0.000000,1700,1900,1900,2000,2200,2400,2600,2900,3400,4000,4000,2432,0,1700.0,1753.255866164708,572.6996220182627,4020.2549140667543,184.34333881578948
1760563511,0,,Aggregated,39.800000,0.000000,1700,1900,1900,2000,2200,2400,2600,2900,3400,4000,4000,2432,0,1700.0,1753.255866164708,572.6996220182627,4020.2549140667543,184.34333881578948
1760563512,0,,Aggregated,39.800000,0.000000,1700,1900,1900,2000,2200,2400,2600,2900,3400,4000,4000,2432,0,1700.0,1753.255866164708,572.6996220182627,4020.2549140667543,184.34333881578948
1760563513,0,,Aggregated,39.800000,0.000000,1700,1900,1900,2000,2200,2400,2600,2900,3400,4000,4000,2432,0,1700.0,1753.255866164708,572.6996220182627,4020.2549140667543,184.34333881578948
1760563514,0,,Aggregated,39.800000,0.000000,1700,1900,1900,2000,2200,2400,2600,2900,3400,4000,4000,2432,0,1700.0,1753.255866164708,572.6996220182627,4020.2549140667543,184.34333881578948
1760563515,0,,Aggregated,39.800000,0.000000,1700,1900,1900,2000,2200,2400,2600,2900,3400,4000,4000,2432,0,1700.0,1753.255866164708,572.6996220182627,4020.2549140667543,184.34333881578948
1760563516,0,,Aggregated,39.800000,0.000000,1700,1900,1900,2000,2200,2400,2600,2900,3400,4000,4000,2432,0,1700.0,1753.255866164708,572.6996220182627,4020.2549140667543,184.34333881578948
1760563517,0,,Aggregated,39.800000,0.000000,1700,1900,1900,2000,2200,2400,2600,2900,3400,4000,4000,2432,0,1700.0,1753.255866164708,572.6996220182627,4020.2549140667543,184.34333881578948
1760563518,0,,Aggregated,39.800000,0.000000,1700,1900,1900,2000,2200,2400,2600,2900,3400,4000,4000,2432,0,1700.0,1753.255866164708,572.6996220182627,4020.2549140667543,184.34333881578948
1760563519,0,,Aggregated,39.800000,0.000000,1700,1900,1900,2000,2200,2400,2600,2900,3400,4000,4000,2432,0,1700.0,1753.255866164708,572.6996220182627,4020.2549140667543,184.34333881578948
1760563520,0,,Aggregated,39.800000,0.000000,1700,1900,1900,2000,2200,2400,2600,2900,3400,4000,4000,2432,0,1700.0,1753.255866164708,572.6996220182627,4020.2549140667543,184.34333881578948
1760563521,0,,Aggregated,39.800000,0.000000,1700,1900,1900,2000,2200,2400,2600,2900,3400,4000,4000,2432,0,1700.0,1753.255866164708,572.6996220182627,4020.2549140667543,184.34333881578948
1760563522,0,,Aggregated,39.800000,0.000000,1700,1900,1900,2000,2200,2400,2600,2900,3400,4000,4000,2432,0,1700.0,1753.255866164708,572.6996220182627,4020.2549140667543,184.34333881578948
1760563523,0,,Aggregated,39.800000,0.000000,1700,1900,1900,2000,2200,2400,2600,2900,3400,4000,4000,2432,0,1700.0,1753.255866164708,572.6996220182627,4020.2549140667543,184.34333881578948
1760563524,0,,Aggregated,39.800000,0.000000,1700,1900,1900,2000,2200,2400,2600,2900,3400,4000,4000,2432,0,1700.0,1753.255866164708,572.6996220182627,4020.2549140667543,184.34333881578948
1760563525,0,,Aggregated,39.800000,0.000000,1700,1900,1900,2000,2200,2400,2600,2900,3400,4000,4000,2432,0,1700.0,1753.255866164708,572.6996220182627,4020.2549140667543,184.34333881578948
1760563526,0,,Aggregated,39.800000,0.000000,1700,1900,1900,2000,2200,2400,2600,2900,3400,4000,4000,2432,0,1700.0,1753.255866164708,572.6996220182627,4020.2549140667543,184.34333881578948
1760563527,0,,Aggregated,39.800000,0.000000,1700,1900,1900,2000,2200,2400,2600,2900,3400,4000,4000,2432,0,1700.0,1753.255866164708,572.6996220182627,4020.2549140667543,184.34333881578948
1760563528,0,,Aggregated,39.800000,0.000000,1700,1900,1900,2000,2200,2400,2600,2900,3400,4000,4000,2432,0,1700.0,1753.255866164708,572.6996220182627,4020.2549140667543,184.34333881578948
1760563529,0,,Aggregated,39.800000,0.000000,1700,1900,1900,2000,2200,2400,2600,2900,3400,4000,4000,2432,0,1700.0,1753.255866164708,572.6996220182627,4020.2549140667543,184.34333881578948
1760563530,0,,Aggregated,39.800000,0.000000,1700,1900,1900,2000,2200,2400,2600,2900,3400,4000,4000,2432,0,1700.0,1753.255866164708,572.6996220182627,4020.2549140667543,184.34333881578948
1760563531,0,,Aggregated,39.800000,0.000000,1700,1900,1900,2000,2200,2400,2600,2900,3400,4000,4000,2432,0,1700.0,1753.255866164708,572.6996220182627,4020.2549140667543,184.34333881578948
1760563532,0,,Aggregated,39.800000,0.000000,1700,1900,1900,2000,2200,2400,2600,2900,3400,4000,4000,2432,0,1700.0,1753.255866164708,572.6996220182627,4020.2549140667543,184.34333881578948
1760563533,0,,Aggregated,39.800000,0.000000,1700,1900,1900,2000,2200,2400,2600,2900,3400,4000,4000,2432,0,1700.0,1753.255866164708,572.6996220182627,4020.2549140667543,184.34333881578948
1760563534,0,,Aggregated,39.800000,0.000000,1700,1900,1900,2000,2200,2400,2600,2900,3400,4000,4000,2432,0,1700.0,1753.255866164708,572.6996220182627,4020.2549140667543,184.34333881578948
1760563535,0,,Aggregated,39.800000,0.000000,1700,1900,1900,2000,2200,2400,2600,2900,3400,4000,4000,2432,0,1700.0,1753.255866164708,572.6996220182627,4020.2549140667543,184.34333881578948
1760563536,0,,Aggregated,39.800000,0.000000,1700,1900,1900,2000,2200,2400,2600,2900,3400,4000,4000,2432,0,1700.0,1753.255866164708,572.6996220182627,4020.2549140667543,184.34333881578948
1760563537,0,,Aggregated,39.800000,0.000000,1700,1900,1900,2000,2200,2400,2600,2900,3400,4000,4000,2432,0,1700.0,1753.255866164708,572.6996220182627,4020.2549140667543,184.34333881578948
1760563538,0,,Aggregated,39.800000,0.000000,1700,1900,1900,2000,2200,2400,2600,2900,3400,4000,4000,2432,0,1700.0,1753.255866164708,572.6996220182627,4020.2549140667543,184.34333881578948
1760563539,0,,Aggregated,39.800000,0.000000,1700,1900,1900,2000,2200,2400,2600,2900,3400,4000,4000,2432,0,1700.0,1753.255866164708,572.6996220182627,4020.2549140667543,184.34333881578948
1760563540,0,,Aggregated,39.800000,0.000000,1700,1900,1900,2000,2200,2400,2600,2900,3400,4000,4000,2432,0,1700.0,1753.255866164708,572.6996220182627,4020.2549140667543,184.34333881578948
1760563541,0,,Aggregated,39.800000,0.000000,1700,1900,1900,2000,2200,2400,2600,2900,3400,4000,4000,2432,0,1700.0,1753.255866164708,572.6996220182627,4020.2549140667543,184.34333881578948
1760563542,0,,Aggregated,39.800000,0.000000,1700,1900,1900,2000,2200,2400,2600,2900,3400,4000,4000,2432,0,1700.0,1753.255866164708,572.6996220182627,4020.2549140667543,184.34333881578948
1760563543,0,,Aggregated,39.800000,0.000000,1700,1900,1900,2000,2200,2400,2600,2900,3400,4000,4000,2432,0,1700.0,1753.255866164708,572.6996220182627,4020.2549140667543,184.34333881578948
1760563544,0,,Aggregated,39.800000,0.000000,1700,1900,1900,2000,2200,2400,2600,2900,3400,4000,4000,2432,0,1700.0,1753.255866164708,572.6996220182627,4020.2549140667543,184.34333881578948
1760563545,0,,Aggregated,39.800000,0.000000,1700,1900,1900,2000,2200,2400,2600,2900,3400,4000,4000,2432,0,1700.0,1753.255866164708,572.6996220182627,4020.2549140667543,184.34333881578948
1760563546,0,,Aggregated,39.800000,0.000000,1700,1900,1900,2000,2200,2400,2600,2900,3400,4000,4000,2432,0,1700.0,1753.255866164708,572.6996220182627,4020.2549140667543,184.34333881578948
1760563547,0,,Aggregated,39.800000,0.000000,1700,1900,1900,2000,2200,2400,2600,2900,3400,4000,4000,2432,0,1700.0,1753.255866164708,572.6996220182627,4020.2549140667543,184.34333881578948
1760563548,0,,Aggregated,39.800000,0.000000,1700,1900,1900,2000,2200,2400,2600,2900,3400,4000,4000,2432,0,1700.0,1753.255866164708,572.6996220182627,4020.2549140667543,184.34333881578948
1760563549,0,,Aggregated,39.800000,0.000000,1700,1900,1900,2000,2200,2400,2600,2900,3400,4000,4000,2432,0,1700.0,1753.255866164708,572.6996220182627,4020.2549140667543,184.34333881578948
1760563550,0,,Aggregated,39.800000,0.000000,1700,1900,1900,2000,2200,2400,2600,2900,3400,4000,4000,2432,0,1700.0,1753.255866164708,572.6996220182627,4020.2549140667543,184.34333881578948
1760563551,0,,Aggregated,39.800000,0.000000,1700,1900,1900,2000,2200,2400,2600,2900,3400,4000,4000,2432,0,1700.0,1753.255866164708,572.6996220182627,4020.2549140667543,184.34333881578948
1760563552,0,,Aggregated,39.800000,0.000000,1700,1900,1900,2000,2200,2400,2600,2900,3400,4000,4000,2432,0,1700.0,1753.255866164708,572.6996220182627,4020.2549140667543,184.34333881578948
1760563553,0,,Aggregated,39.800000,0.000000,1700,1900,1900,2000,2200,2400,2600,2900,3400,4000,4000,2432,0,1700.0,1753.255866164708,572.6996220182627,4020.2549140667543,184.34333881578948
1760563554,0,,Aggregated,39.800000,0.000000,1700,1900,1900,2000,2200,2400,2600,2900,3400,4000,4000,2432,0,1700.0,1753.255866164708,572.6996220182627,4020.2549140667543,184.34333881578948
1760563555,0,,Aggregated,39.800000,0.000000,1700,1900,1900,2000,2200,2400,2600,2900,3400,4000,4000,2432,0,1700.0,1753.255866164708,572.6996220182627,4020.2549140667543,184.34333881578948
1760563556,0,,Aggregated,39.800000,0.000000,1700,1900,1900,2000,2200,2400,2600,2900,3400,4000,4000,2432,0,1700.0,1753.255866164708,572.6996220182627,4020.2549140667543,184.34333881578948
1760563557,0,,Aggregated,39.800000,0.000000,1700,1900,1900,2000,2200,2400,2600,2900,3400,4000,4000,2432,0,1700.0,1753.255866164708,572.6996220182627,4020.2549140667543,184.34333881578948
1760563558,0,,Aggregated,39.800000,0.000000,1700,1900,1900,2000,2200,2400,2600,2900,3400,4000,4000,2432,0,1700.0,1753.255866164708,572.6996220182627,4020.2549140667543,184.34333881578948
1760563559,0,,Aggregated,39.800000,0.000000,1700,1900,1900,2000,2200,2400,2600,2900,3400,4000,4000,2432,0,1700.0,1753.255866164708,572.6996220182627,4020.2549140667543,184.34333881578948
1760563560,0,,Aggregated,39.800000,0.000000,1700,1900,1900,2000,2200,2400,2600,2900,3400,4000,4000,2432,0,1700.0,1753.255866164708,572.6996220182627,4020.2549140667543,184.34333881578948
1760563561,0,,Aggregated,39.800000,0.000000,1700,1900,1900,2000,2200,2400,2600,2900,3400,4000,4000,2432,0,1700.0,1753.255866164708,572.6996220182627,4020.2549140667543,184.34333881578948
1760563562,0,,Aggregated,39.800000,0.000000,1700,1900,1900,2000,2200,2400,2600,2900,3400,4000,4000,2432,0,1700.0,1753.255866164708,572.6996220182627,4020.2549140667543,184.34333881578948
1760563563,0,,Aggregated,39.800000,0.000000,1700,1900,1900,2000,2200,2400,2600,2900,3400,4000,4000,2432,0,1700.0,1753.255866164708,572.6996220182627,4020.2549140667543,184.34333881578948
1760563564,0,,Aggregated,39.800000,0.000000,1700,1900,1900,2000,2200,2400,2600,2900,3400,4000,4000,2432,0,1700.0,1753.255866164708,572.6996220182627,4020.2549140667543,184.34333881578948
1760563565,0,,Aggregated,39.800000,0.000000,1700,1900,1900,2000,2200,2400,2600,2900,3400,4000,4000,2432,0,1700.0,1753.255866164708,572.6996220182627,4020.2549140667543,184.34333881578948
1760563566,0,,Aggregated,39.800000,0.000000,1700,1900,1900,2000,2200,2400,2600,2900,3400,4000,4000,2432,0,1700.0,1753.255866164708,572.6996220182627,4020.2549140667543,184.34333881578948
1760563567,0,,Aggregated,39.800000,0.000000,1700,1900,1900,2000,2200,2400,2600,2900,3400,4000,4000,2432,0,1700.0,1753.255866164708,572.6996220182627,4020.2549140667543,184.34333881578948
1760563568,0,,Aggregated,39.800000,0.000000,1700,1900,1900,2000,2200,2400,2600,2900,3400,4000,4000,2432,0,1700.0,1753.255866164708,572.6996220182627,4020.2549140667543,184.34333881578948
1760563569,0,,Aggregated,39.800000,0.000000,1700,1900,1900,2000,2200,2400,2600,2900,3400,4000,4000,2432,0,1700.0,1753.255866164708,572.6996220182627,4020.2549140667543,184.34333881578948
1760563570,0,,Aggregated,39.800000,0.000000,1700,1900,1900,2000,2200,2400,2600,2900,3400,4000,4000,2432,0,1700.0,1753.255866164708,572.6996220182627,4020.2549140667543,184.34333881578948
1760563571,0,,Aggregated,39.800000,0.000000,1700,1900,1900,2000,2200,2400,2600,2900,3400,4000,4000,2432,0,1700.0,1753.255866164708,572.6996220182627,4020.2549140667543,184.34333881578948
1760563572,0,,Aggregated,39.800000,0.000000,1700,1900,1900,2000,2200,2400,2600,2900,3400,4000,4000,2432,0,1700.0,1753.255866164708,572.6996220182627,4020.2549140667543,184.34333881578948
1760563573,0,,Aggregated,39.800000,0.000000,1700,1900,1900,2000,2200,2400,2600,2900,3400,4000,4000,2432,0,1700.0,1753.255866164708,572.6996220182627,4020.2549140667543,184.34333881578948
1760563574,0,,Aggregated,39.800000,0.000000,1700,1900,1900,2000,2200,2400,2600,2900,3400,4000,4000,2432,0,1700.0,1753.255866164708,572.6996220182627,4020.2549140667543,184.34333881578948
1760563575,0,,Aggregated,39.800000,0.000000,1700,1900,1900,2000,2200,2400,2600,2900,3400,4000,4000,2432,0,1700.0,1753.255866164708,572.6996220182627,4020.2549140667543,184.34333881578948
1760563576,0,,Aggregated,39.800000,0.000000,1700,1900,1900,2000,2200,2400,2600,2900,3400,4000,4000,2432,0,1700.0,1753.255866164708,572.6996220182627,4020.2549140667543,184.34333881578948
1760563577,0,,Aggregated,39.800000,0.000000,1700,1900,1900,2000,2200,2400,2600,2900,3400,4000,4000,2432,0,1700.0,1753.255866164708,572.6996220182627,4020.2549140667543,184.34333881578948
1760563578,0,,Aggregated,39.800000,0.000000,1700,1900,1900,2000,2200,2400,2600,2900,3400,4000,4000,2432,0,1700.0,1753.255866164708,572.6996220182627,4020.2549140667543,184.34333881578948
1760563579,0,,Aggregated,39.800000,0.000000,1700,1900,1900,2000,2200,2400,2600,2900,3400,4000,4000,2432,0,1700.0,1753.255866164708,572.6996220182627,4020.2549140667543,184.34333881578948
1760563580,0,,Aggregated,39.800000,0.000000,1700,1900,1900,2000,2200,2400,2600,2900,3400,4000,4000,2432,0,1700.0,1753.255866164708,572.6996220182627,4020.2549140667543,184.34333881578948
1760563581,0,,Aggregated,39.800000,0.000000,1700,1900,1900,2000,2200,2400,2600,2900,3400,4000,4000,2432,0,1700.0,1753.255866164708,572.6996220182627,4020.2549140667543,184.34333881578948
1760563582,0,,Aggregated,39.800000,0.000000,1700,1900,1900,2000,2200,2400,2600,2900,3400,4000,4000,2432,0,1700.0,1753.255866164708,572.6996220182627,4020.2549140667543,184.34333881578948
1760563583,0,,Aggregated,39.800000,0.000000,1700,1900,1900,2000,2200,2400,2600,2900,3400,4000,4000,2432,0,1700.0,1753.255866164708,572.6996220182627,4020.2549140667543,184.34333881578948
1760563584,0,,Aggregated,39.800000,0.000000,1700,1900,1900,2000,2200,2400,2600,2900,3400,4000,4000,2432,0,1700.0,1753.255866164708,572.6996220182627,4020.2549140667543,184.34333881578948
1760563585,0,,Aggregated,39.800000,0.000000,1700,1900,1900,2000,2200,2400,2600,2900,3400,4000,4000,2432,0,1700.0,1753.255866164708,572.6996220182627,4020.2549140667543,184.34333881578948
1760563586,0,,Aggregated,39.800000,0.000000,1700,1900,1900,2000,2200,2400,2600,2900,3400,4000,4000,2432,0,1700.0,1753.255866164708,572.6996220182627,4020.2549140667543,184.34333881578948
1760563587,0,,Aggregated,39.800000,0.000000,1700,1900,1900,2000,2200,2400,2600,2900,3400,4000,4000,2432,0,1700.0,1753.255866164708,572.6996220182627,4020.2549140667543,184.34333881578948
1760563588,0,,Aggregated,39.800000,0.000000,1700,1900,1900,2000,2200,2400,2600,2900,3400,4000,4000,2432,0,1700.0,1753.255866164708,572.6996220182627,4020.2549140667543,184.34333881578948
1760563589,0,,Aggregated,39.800000,0.000000,1700,1900,1900,2000,2200,2400,2600,2900,3400,4000,4000,2432,0,1700.0,1753.255866164708,572.6996220182627,4020.2549140667543,184.34333881578948
1760563590,0,,Aggregated,39.800000,0.000000,1700,1900,1900,2000,2200,2400,2600,2900,3400,4000,4000,2432,0,1700.0,1753.255866164708,572.6996220182627,4020.2549140667543,184.34333881578948
1760563591,0,,Aggregated,39.800000,0.000000,1700,1900,1900,2000,2200,2400,2600,2900,3400,4000,4000,2432,0,1700.0,1753.255866164708,572.6996220182627,4020.2549140667543,184.34333881578948
1760563592,0,,Aggregated,39.800000,0.000000,1700,1900,1900,2000,2200,2400,2600,2900,3400,4000,4000,2432,0,1700.0,1753.255866164708,572.6996220182627,4020.2549140667543,184.34333881578948
1760563593,0,,Aggregated,39.800000,0.000000,1700,1900,1900,2000,2200,2400,2600,2900,3400,4000,4000,2432,0,1700.0,1753.255866164708,572.6996220182627,4020.2549140667543,184.34333881578948
1760563594,0,,Aggregated,39.800000,0.000000,1700,1900,1900,2000,2200,2400,2600,2900,3400,4000,4000,2432,0,1700.0,1753.255866164708,572.6996220182627,4020.2549140667543,184.34333881578948
1760563595,0,,Aggregated,39.800000,0.000000,1700,1900,1900,2000,2200,2400,2600,2900,3400,4000,4000,2432,0,1700.0,1753.255866164708,572.6996220182627,4020.2549140667543,184.34333881578948
1760563596,0,,Aggregated,39.800000,0.000000,1700,1900,1900,2000,2200,2400,2600,2900,3400,4000,4000,2432,0,1700.0,1753.255866164708,572.6996220182627,4020.2549140667543,184.34333881578948
1760563597,0,,Aggregated,39.800000,0.000000,1700,1900,1900,2000,2200,2400,2600,2900,3400,4000,4000,2432,0,1700.0,1753.255866164708,572.6996220182627,4020.2549140667543,184.34333881578948
1760563598,0,,Aggregated,39.800000,0.000000,1700,1900,1900,2000,2200,2400,2600,2900,3400,4000,4000,2432,0,1700.0,1753.255866164708,572.6996220182627,4020.2549140667543,184.34333881578948
1760563599,0,,Aggregated,39.800000,0.000000,1700,1900,1900,2000,2200,2400,2600,2900,3400,4000,4000,2432,0,1700.0,1753.255866164708,572.6996220182627,4020.2549140667543,184.34333881578948
1760563600,0,,Aggregated,39.800000,0.000000,1700,1900,1900,2000,2200,2400,2600,2900,3400,4000,4000,2432,0,1700.0,1753.255866164708,572.6996220182627,4020.2549140667543,184.34333881578948
1760563601,0,,Aggregated,39.800000,0.000000,1700,1900,1900,2000,2200,2400,2600,2900,3400,4000,4000,2432,0,1700.0,1753.255866164708,572.6996220182627,4020.2549140667543,184.34333881578948
1760563602,0,,Aggregated,39.800000,0.000000,1700,1900,1900,2000,2200,2400,2600,2900,3400,4000,4000,2432,0,1700.0,1753.255866164708,572.6996220182627,4020.2549140667543,184.34333881578948
1760563603,0,,Aggregated,39.800000,0.000000,1700,1900,1900,2000,2200,2400,2600,2900,3400,4000,4000,2432,0,1700.0,1753.255866164708,572.6996220182627,4020.2549140667543,184.34333881578948
1760563604,0,,Aggregated,39.800000,0.000000,1700,1900,1900,2000,2200,2400,2600,2900,3400,4000,4000,2432,0,1700.0,1753.255866164708,572.6996220182627,4020.2549140667543,184.34333881578948
1760563605,0,,Aggregated,39.800000,0.000000,1700,1900,1900,2000,2200,2400,2600,2900,3400,4000,4000,2432,0,1700.0,1753.255866164708,572.6996220182627,4020.2549140667543,184.34333881578948
1760563606,0,,Aggregated,39.800000,0.000000,1700,1900,1900,2000,2200,2400,2600,2900,3400,4000,4000,2432,0,1700.0,1753.255866164708,572.6996220182627,4020.2549140667543,184.34333881578948
1760563607,0,,Aggregated,39.800000,0.000000,1700,1900,1900,2000,2200,2400,2600,2900,3400,4000,4000,2432,0,1700.0,1753.255866164708,572.6996220182627,4020.2549140667543,184.34333881578948
1760563608,0,,Aggregated,39.800000,0.000000,1700,1900,1900,2000,2200,2400,2600,2900,3400,4000,4000,2432,0,1700.0,1753.255866164708,572.6996220182627,4020.2549140667543,184.34333881578948
1760563609,0,,Aggregated,39.800000,0.000000,1700,1900,1900,2000,2200,2400,2600,2900,3400,4000,4000,2432,0,1700.0,1753.255866164708,572.6996220182627,4020.2549140667543,184.34333881578948
1760563610,0,,Aggregated,39.800000,0.000000,1700,1900,1900,2000,2200,2400,2600,2900,3400,4000,4000,2432,0,1700.0,1753.255866164708,572.6996220182627,4020.2549140667543,184.34333881578948
1760563611,0,,Aggregated,39.800000,0.000000,1700,1900,1900,2000,2200,2400,2600,2900,3400,4000,4000,2432,0,1700.0,1753.255866164708,572.6996220182627,4020.2549140667543,184.34333881578948
1760563612,0,,Aggregated,39.800000,0.000000,1700,1900,1900,2000,2200,2400,2600,2900,3400,4000,4000,2432,0,1700.0,1753.255866164708,572.6996220182627,4020.2549140667543,184.34333881578948
1760563613,0,,Aggregated,39.800000,0.000000,1700,1900,1900,2000,2200,2400,2600,2900,3400,4000,4000,2432,0,1700.0,1753.255866164708,572.6996220182627,4020.2549140667543,184.34333881578948
1760563614,0,,Aggregated,39.800000,0.000000,1700,1900,1900,2000,2200,2400,2600,2900,3400,4000,4000,2432,0,1700.0,1753.255866164708,572.6996220182627,4020.2549140667543,184.34333881578948
1760563615,0,,Aggregated,39.800000,0.000000,1700,1900,1900,2000,2200,2400,2600,2900,3400,4000,4000,2432,0,1700.0,1753.255866164708,572.6996220182627,4020.2549140667543,184.34333881578948
1760563616,0,,Aggregated,39.800000,0.000000,1700,1900,1900,2000,2200,2400,2600,2900,3400,4000,4000,2432,0,1700.0,1753.255866164708,572.6996220182627,4020.2549140667543,184.34333881578948
1760563617,0,,Aggregated,39.800000,0.000000,1700,1900,1900,2000,2200,2400,2600,2900,3400,4000,4000,2432,0,1700.0,1753.255866164708,572.6996220182627,4020.2549140667543,184.34333881578948
1760563618,0,,Aggregated,39.800000,0.000000,1700,1900,1900,2000,2200,2400,2600,2900,3400,4000,4000,2432,0,1700.0,1753.255866164708,572.6996220182627,4020.2549140667543,184.34333881578948
1760563619,0,,Aggregated,39.800000,0.000000,1700,1900,1900,2000,2200,2400,2600,2900,3400,4000,4000,2432,0,1700.0,1753.255866164708,572.6996220182627,4020.2549140667543,184.34333881578948
1760563620,0,,Aggregated,39.800000,0.000000,1700,1900,1900,2000,2200,2400,2600,2900,3400,4000,4000,2432,0,1700.0,1753.255866164708,572.6996220182627,4020.2549140667543,184.34333881578948
1760563621,0,,Aggregated,39.800000,0.000000,1700,1900,1900,2000,2200,2400,2600,2900,3400,4000,4000,2432,0,1700.0,1753.255866164708,572.6996220182627,4020.2549140667543,184.34333881578948
1760563622,0,,Aggregated,39.800000,0.000000,1700,1900,1900,2000,2200,2400,2600,2900,3400,4000,4000,2432,0,1700.0,1753.255866164708,572.6996220182627,4020.2549140667543,184.34333881578948
1760563623,0,,Aggregated,39.800000,0.000000,1700,1900,1900,2000,2200,2400,2600,2900,3400,4000,4000,2432,0,1700.0,1753.255866164708,572.6996220182627,4020.2549140667543,184.34333881578948
1760563624,0,,Aggregated,39.800000,0.000000,1700,1900,1900,2000,2200,2400,2600,2900,3400,4000,4000,2432,0,1700.0,1753.255866164708,572.6996220182627,4020.2549140667543,184.34333881578948
1760563625,0,,Aggregated,39.800000,0.000000,1700,1900,1900,2000,2200,2400,2600,2900,3400,4000,4000,2432,0,1700.0,1753.255866164708,572.6996220182627,4020.2549140667543,184.34333881578948
1760563626,0,,Aggregated,39.800000,0.000000,1700,1900,1900,2000,2200,2400,2600,2900,3400,4000,4000,2432,0,1700.0,1753.255866164708,572.6996220182627,4020.2549140667543,184.34333881578948
1760563627,0,,Aggregated,39.800000,0.000000,1700,1900,1900,2000,2200,2400,2600,2900,3400,4000,4000,2432,0,1700.0,1753.255866164708,572.6996220182627,4020.2549140667543,184.34333881578948
1760563628,0,,Aggregated,39.800000,0.000000,1700,1900,1900,2000,2200,2400,2600,2900,3400,4000,4000,2432,0,1700.0,1753.255866164708,572.6996220182627,4020.2549140667543,184.34333881578948
1760563629,0,,Aggregated,39.800000,0.000000,1700,1900,1900,2000,2200,2400,2600,2900,3400,4000,4000,2432,0,1700.0,1753.255866164708,572.6996220182627,4020.2549140667543,184.34333881578948
1760563630,0,,Aggregated,39.800000,0.000000,1700,1900,1900,2000,2200,2400,2600,2900,3400,4000,4000,2432,0,1700.0,1753.255866164708,572.6996220182627,4020.2549140667543,184.34333881578948
1760563631,0,,Aggregated,39.800000,0.000000,1700,1900,1900,2000,2200,2400,2600,2900,3400,4000,4000,2432,0,1700.0,1753.255866164708,572.6996220182627,4020.2549140667543,184.34333881578948
1760563632,0,,Aggregated,39.800000,0.000000,1700,1900,1900,2000,2200,2400,2600,2900,3400,4000,4000,2432,0,1700.0,1753.255866164708,572.6996220182627,4020.2549140667543,184.34333881578948
1760563633,0,,Aggregated,39.800000,0.000000,1700,1900,1900,2000,2200,2400,2600,2900,3400,4000,4000,2432,0,1700.0,1753.255866164708,572.6996220182627,4020.2549140667543,184.34333881578948
1760563634,0,,Aggregated,39.800000,0.000000,1700,1900,1900,2000,2200,2400,2600,2900,3400,4000,4000,2432,0,1700.0,1753.255866164708,572.6996220182627,4020.2549140667543,184.34333881578948
1760563635,0,,Aggregated,39.800000,0.000000,1700,1900,1900,2000,2200,2400,2600,2900,3400,4000,4000,2432,0,1700.0,1753.255866164708,572.6996220182627,4020.2549140667543,184.34333881578948
1760563636,0,,Aggregated,39.800000,0.000000,1700,1900,1900,2000,2200,2400,2600,2900,3400,4000,4000,2432,0,1700.0,1753.255866164708,572.6996220182627,4020.2549140667543,184.34333881578948
1760563637,0,,Aggregated,39.800000,0.000000,1700,1900,1900,2000,2200,2400,2600,2900,3400,4000,4000,2432,0,1700.0,1753.255866164708,572.6996220182627,4020.2549140667543,184.34333881578948
1760563638,0,,Aggregated,39.800000,0.000000,1700,1900,1900,2000,2200,2400,2600,2900,3400,4000,4000,2432,0,1700.0,1753.255866164708,572.6996220182627,4020.2549140667543,184.34333881578948
1760563639,0,,Aggregated,39.800000,0.000000,1700,1900,1900,2000,2200,2400,2600,2900,3400,4000,4000,2432,0,1700.0,1753.255866164708,572.6996220182627,4020.2549140667543,184.34333881578948
1760563640,0,,Aggregated,39.800000,0.000000,1700,1900,1900,2000,2200,2400,2600,2900,3400,4000,4000,2432,0,1700.0,1753.255866164708,572.6996220182627,4020.2549140667543,184.34333881578948
1760563641,0,,Aggregated,39.800000,0.000000,1700,1900,1900,2000,2200,2400,2600,2900,3400,4000,4000,2432,0,1700.0,1753.255866164708,572.6996220182627,4020.2549140667543,184.34333881578948
1760563642,0,,Aggregated,39.800000,0.000000,1700,1900,1900,2000,2200,2400,2600,2900,3400,4000,4000,2432,0,1700.0,1753.255866164708,572.6996220182627,4020.2549140667543,184.34333881578948
1760563643,0,,Aggregated,39.800000,0.000000,1700,1900,1900,2000,2200,2400,2600,2900,3400,4000,4000,2432,0,1700.0,1753.255866164708,572.6996220182627,4020.2549140667543,184.34333881578948
1760563644,0,,Aggregated,39.800000,0.000000,1700,1900,1900,2000,2200,2400,2600,2900,3400,4000,4000,2432,0,1700.0,1753.255866164708,572.6996220182627,4020.2549140667543,184.34333881578948
1760563645,0,,Aggregated,39.800000,0.000000,1700,1900,1900,2000,2200,2400,2600,2900,3400,4000,4000,2432,0,1700.0,1753.255866164708,572.6996220182627,4020.2549140667543,184.34333881578948
1760563646,0,,Aggregated,39.800000,0.000000,1700,1900,1900,2000,2200,2400,2600,2900,3400,4000,4000,2432,0,1700.0,1753.255866164708,572.6996220182627,4020.2549140667543,184.34333881578948
1760563647,0,,Aggregated,39.800000,0.000000,1700,1900,1900,2000,2200,2400,2600,2900,3400,4000,4000,2432,0,1700.0,1753.255866164708,572.6996220182627,4020.2549140667543,184.34333881578948
1760563648,0,,Aggregated,39.800000,0.000000,1700,1900,1900,2000,2200,2400,2600,2900,3400,4000,4000,2432,0,1700.0,1753.255866164708,572.6996220182627,4020.2549140667543,184.34333881578948
1760563649,0,,Aggregated,39.800000,0.000000,1700,1900,1900,2000,2200,2400,2600,2900,3400,4000,4000,2432,0,1700.0,1753.255866164708,572.6996220182627,4020.2549140667543,184.34333881578948
1760563650,0,,Aggregated,39.800000,0.000000,1700,1900,1900,2000,2200,2400,2600,2900,3400,4000,4000,2432,0,1700.0,1753.255866164708,572.6996220182627,4020.2549140667543,184.34333881578948
1760563651,0,,Aggregated,39.800000,0.000000,1700,1900,1900,2000,2200,2400,2600,2900,3400,4000,4000,2432,0,1700.0,1753.255866164708,572.6996220182627,4020.2549140667543,184.34333881578948
1760563652,0,,Aggregated,39.800000,0.000000,1700,1900,1900,2000,2200,2400,2600,2900,3400,4000,4000,2432,0,1700.0,1753.255866164708,572.6996220182627,4020.2549140667543,184.34333881578948
1760563653,0,,Aggregated,39.800000,0.000000,1700,1900,1900,2000,2200,2400,2600,2900,3400,4000,4000,2432,0,1700.0,1753.255866164708,572.6996220182627,4020.2549140667543,184.34333881578948
1760563654,0,,Aggregated,39.800000,0.000000,1700,1900,1900,2000,2200,2400,2600,2900,3400,4000,4000,2432,0,1700.0,1753.255866164708,572.6996220182627,4020.2549140667543,184.34333881578948
1760563655,0,,Aggregated,39.800000,0.000000,1700,1900,1900,2000,2200,2400,2600,2900,3400,4000,4000,2432,0,1700.0,1753.255866164708,572.6996220182627,4020.2549140667543,184.34333881578948
1760563656,0,,Aggregated,39.800000,0.000000,1700,1900,1900,2000,2200,2400,2600,2900,3400,4000,4000,2432,0,1700.0,1753.255866164708,572.6996220182627,4020.2549140667543,184.34333881578948
1760563657,0,,Aggregated,39.800000,0.000000,1700,1900,1900,2000,2200,2400,2600,2900,3400,4000,4000,2432,0,1700.0,1753.255866164708,572.6996220182627,4020.2549140667543,184.34333881578948
1760563658,0,,Aggregated,39.800000,0.000000,1700,1900,1900,2000,2200,2400,2600,2900,3400,4000,4000,2432,0,1700.0,1753.255866164708,572.6996220182627,4020.2549140667543,184.34333881578948
1760563659,0,,Aggregated,39.800000,0.000000,1700,1900,1900,2000,2200,2400,2600,2900,3400,4000,4000,2432,0,1700.0,1753.255866164708,572.6996220182627,4020.2549140667543,184.34333881578948
1760563660,0,,Aggregated,39.800000,0.000000,1700,1900,1900,2000,2200,2400,2600,2900,3400,4000,4000,2432,0,1700.0,1753.255866164708,572.6996220182627,4020.2549140667543,184.34333881578948
1760563661,0,,Aggregated,39.800000,0.000000,1700,1900,1900,2000,2200,2400,2600,2900,3400,4000,4000,2432,0,1700.0,1753.255866164708,572.6996220182627,4020.2549140667543,184.34333881578948
1760563662,0,,Aggregated,39.800000,0.000000,1700,1900,1900,2000,2200,2400,2600,2900,3400,4000,4000,2432,0,1700.0,1753.255866164708,572.6996220182627,4020.2549140667543,184.34333881578948
1760563663,0,,Aggregated,39.800000,0.000000,1700,1900,1900,2000,2200,2400,2600,2900,3400,4000,4000,2432,0,1700.0,1753.255866164708,572.6996220182627,4020.2549140667543,184.34333881578948
1760563664,0,,Aggregated,39.800000,0.000000,1700,1900,1900,2000,2200,2400,2600,2900,3400,4000,4000,2432,0,1700.0,1753.255866164708,572.6996220182627,4020.2549140667543,184.34333881578948
1760563665,0,,Aggregated,39.800000,0.000000,1700,1900,1900,2000,2200,2400,2600,2900,3400,4000,4000,2432,0,1700.0,1753.255866164708,572.6996220182627,4020.2549140667543,184.34333881578948
1760563666,0,,Aggregated,39.800000,0.000000,1700,1900,1900,2000,2200,2400,2600,2900,3400,4000,4000,2432,0,1700.0,1753.255866164708,572.6996220182627,4020.2549140667543,184.34333881578948
1760563667,0,,Aggregated,39.800000,0.000000,1700,1900,1900,2000,2200,2400,2600,2900,3400,4000,4000,2432,0,1700.0,1753.255866164708,572.6996220182627,4020.2549140667543,184.34333881578948
1760563668,0,,Aggregated,39.800000,0.000000,1700,1900,1900,2000,2200,2400,2600,2900,3400,4000,4000,2432,0,1700.0,1753.255866164708,572.6996220182627,4020.2549140667543,184.34333881578948
1760563669,0,,Aggregated,39.800000,0.000000,1700,1900,1900,2000,2200,2400,2600,2900,3400,4000,4000,2432,0,1700.0,1753.255866164708,572.6996220182627,4020.2549140667543,184.34333881578948
1760563670,0,,Aggregated,39.800000,0.000000,1700,1900,1900,2000,2200,2400,2600,2900,3400,4000,4000,2432,0,1700.0,1753.255866164708,572.6996220182627,4020.2549140667543,184.34333881578948
1760563671,0,,Aggregated,39.800000,0.000000,1700,1900,1900,2000,2200,2400,2600,2900,3400,4000,4000,2432,0,1700.0,1753.255866164708,572.6996220182627,4020.2549140667543,184.34333881578948
1760563672,0,,Aggregated,39.800000,0.000000,1700,1900,1900,2000,2200,2400,2600,2900,3400,4000,4000,2432,0,1700.0,1753.255866164708,572.6996220182627,4020.2549140667543,184.34333881578948
1760563673,0,,Aggregated,39.800000,0.000000,1700,1900,1900,2000,2200,2400,2600,2900,3400,4000,4000,2432,0,1700.0,1753.255866164708,572.6996220182627,4020.2549140667543,184.34333881578948
1760563674,0,,Aggregated,39.800000,0.000000,1700,1900,1900,2000,2200,2400,2600,2900,3400,4000,4000,2432,0,1700.0,1753.255866164708,572.6996220182627,4020.2549140667543,184.34333881578948
1760563675,0,,Aggregated,39.800000,0.000000,1700,1900,1900,2000,2200,2400,2600,2900,3400,4000,4000,2432,0,1700.0,1753.255866164708,572.6996220182627,4020.2549140667543,184.34333881578948
1760563676,0,,Aggregated,39.800000,0.000000,1700,1900,1900,2000,2200,2400,2600,2900,3400,4000,4000,2432,0,1700.0,1753.255866164708,572.6996220182627,4020.2549140667543,184.34333881578948
1760563677,0,,Aggregated,39.800000,0.000000,1700,1900,1900,2000,2200,2400,2600,2900,3400,4000,4000,2432,0,1700.0,1753.255866164708,572.6996220182627,4020.2549140667543,184.34333881578948
1760563678,0,,Aggregated,39.800000,0.000000,1700,1900,1900,2000,2200,2400,2600,2900,3400,4000,4000,2432,0,1700.0,1753.255866164708,572.6996220182627,4020.2549140667543,184.34333881578948
1760563679,0,,Aggregated,39.800000,0.000000,1700,1900,1900,2000,2200,2400,2600,2900,3400,4000,4000,2432,0,1700.0,1753.255866164708,572.6996220182627,4020.2549140667543,184.34333881578948
1760563680,0,,Aggregated,39.800000,0.000000,1700,1900,1900,2000,2200,2400,2600,2900,3400,4000,4000,2432,0,1700.0,1753.255866164708,572.6996220182627,4020.2549140667543,184.34333881578948
1760563681,0,,Aggregated,39.800000,0.000000,1700,1900,1900,2000,2200,2400,2600,2900,3400,4000,4000,2432,0,1700.0,1753.255866164708,572.6996220182627,4020.2549140667543,184.34333881578948
1760563682,0,,Aggregated,39.800000,0.000000,1700,1900,1900,2000,2200,2400,2600,2900,3400,4000,4000,2432,0,1700.0,1753.255866164708,572.6996220182627,4020.2549140667543,184.34333881578948
1760563683,0,,Aggregated,39.800000,0.000000,1700,1900,1900,2000,2200,2400,2600,2900,3400,4000,4000,2432,0,1700.0,1753.255866164708,572.6996220182627,4020.2549140667543,184.34333881578948
1760563684,0,,Aggregated,39.800000,0.000000,1700,1900,1900,2000,2200,2400,2600,2900,3400,4000,4000,2432,0,1700.0,1753.255866164708,572.6996220182627,4020.2549140667543,184.34333881578948
1760563685,0,,Aggregated,39.800000,0.000000,1700,1900,1900,2000,2200,2400,2600,2900,3400,4000,4000,2432,0,1700.0,1753.255866164708,572.6996220182627,4020.2549140667543,184.34333881578948
1760563686,0,,Aggregated,39.800000,0.000000,1700,1900,1900,2000,2200,2400,2600,2900,3400,4000,4000,2432,0,1700.0,1753.255866164708,572.6996220182627,4020.2549140667543,184.34333881578948
1760563687,0,,Aggregated,39.800000,0.000000,1700,1900,1900,2000,2200,2400,2600,2900,3400,4000,4000,2432,0,1700.0,1753.255866164708,572.6996220182627,4020.2549140667543,184.34333881578948
1760563688,0,,Aggregated,39.800000,0.000000,1700,1900,1900,2000,2200,2400,2600,2900,3400,4000,4000,2432,0,1700.0,1753.255866164708,572.6996220182627,4020.2549140667543,184.34333881578948
1760563689,0,,Aggregated,39.800000,0.000000,1700,1900,1900,2000,2200,2400,2600,2900,3400,4000,4000,2432,0,1700.0,1753.255866164708,572.6996220182627,4020.2549140667543,184.34333881578948
1760563690,0,,Aggregated,39.800000,0.000000,1700,1900,1900,2000,2200,2400,2600,2900,3400,4000,4000,2432,0,1700.0,1753.255866164708,572.6996220182627,4020.2549140667543,184.34333881578948
1760563691,0,,Aggregated,39.800000,0.000000,1700,1900,1900,2000,2200,2400,2600,2900,3400,4000,4000,2432,0,1700.0,1753.255866164708,572.6996220182627,4020.2549140667543,184.34333881578948
1760563692,0,,Aggregated,39.800000,0.000000,1700,1900,1900,2000,2200,2400,2600,2900,3400,4000,4000,2432,0,1700.0,1753.255866164708,572.6996220182627,4020.2549140667543,184.34333881578948
1760563693,0,,Aggregated,39.800000,0.000000,1700,1900,1900,2000,2200,2400,2600,2900,3400,4000,4000,2432,0,1700.0,1753.255866164708,572.6996220182627,4020.2549140667543,184.34333881578948
1760563694,0,,Aggregated,39.800000,0.000000,1700,1900,1900,2000,2200,2400,2600,2900,3400,4000,4000,2432,0,1700.0,1753.255866164708,572.6996220182627,4020.2549140667543,184.34333881578948
1760563695,0,,Aggregated,39.800000,0.000000,1700,1900,1900,2000,2200,2400,2600,2900,3400,4000,4000,2432,0,1700.0,1753.255866164708,572.6996220182627,4020.2549140667543,184.34333881578948
1760563696,0,,Aggregated,39.800000,0.000000,1700,1900,1900,2000,2200,2400,2600,2900,3400,4000,4000,2432,0,1700.0,1753.255866164708,572.6996220182627,4020.2549140667543,184.34333881578948
1760563697,0,,Aggregated,39.800000,0.000000,1700,1900,1900,2000,2200,2400,2600,2900,3400,4000,4000,2432,0,1700.0,1753.255866164708,572.6996220182627,4020.2549140667543,184.34333881578948
1760563698,0,,Aggregated,39.800000,0.000000,1700,1900,1900,2000,2200,2400,2600,2900,3400,4000,4000,2432,0,1700.0,1753.255866164708,572.6996220182627,4020.2549140667543,184.34333881578948
1760563699,0,,Aggregated,39.800000,0.000000,1700,1900,1900,2000,2200,2400,2600,2900,3400,4000,4000,2432,0,1700.0,1753.255866164708,572.6996220182627,4020.2549140667543,184.34333881578948
1760563700,0,,Aggregated,39.800000,0.000000,1700,1900,1900,2000,2200,2400,2600,2900,3400,4000,4000,2432,0,1700.0,1753.255866164708,572.6996220182627,4020.2549140667543,184.34333881578948
1760563701,0,,Aggregated,39.800000,0.000000,1700,1900,1900,2000,2200,2400,2600,2900,3400,4000,4000,2432,0,1700.0,1753.255866164708,572.6996220182627,4020.2549140667543,184.34333881578948
1760563702,0,,Aggregated,39.800000,0.000000,1700,1900,1900,2000,2200,2400,2600,2900,3400,4000,4000,2432,0,1700.0,1753.255866164708,572.6996220182627,4020.2549140667543,184.34333881578948
1760563703,0,,Aggregated,39.800000,0.000000,1700,1900,1900,2000,2200,2400,2600,2900,3400,4000,4000,2432,0,1700.0,1753.255866164708,572.6996220182627,4020.2549140667543,184.34333881578948
1760563704,0,,Aggregated,39.800000,0.000000,1700,1900,1900,2000,2200,2400,2600,2900,3400,4000,4000,2432,0,1700.0,1753.255866164708,572.6996220182627,4020.2549140667543,184.34333881578948
1760563705,0,,Aggregated,39.800000,0.000000,1700,1900,1900,2000,2200,2400,2600,2900,3400,4000,4000,2432,0,1700.0,1753.255866164708,572.6996220182627,4020.2549140667543,184.34333881578948
1760563706,0,,Aggregated,39.800000,0.000000,1700,1900,1900,2000,2200,2400,2600,2900,3400,4000,4000,2432,0,1700.0,1753.255866164708,572.6996220182627,4020.2549140667543,184.34333881578948
1760563707,0,,Aggregated,39.800000,0.000000,1700,1900,1900,2000,2200,2400,2600,2900,3400,4000,4000,2432,0,1700.0,1753.255866164708,572.6996220182627,4020.2549140667543,184.34333881578948
1760563708,0,,Aggregated,39.800000,0.000000,1700,1900,1900,2000,2200,2400,2600,2900,3400,4000,4000,2432,0,1700.0,1753.255866164708,572.6996220182627,4020.2549140667543,184.34333881578948
1760563709,0,,Aggregated,39.800000,0.000000,1700,1900,1900,2000,2200,2400,2600,2900,3400,4000,4000,2432,0,1700.0,1753.255866164708,572.6996220182627,4020.2549140667543,184.34333881578948
1760563710,0,,Aggregated,39.800000,0.000000,1700,1900,1900,2000,2200,2400,2600,2900,3400,4000,4000,2432,0,1700.0,1753.255866164708,572.6996220182627,4020.2549140667543,184.34333881578948
1760563711,0,,Aggregated,39.800000,0.000000,1700,1900,1900,2000,2200,2400,2600,2900,3400,4000,4000,2432,0,1700.0,1753.255866164708,572.6996220182627,4020.2549140667543,184.34333881578948
1760563712,0,,Aggregated,39.800000,0.000000,1700,1900,1900,2000,2200,2400,2600,2900,3400,4000,4000,2432,0,1700.0,1753.255866164708,572.6996220182627,4020.2549140667543,184.34333881578948
1760563713,0,,Aggregated,39.800000,0.000000,1700,1900,1900,2000,2200,2400,2600,2900,3400,4000,4000,2432,0,1700.0,1753.255866164708,572.6996220182627,4020.2549140667543,184.34333881578948
1760563714,0,,Aggregated,39.800000,0.000000,1700,1900,1900,2000,2200,2400,2600,2900,3400,4000,4000,2432,0,1700.0,1753.255866164708,572.6996220182627,4020.2549140667543,184.34333881578948
1760563715,0,,Aggregated,39.800000,0.000000,1700,1900,1900,2000,2200,2400,2600,2900,3400,4000,4000,2432,0,1700.0,1753.255866164708,572.6996220182627,4020.2549140667543,184.34333881578948
1760563716,0,,Aggregated,39.800000,0.000000,1700,1900,1900,2000,2200,2400,2600,2900,3400,4000,4000,2432,0,1700.0,1753.255866164708,572.6996220182627,4020.2549140667543,184.34333881578948
1760563717,0,,Aggregated,39.800000,0.000000,1700,1900,1900,2000,2200,2400,2600,2900,3400,4000,4000,2432,0,1700.0,1753.255866164708,572.6996220182627,4020.2549140667543,184.34333881578948
1760563718,0,,Aggregated,39.800000,0.000000,1700,1900,1900,2000,2200,2400,2600,2900,3400,4000,4000,2432,0,1700.0,1753.255866164708,572.6996220182627,4020.2549140667543,184.34333881578948
1760563719,0,,Aggregated,39.800000,0.000000,1700,1900,1900,2000,2200,2400,2600,2900,3400,4000,4000,2432,0,1700.0,1753.255866164708,572.6996220182627,4020.2549140667543,184.34333881578948
1760563720,0,,Aggregated,39.800000,0.000000,1700,1900,1900,2000,2200,2400,2600,2900,3400,4000,4000,2432,0,1700.0,1753.255866164708,572.6996220182627,4020.2549140667543,184.34333881578948
1760563721,0,,Aggregated,39.800000,0.000000,1700,1900,1900,2000,2200,2400,2600,2900,3400,4000,4000,2432,0,1700.0,1753.255866164708,572.6996220182627,4020.2549140667543,184.34333881578948
1760563722,0,,Aggregated,39.800000,0.000000,1700,1900,1900,2000,2200,2400,2600,2900,3400,4000,4000,2432,0,1700.0,1753.255866164708,572.6996220182627,4020.2549140667543,184.34333881578948
1760563723,0,,Aggregated,39.800000,0.000000,1700,1900,1900,2000,2200,2400,2600,2900,3400,4000,4000,2432,0,1700.0,1753.255866164708,572.6996220182627,4020.2549140667543,184.34333881578948
1760563724,0,,Aggregated,39.800000,0.000000,1700,1900,1900,2000,2200,2400,2600,2900,3400,4000,4000,2432,0,1700.0,1753.255866164708,572.6996220182627,4020.2549140667543,184.34333881578948
1760563725,0,,Aggregated,39.800000,0.000000,1700,1900,1900,2000,2200,2400,2600,2900,3400,4000,4000,2432,0,1700.0,1753.255866164708,572.6996220182627,4020.2549140667543,184.34333881578948
1760563726,0,,Aggregated,39.800000,0.000000,1700,1900,1900,2000,2200,2400,2600,2900,3400,4000,4000,2432,0,1700.0,1753.255866164708,572.6996220182627,4020.2549140667543,184.34333881578948
1760563727,0,,Aggregated,39.800000,0.000000,1700,1900,1900,2000,2200,2400,2600,2900,3400,4000,4000,2432,0,1700.0,1753.255866164708,572.6996220182627,4020.2549140667543,184.34333881578948
1760563728,0,,Aggregated,39.800000,0.000000,1700,1900,1900,2000,2200,2400,2600,2900,3400,4000,4000,2432,0,1700.0,1753.255866164708,572.6996220182627,4020.2549140667543,184.34333881578948
1760563729,0,,Aggregated,39.800000,0.000000,1700,1900,1900,2000,2200,2400,2600,2900,3400,4000,4000,2432,0,1700.0,1753.255866164708,572.6996220182627,4020.2549140667543,184.34333881578948
1760563730,0,,Aggregated,39.800000,0.000000,1700,1900,1900,2000,2200,2400,2600,2900,3400,4000,4000,2432,0,1700.0,1753.255866164708,572.6996220182627,4020.2549140667543,184.34333881578948
1760563731,0,,Aggregated,39.800000,0.000000,1700,1900,1900,2000,2200,2400,2600,2900,3400,4000,4000,2432,0,1700.0,1753.255866164708,572.6996220182627,4020.2549140667543,184.34333881578948
1760563732,0,,Aggregated,39.800000,0.000000,1700,1900,1900,2000,2200,2400,2600,2900,3400,4000,4000,2432,0,1700.0,1753.255866164708,572.6996220182627,4020.2549140667543,184.34333881578948
1760563733,0,,Aggregated,39.800000,0.000000,1700,1900,1900,2000,2200,2400,2600,2900,3400,4000,4000,2432,0,1700.0,1753.255866164708,572.6996220182627,4020.2549140667543,184.34333881578948
1760563734,0,,Aggregated,39.800000,0.000000,1700,1900,1900,2000,2200,2400,2600,2900,3400,4000,4000,2432,0,1700.0,1753.255866164708,572.6996220182627,4020.2549140667543,184.34333881578948
1760563735,0,,Aggregated,39.800000,0.000000,1700,1900,1900,2000,2200,2400,2600,2900,3400,4000,4000,2432,0,1700.0,1753.255866164708,572.6996220182627,4020.2549140667543,184.34333881578948
1760563736,0,,Aggregated,39.800000,0.000000,1700,1900,1900,2000,2200,2400,2600,2900,3400,4000,4000,2432,0,1700.0,1753.255866164708,572.6996220182627,4020.2549140667543,184.34333881578948
1760563737,0,,Aggregated,39.800000,0.000000,1700,1900,1900,2000,2200,2400,2600,2900,3400,4000,4000,2432,0,1700.0,1753.255866164708,572.6996220182627,4020.2549140667543,184.34333881578948
1760563738,0,,Aggregated,39.800000,0.000000,1700,1900,1900,2000,2200,2400,2600,2900,3400,4000,4000,2432,0,1700.0,1753.255866164708,572.6996220182627,4020.2549140667543,184.34333881578948
1760563739,0,,Aggregated,39.800000,0.000000,1700,1900,1900,2000,2200,2400,2600,2900,3400,4000,4000,2432,0,1700.0,1753.255866164708,572.6996220182627,4020.2549140667543,184.34333881578948
1760563740,0,,Aggregated,39.800000,0.000000,1700,1900,1900,2000,2200,2400,2600,2900,3400,4000,4000,2432,0,1700.0,1753.255866164708,572.6996220182627,4020.2549140667543,184.34333881578948
1760563741,0,,Aggregated,39.800000,0.000000,1700,1900,1900,2000,2200,2400,2600,2900,3400,4000,4000,2432,0,1700.0,1753.255866164708,572.6996220182627,4020.2549140667543,184.34333881578948
1760563742,0,,Aggregated,39.800000,0.000000,1700,1900,1900,2000,2200,2400,2600,2900,3400,4000,4000,2432,0,1700.0,1753.255866164708,572.6996220182627,4020.2549140667543,184.34333881578948
1760563743,0,,Aggregated,39.800000,0.000000,1700,1900,1900,2000,2200,2400,2600,2900,3400,4000,4000,2432,0,1700.0,1753.255866164708,572.6996220182627,4020.2549140667543,184.34333881578948
1760563744,0,,Aggregated,39.800000,0.000000,1700,1900,1900,2000,2200,2400,2600,2900,3400,4000,4000,2432,0,1700.0,1753.255866164708,572.6996220182627,4020.2549140667543,184.34333881578948
1760563745,0,,Aggregated,39.800000,0.000000,1700,1900,1900,2000,2200,2400,2600,2900,3400,4000,4000,2432,0,1700.0,1753.255866164708,572.6996220182627,4020.2549140667543,184.34333881578948
1760563746,0,,Aggregated,39.800000,0.000000,1700,1900,1900,2000,2200,2400,2600,2900,3400,4000,4000,2432,0,1700.0,1753.255866164708,572.6996220182627,4020.2549140667543,184.34333881578948
1760563747,0,,Aggregated,39.800000,0.000000,1700,1900,1900,2000,2200,2400,2600,2900,3400,4000,4000,2432,0,1700.0,1753.255866164708,572.6996220182627,4020.2549140667543,184.34333881578948
1760563748,0,,Aggregated,39.800000,0.000000,1700,1900,1900,2000,2200,2400,2600,2900,3400,4000,4000,2432,0,1700.0,1753.255866164708,572.6996220182627,4020.2549140667543,184.34333881578948
1760563749,0,,Aggregated,39.800000,0.000000,1700,1900,1900,2000,2200,2400,2600,2900,3400,4000,4000,2432,0,1700.0,1753.255866164708,572.6996220182627,4020.2549140667543,184.34333881578948
1760563750,0,,Aggregated,39.800000,0.000000,1700,1900,1900,2000,2200,2400,2600,2900,3400,4000,4000,2432,0,1700.0,1753.255866164708,572.6996220182627,4020.2549140667543,184.34333881578948
1760563751,0,,Aggregated,39.800000,0.000000,1700,1900,1900,2000,2200,2400,2600,2900,3400,4000,4000,2432,0,1700.0,1753.255866164708,572.6996220182627,4020.2549140667543,184.34333881578948
1760563752,0,,Aggregated,39.800000,0.000000,1700,1900,1900,2000,2200,2400,2600,2900,3400,4000,4000,2432,0,1700.0,1753.255866164708,572.6996220182627,4020.2549140667543,184.34333881578948
1760563753,0,,Aggregated,39.800000,0.000000,1700,1900,1900,2000,2200,2400,2600,2900,3400,4000,4000,2432,0,1700.0,1753.255866164708,572.6996220182627,4020.2549140667543,184.34333881578948
1760563754,0,,Aggregated,39.800000,0.000000,1700,1900,1900,2000,2200,2400,2600,2900,3400,4000,4000,2432,0,1700.0,1753.255866164708,572.6996220182627,4020.2549140667543,184.34333881578948
1760563755,0,,Aggregated,39.800000,0.000000,1700,1900,1900,2000,2200,2400,2600,2900,3400,4000,4000,2432,0,1700.0,1753.255866164708,572.6996220182627,4020.2549140667543,184.34333881578948
1760563756,0,,Aggregated,39.800000,0.000000,1700,1900,1900,2000,2200,2400,2600,2900,3400,4000,4000,2432,0,1700.0,1753.255866164708,572.6996220182627,4020.2549140667543,184.34333881578948
1760563757,0,,Aggregated,39.800000,0.000000,1700,1900,1900,2000,2200,2400,2600,2900,3400,4000,4000,2432,0,1700.0,1753.255866164708,572.6996220182627,4020.2549140667543,184.34333881578948
1760563758,0,,Aggregated,39.800000,0.000000,1700,1900,1900,2000,2200,2400,2600,2900,3400,4000,4000,2432,0,1700.0,1753.255866164708,572.6996220182627,4020.2549140667543,184.34333881578948
1760563759,0,,Aggregated,39.800000,0.000000,1700,1900,1900,2000,2200,2400,2600,2900,3400,4000,4000,2432,0,1700.0,1753.255866164708,572.6996220182627,4020.2549140667543,184.34333881578948
1760563760,0,,Aggregated,39.800000,0.000000,1700,1900,1900,2000,2200,2400,2600,2900,3400,4000,4000,2432,0,1700.0,1753.255866164708,572.6996220182627,4020.2549140667543,184.34333881578948
1760563761,0,,Aggregated,39.800000,0.000000,1700,1900,1900,2000,2200,2400,2600,2900,3400,4000,4000,2432,0,1700.0,1753.255866164708,572.6996220182627,4020.2549140667543,184.34333881578948
1760563762,0,,Aggregated,39.800000,0.000000,1700,1900,1900,2000,2200,2400,2600,2900,3400,4000,4000,2432,0,1700.0,1753.255866164708,572.6996220182627,4020.2549140667543,184.34333881578948
1760563763,0,,Aggregated,39.800000,0.000000,1700,1900,1900,2000,2200,2400,2600,2900,3400,4000,4000,2432,0,1700.0,1753.255866164708,572.6996220182627,4020.2549140667543,184.34333881578948
1760563764,0,,Aggregated,39.800000,0.000000,1700,1900,1900,2000,2200,2400,2600,2900,3400,4000,4000,2432,0,1700.0,1753.255866164708,572.6996220182627,4020.2549140667543,184.34333881578948
1760563765,0,,Aggregated,39.800000,0.000000,1700,1900,1900,2000,2200,2400,2600,2900,3400,4000,4000,2432,0,1700.0,1753.255866164708,572.6996220182627,4020.2549140667543,184.34333881578948
1760563766,0,,Aggregated,39.800000,0.000000,1700,1900,1900,2000,2200,2400,2600,2900,3400,4000,4000,2432,0,1700.0,1753.255866164708,572.6996220182627,4020.2549140667543,184.34333881578948
1760563767,0,,Aggregated,39.800000,0.000000,1700,1900,1900,2000,2200,2400,2600,2900,3400,4000,4000,2432,0,1700.0,1753.255866164708,572.6996220182627,4020.2549140667543,184.34333881578948
1760563768,0,,Aggregated,39.800000,0.000000,1700,1900,1900,2000,2200,2400,2600,2900,3400,4000,4000,2432,0,1700.0,1753.255866164708,572.6996220182627,4020.2549140667543,184.34333881578948
1760563769,0,,Aggregated,39.800000,0.000000,1700,1900,1900,2000,2200,2400,2600,2900,3400,4000,4000,2432,0,1700.0,1753.255866164708,572.6996220182627,4020.2549140667543,184.34333881578948
1760563770,0,,Aggregated,39.800000,0.000000,1700,1900,1900,2000,2200,2400,2600,2900,3400,4000,4000,2432,0,1700.0,1753.255866164708,572.6996220182627,4020.2549140667543,184.34333881578948
1760563771,0,,Aggregated,39.800000,0.000000,1700,1900,1900,2000,2200,2400,2600,2900,3400,4000,4000,2432,0,1700.0,1753.255866164708,572.6996220182627,4020.2549140667543,184.34333881578948
1760563772,0,,Aggregated,39.800000,0.000000,1700,1900,1900,2000,2200,2400,2600,2900,3400,4000,4000,2432,0,1700.0,1753.255866164708,572.6996220182627,4020.2549140667543,184.34333881578948
1760563773,0,,Aggregated,39.800000,0.000000,1700,1900,1900,2000,2200,2400,2600,2900,3400,4000,4000,2432,0,1700.0,1753.255866164708,572.6996220182627,4020.2549140667543,184.34333881578948
1760563774,0,,Aggregated,39.800000,0.000000,1700,1900,1900,2000,2200,2400,2600,2900,3400,4000,4000,2432,0,1700.0,1753.255866164708,572.6996220182627,4020.2549140667543,184.34333881578948
1760563775,0,,Aggregated,39.800000,0.000000,1700,1900,1900,2000,2200,2400,2600,2900,3400,4000,4000,2432,0,1700.0,1753.255866164708,572.6996220182627,4020.2549140667543,184.34333881578948
1760563776,0,,Aggregated,39.800000,0.000000,1700,1900,1900,2000,2200,2400,2600,2900,3400,4000,4000,2432,0,1700.0,1753.255866164708,572.6996220182627,4020.2549140667543,184.34333881578948
1760563777,0,,Aggregated,39.800000,0.000000,1700,1900,1900,2000,2200,2400,2600,2900,3400,4000,4000,2432,0,1700.0,1753.255866164708,572.6996220182627,4020.2549140667543,184.34333881578948
1760563778,0,,Aggregated,39.800000,0.000000,1700,1900,1900,2000,2200,2400,2600,2900,3400,4000,4000,2432,0,1700.0,1753.255866164708,572.6996220182627,4020.2549140667543,184.34333881578948
1760563779,0,,Aggregated,39.800000,0.000000,1700,1900,1900,2000,2200,2400,2600,2900,3400,4000,4000,2432,0,1700.0,1753.255866164708,572.6996220182627,4020.2549140667543,184.34333881578948
1760563780,0,,Aggregated,39.800000,0.000000,1700,1900,1900,2000,2200,2400,2600,2900,3400,4000,4000,2432,0,1700.0,1753.255866164708,572.6996220182627,4020.2549140667543,184.34333881578948
1760563782,0,,Aggregated,39.800000,0.000000,1700,1900,1900,2000,2200,2400,2600,2900,3400,4000,4000,2432,0,1700.0,1753.255866164708,572.6996220182627,4020.2549140667543,184.34333881578948
1760563783,0,,Aggregated,39.800000,0.000000,1700,1900,1900,2000,2200,2400,2600,2900,3400,4000,4000,2432,0,1700.0,1753.255866164708,572.6996220182627,4020.2549140667543,184.34333881578948
1760563784,0,,Aggregated,39.800000,0.000000,1700,1900,1900,2000,2200,2400,2600,2900,3400,4000,4000,2432,0,1700.0,1753.255866164708,572.6996220182627,4020.2549140667543,184.34333881578948
1760563785,0,,Aggregated,39.800000,0.000000,1700,1900,1900,2000,2200,2400,2600,2900,3400,4000,4000,2432,0,1700.0,1753.255866164708,572.6996220182627,4020.2549140667543,184.34333881578948
1760563786,0,,Aggregated,39.800000,0.000000,1700,1900,1900,2000,2200,2400,2600,2900,3400,4000,4000,2432,0,1700.0,1753.255866164708,572.6996220182627,4020.2549140667543,184.34333881578948
1760563787,0,,Aggregated,39.800000,0.000000,1700,1900,1900,2000,2200,2400,2600,2900,3400,4000,4000,2432,0,1700.0,1753.255866164708,572.6996220182627,4020.2549140667543,184.34333881578948
1760563788,0,,Aggregated,39.800000,0.000000,1700,1900,1900,2000,2200,2400,2600,2900,3400,4000,4000,2432,0,1700.0,1753.255866164708,572.6996220182627,4020.2549140667543,184.34333881578948
1760563789,0,,Aggregated,39.800000,0.000000,1700,1900,1900,2000,2200,2400,2600,2900,3400,4000,4000,2432,0,1700.0,1753.255866164708,572.6996220182627,4020.2549140667543,184.34333881578948
1760563790,0,,Aggregated,39.800000,0.000000,1700,1900,1900,2000,2200,2400,2600,2900,3400,4000,4000,2432,0,1700.0,1753.255866164708,572.6996220182627,4020.2549140667543,184.34333881578948
1760563791,0,,Aggregated,39.800000,0.000000,1700,1900,1900,2000,2200,2400,2600,2900,3400,4000,4000,2432,0,1700.0,1753.255866164708,572.6996220182627,4020.2549140667543,184.34333881578948
1760563792,0,,Aggregated,39.800000,0.000000,1700,1900,1900,2000,2200,2400,2600,2900,3400,4000,4000,2432,0,1700.0,1753.255866164708,572.6996220182627,4020.2549140667543,184.34333881578948
1760563793,0,,Aggregated,39.800000,0.000000,1700,1900,1900,2000,2200,2400,2600,2900,3400,4000,4000,2432,0,1700.0,1753.255866164708,572.6996220182627,4020.2549140667543,184.34333881578948
1760563794,0,,Aggregated,39.800000,0.000000,1700,1900,1900,2000,2200,2400,2600,2900,3400,4000,4000,2432,0,1700.0,1753.255866164708,572.6996220182627,4020.2549140667543,184.34333881578948
1760563795,0,,Aggregated,39.800000,0.000000,1700,1900,1900,2000,2200,2400,2600,2900,3400,4000,4000,2432,0,1700.0,1753.255866164708,572.6996220182627,4020.2549140667543,184.34333881578948
1760563796,0,,Aggregated,39.800000,0.000000,1700,1900,1900,2000,2200,2400,2600,2900,3400,4000,4000,2432,0,1700.0,1753.255866164708,572.6996220182627,4020.2549140667543,184.34333881578948
1760563797,0,,Aggregated,39.800000,0.000000,1700,1900,1900,2000,2200,2400,2600,2900,3400,4000,4000,2432,0,1700.0,1753.255866164708,572.6996220182627,4020.2549140667543,184.34333881578948
1760563798,0,,Aggregated,39.800000,0.000000,1700,1900,1900,2000,2200,2400,2600,2900,3400,4000,4000,2432,0,1700.0,1753.255866164708,572.6996220182627,4020.2549140667543,184.34333881578948
1760563799,0,,Aggregated,39.800000,0.000000,1700,1900,1900,2000,2200,2400,2600,2900,3400,4000,4000,2432,0,1700.0,1753.255866164708,572.6996220182627,4020.2549140667543,184.34333881578948
1760563800,0,,Aggregated,39.800000,0.000000,1700,1900,1900,2000,2200,2400,2600,2900,3400,4000,4000,2432,0,1700.0,1753.255866164708,572.6996220182627,4020.2549140667543,184.34333881578948
1760563801,0,,Aggregated,39.800000,0.000000,1700,1900,1900,2000,2200,2400,2600,2900,3400,4000,4000,2432,0,1700.0,1753.255866164708,572.6996220182627,4020.2549140667543,184.34333881578948
1760563802,0,,Aggregated,39.800000,0.000000,1700,1900,1900,2000,2200,2400,2600,2900,3400,4000,4000,2432,0,1700.0,1753.255866164708,572.6996220182627,4020.2549140667543,184.34333881578948
1760563803,0,,Aggregated,39.800000,0.000000,1700,1900,1900,2000,2200,2400,2600,2900,3400,4000,4000,2432,0,1700.0,1753.255866164708,572.6996220182627,4020.2549140667543,184.34333881578948
1760563804,0,,Aggregated,39.800000,0.000000,1700,1900,1900,2000,2200,2400,2600,2900,3400,4000,4000,2432,0,1700.0,1753.255866164708,572.6996220182627,4020.2549140667543,184.34333881578948
1760563805,0,,Aggregated,39.800000,0.000000,1700,1900,1900,2000,2200,2400,2600,2900,3400,4000,4000,2432,0,1700.0,1753.255866164708,572.6996220182627,4020.2549140667543,184.34333881578948
1760563806,0,,Aggregated,39.800000,0.000000,1700,1900,1900,2000,2200,2400,2600,2900,3400,4000,4000,2432,0,1700.0,1753.255866164708,572.6996220182627,4020.2549140667543,184.34333881578948
1760563807,0,,Aggregated,39.800000,0.000000,1700,1900,1900,2000,2200,2400,2600,2900,3400,4000,4000,2432,0,1700.0,1753.255866164708,572.6996220182627,4020.2549140667543,184.34333881578948
1760563808,0,,Aggregated,39.800000,0.000000,1700,1900,1900,2000,2200,2400,2600,2900,3400,4000,4000,2432,0,1700.0,1753.255866164708,572.6996220182627,4020.2549140667543,184.34333881578948
1760563809,0,,Aggregated,39.800000,0.000000,1700,1900,1900,2000,2200,2400,2600,2900,3400,4000,4000,2432,0,1700.0,1753.255866164708,572.6996220182627,4020.2549140667543,184.34333881578948
1760563810,0,,Aggregated,39.800000,0.000000,1700,1900,1900,2000,2200,2400,2600,2900,3400,4000,4000,2432,0,1700.0,1753.255866164708,572.6996220182627,4020.2549140667543,184.34333881578948
1760563811,0,,Aggregated,39.800000,0.000000,1700,1900,1900,2000,2200,2400,2600,2900,3400,4000,4000,2432,0,1700.0,1753.255866164708,572.6996220182627,4020.2549140667543,184.34333881578948
1760563812,0,,Aggregated,39.800000,0.000000,1700,1900,1900,2000,2200,2400,2600,2900,3400,4000,4000,2432,0,1700.0,1753.255866164708,572.6996220182627,4020.2549140667543,184.34333881578948
1760563813,0,,Aggregated,39.800000,0.000000,1700,1900,1900,2000,2200,2400,2600,2900,3400,4000,4000,2432,0,1700.0,1753.255866164708,572.6996220182627,4020.2549140667543,184.34333881578948
1760563814,0,,Aggregated,39.800000,0.000000,1700,1900,1900,2000,2200,2400,2600,2900,3400,4000,4000,2432,0,1700.0,1753.255866164708,572.6996220182627,4020.2549140667543,184.34333881578948
1760563815,0,,Aggregated,39.800000,0.000000,1700,1900,1900,2000,2200,2400,2600,2900,3400,4000,4000,2432,0,1700.0,1753.255866164708,572.6996220182627,4020.2549140667543,184.34333881578948
1760563816,0,,Aggregated,39.800000,0.000000,1700,1900,1900,2000,2200,2400,2600,2900,3400,4000,4000,2432,0,1700.0,1753.255866164708,572.6996220182627,4020.2549140667543,184.34333881578948
1760563817,0,,Aggregated,39.800000,0.000000,1700,1900,1900,2000,2200,2400,2600,2900,3400,4000,4000,2432,0,1700.0,1753.255866164708,572.6996220182627,4020.2549140667543,184.34333881578948
1760563818,0,,Aggregated,39.800000,0.000000,1700,1900,1900,2000,2200,2400,2600,2900,3400,4000,4000,2432,0,1700.0,1753.255866164708,572.6996220182627,4020.2549140667543,184.34333881578948
1760563819,0,,Aggregated,39.800000,0.000000,1700,1900,1900,2000,2200,2400,2600,2900,3400,4000,4000,2432,0,1700.0,1753.255866164708,572.6996220182627,4020.2549140667543,184.34333881578948
1760563820,0,,Aggregated,39.800000,0.000000,1700,1900,1900,2000,2200,2400,2600,2900,3400,4000,4000,2432,0,1700.0,1753.255866164708,572.6996220182627,4020.2549140667543,184.34333881578948
1760563821,0,,Aggregated,39.800000,0.000000,1700,1900,1900,2000,2200,2400,2600,2900,3400,4000,4000,2432,0,1700.0,1753.255866164708,572.6996220182627,4020.2549140667543,184.34333881578948
1760563822,0,,Aggregated,39.800000,0.000000,1700,1900,1900,2000,2200,2400,2600,2900,3400,4000,4000,2432,0,1700.0,1753.255866164708,572.6996220182627,4020.2549140667543,184.34333881578948
1760563823,0,,Aggregated,39.800000,0.000000,1700,1900,1900,2000,2200,2400,2600,2900,3400,4000,4000,2432,0,1700.0,1753.255866164708,572.6996220182627,4020.2549140667543,184.34333881578948
1760563824,0,,Aggregated,39.800000,0.000000,1700,1900,1900,2000,2200,2400,2600,2900,3400,4000,4000,2432,0,1700.0,1753.255866164708,572.6996220182627,4020.2549140667543,184.34333881578948
1760563825,0,,Aggregated,39.800000,0.000000,1700,1900,1900,2000,2200,2400,2600,2900,3400,4000,4000,2432,0,1700.0,1753.255866164708,572.6996220182627,4020.2549140667543,184.34333881578948
1760563826,0,,Aggregated,39.800000,0.000000,1700,1900,1900,2000,2200,2400,2600,2900,3400,4000,4000,2432,0,1700.0,1753.255866164708,572.6996220182627,4020.2549140667543,184.34333881578948
1760563827,0,,Aggregated,39.800000,0.000000,1700,1900,1900,2000,2200,2400,2600,2900,3400,4000,4000,2432,0,1700.0,1753.255866164708,572.6996220182627,4020.2549140667543,184.34333881578948
1760563828,0,,Aggregated,39.800000,0.000000,1700,1900,1900,2000,2200,2400,2600,2900,3400,4000,4000,2432,0,1700.0,1753.255866164708,572.6996220182627,4020.2549140667543,184.34333881578948
1760563829,0,,Aggregated,39.800000,0.000000,1700,1900,1900,2000,2200,2400,2600,2900,3400,4000,4000,2432,0,1700.0,1753.255866164708,572.6996220182627,4020.2549140667543,184.34333881578948
1760563830,0,,Aggregated,39.800000,0.000000,1700,1900,1900,2000,2200,2400,2600,2900,3400,4000,4000,2432,0,1700.0,1753.255866164708,572.6996220182627,4020.2549140667543,184.34333881578948
1760563831,0,,Aggregated,39.800000,0.000000,1700,1900,1900,2000,2200,2400,2600,2900,3400,4000,4000,2432,0,1700.0,1753.255866164708,572.6996220182627,4020.2549140667543,184.34333881578948
1760563832,0,,Aggregated,39.800000,0.000000,1700,1900,1900,2000,2200,2400,2600,2900,3400,4000,4000,2432,0,1700.0,1753.255866164708,572.6996220182627,4020.2549140667543,184.34333881578948
1760563833,0,,Aggregated,39.800000,0.000000,1700,1900,1900,2000,2200,2400,2600,2900,3400,4000,4000,2432,0,1700.0,1753.255866164708,572.6996220182627,4020.2549140667543,184.34333881578948
1760563834,0,,Aggregated,39.800000,0.000000,1700,1900,1900,2000,2200,2400,2600,2900,3400,4000,4000,2432,0,1700.0,1753.255866164708,572.6996220182627,4020.2549140667543,184.34333881578948
1760563835,0,,Aggregated,39.800000,0.000000,1700,1900,1900,2000,2200,2400,2600,2900,3400,4000,4000,2432,0,1700.0,1753.255866164708,572.6996220182627,4020.2549140667543,184.34333881578948
1760563836,0,,Aggregated,39.800000,0.000000,1700,1900,1900,2000,2200,2400,2600,2900,3400,4000,4000,2432,0,1700.0,1753.255866164708,572.6996220182627,4020.2549140667543,184.34333881578948
1760563837,0,,Aggregated,39.800000,0.000000,1700,1900,1900,2000,2200,2400,2600,2900,3400,4000,4000,2432,0,1700.0,1753.255866164708,572.6996220182627,4020.2549140667543,184.34333881578948
1760563838,0,,Aggregated,39.800000,0.000000,1700,1900,1900,2000,2200,2400,2600,2900,3400,4000,4000,2432,0,1700.0,1753.255866164708,572.6996220182627,4020.2549140667543,184.34333881578948
1760563839,0,,Aggregated,39.800000,0.000000,1700,1900,1900,2000,2200,2400,2600,2900,3400,4000,4000,2432,0,1700.0,1753.255866164708,572.6996220182627,4020.2549140667543,184.34333881578948
1760563840,0,,Aggregated,39.800000,0.000000,1700,1900,1900,2000,2200,2400,2600,2900,3400,4000,4000,2432,0,1700.0,1753.255866164708,572.6996220182627,4020.2549140667543,184.34333881578948
1760563841,0,,Aggregated,39.800000,0.000000,1700,1900,1900,2000,2200,2400,2600,2900,3400,4000,4000,2432,0,1700.0,1753.255866164708,572.6996220182627,4020.2549140667543,184.34333881578948
1760563842,0,,Aggregated,39.800000,0.000000,1700,1900,1900,2000,2200,2400,2600,2900,3400,4000,4000,2432,0,1700.0,1753.255866164708,572.6996220182627,4020.2549140667543,184.34333881578948
1760563843,0,,Aggregated,39.800000,0.000000,1700,1900,1900,2000,2200,2400,2600,2900,3400,4000,4000,2432,0,1700.0,1753.255866164708,572.6996220182627,4020.2549140667543,184.34333881578948
1760563844,0,,Aggregated,39.800000,0.000000,1700,1900,1900,2000,2200,2400,2600,2900,3400,4000,4000,2432,0,1700.0,1753.255866164708,572.6996220182627,4020.2549140667543,184.34333881578948
1760563845,0,,Aggregated,39.800000,0.000000,1700,1900,1900,2000,2200,2400,2600,2900,3400,4000,4000,2432,0,1700.0,1753.255866164708,572.6996220182627,4020.2549140667543,184.34333881578948
1760563846,0,,Aggregated,39.800000,0.000000,1700,1900,1900,2000,2200,2400,2600,2900,3400,4000,4000,2432,0,1700.0,1753.255866164708,572.6996220182627,4020.2549140667543,184.34333881578948
1760563847,0,,Aggregated,39.800000,0.000000,1700,1900,1900,2000,2200,2400,2600,2900,3400,4000,4000,2432,0,1700.0,1753.255866164708,572.6996220182627,4020.2549140667543,184.34333881578948
1760563848,0,,Aggregated,39.800000,0.000000,1700,1900,1900,2000,2200,2400,2600,2900,3400,4000,4000,2432,0,1700.0,1753.255866164708,572.6996220182627,4020.2549140667543,184.34333881578948
1760563849,0,,Aggregated,39.800000,0.000000,1700,1900,1900,2000,2200,2400,2600,2900,3400,4000,4000,2432,0,1700.0,1753.255866164708,572.6996220182627,4020.2549140667543,184.34333881578948
1760563850,0,,Aggregated,39.800000,0.000000,1700,1900,1900,2000,2200,2400,2600,2900,3400,4000,4000,2432,0,1700.0,1753.255866164708,572.6996220182627,4020.2549140667543,184.34333881578948
1760563851,0,,Aggregated,39.800000,0.000000,1700,1900,1900,2000,2200,2400,2600,2900,3400,4000,4000,2432,0,1700.0,1753.255866164708,572.6996220182627,4020.2549140667543,184.34333881578948
1760563852,0,,Aggregated,39.800000,0.000000,1700,1900,1900,2000,2200,2400,2600,2900,3400,4000,4000,2432,0,1700.0,1753.255866164708,572.6996220182627,4020.2549140667543,184.34333881578948
1760563853,0,,Aggregated,39.800000,0.000000,1700,1900,1900,2000,2200,2400,2600,2900,3400,4000,4000,2432,0,1700.0,1753.255866164708,572.6996220182627,4020.2549140667543,184.34333881578948
1760563854,0,,Aggregated,39.800000,0.000000,1700,1900,1900,2000,2200,2400,2600,2900,3400,4000,4000,2432,0,1700.0,1753.255866164708,572.6996220182627,4020.2549140667543,184.34333881578948
1760563855,0,,Aggregated,39.800000,0.000000,1700,1900,1900,2000,2200,2400,2600,2900,3400,4000,4000,2432,0,1700.0,1753.255866164708,572.6996220182627,4020.2549140667543,184.34333881578948
1760563856,0,,Aggregated,39.800000,0.000000,1700,1900,1900,2000,2200,2400,2600,2900,3400,4000,4000,2432,0,1700.0,1753.255866164708,572.6996220182627,4020.2549140667543,184.34333881578948
1760563857,0,,Aggregated,39.800000,0.000000,1700,1900,1900,2000,2200,2400,2600,2900,3400,4000,4000,2432,0,1700.0,1753.255866164708,572.6996220182627,4020.2549140667543,184.34333881578948
1760563858,0,,Aggregated,39.800000,0.000000,1700,1900,1900,2000,2200,2400,2600,2900,3400,4000,4000,2432,0,1700.0,1753.255866164708,572.6996220182627,4020.2549140667543,184.34333881578948
1760563859,0,,Aggregated,39.800000,0.000000,1700,1900,1900,2000,2200,2400,2600,2900,3400,4000,4000,2432,0,1700.0,1753.255866164708,572.6996220182627,4020.2549140667543,184.34333881578948
1760563860,0,,Aggregated,39.800000,0.000000,1700,1900,1900,2000,2200,2400,2600,2900,3400,4000,4000,2432,0,1700.0,1753.255866164708,572.6996220182627,4020.2549140667543,184.34333881578948
1760563861,0,,Aggregated,39.800000,0.000000,1700,1900,1900,2000,2200,2400,2600,2900,3400,4000,4000,2432,0,1700.0,1753.255866164708,572.6996220182627,4020.2549140667543,184.34333881578948
1760563862,0,,Aggregated,39.800000,0.000000,1700,1900,1900,2000,2200,2400,2600,2900,3400,4000,4000,2432,0,1700.0,1753.255866164708,572.6996220182627,4020.2549140667543,184.34333881578948
1760563863,0,,Aggregated,39.800000,0.000000,1700,1900,1900,2000,2200,2400,2600,2900,3400,4000,4000,2432,0,1700.0,1753.255866164708,572.6996220182627,4020.2549140667543,184.34333881578948
1760563864,0,,Aggregated,39.800000,0.000000,1700,1900,1900,2000,2200,2400,2600,2900,3400,4000,4000,2432,0,1700.0,1753.255866164708,572.6996220182627,4020.2549140667543,184.34333881578948
1760563865,0,,Aggregated,39.800000,0.000000,1700,1900,1900,2000,2200,2400,2600,2900,3400,4000,4000,2432,0,1700.0,1753.255866164708,572.6996220182627,4020.2549140667543,184.34333881578948
1760563866,0,,Aggregated,39.800000,0.000000,1700,1900,1900,2000,2200,2400,2600,2900,3400,4000,4000,2432,0,1700.0,1753.255866164708,572.6996220182627,4020.2549140667543,184.34333881578948
1760563867,0,,Aggregated,39.800000,0.000000,1700,1900,1900,2000,2200,2400,2600,2900,3400,4000,4000,2432,0,1700.0,1753.255866164708,572.6996220182627,4020.2549140667543,184.34333881578948
1760563868,0,,Aggregated,39.800000,0.000000,1700,1900,1900,2000,2200,2400,2600,2900,3400,4000,4000,2432,0,1700.0,1753.255866164708,572.6996220182627,4020.2549140667543,184.34333881578948
1760563869,0,,Aggregated,39.800000,0.000000,1700,1900,1900,2000,2200,2400,2600,2900,3400,4000,4000,2432,0,1700.0,1753.255866164708,572.6996220182627,4020.2549140667543,184.34333881578948
1760563870,0,,Aggregated,39.800000,0.000000,1700,1900,1900,2000,2200,2400,2600,2900,3400,4000,4000,2432,0,1700.0,1753.255866164708,572.6996220182627,4020.2549140667543,184.34333881578948
1760563871,0,,Aggregated,39.800000,0.000000,1700,1900,1900,2000,2200,2400,2600,2900,3400,4000,4000,2432,0,1700.0,1753.255866164708,572.6996220182627,4020.2549140667543,184.34333881578948
1760563872,0,,Aggregated,39.800000,0.000000,1700,1900,1900,2000,2200,2400,2600,2900,3400,4000,4000,2432,0,1700.0,1753.255866164708,572.6996220182627,4020.2549140667543,184.34333881578948
1760563873,0,,Aggregated,39.800000,0.000000,1700,1900,1900,2000,2200,2400,2600,2900,3400,4000,4000,2432,0,1700.0,1753.255866164708,572.6996220182627,4020.2549140667543,184.34333881578948
1760563874,0,,Aggregated,39.800000,0.000000,1700,1900,1900,2000,2200,2400,2600,2900,3400,4000,4000,2432,0,1700.0,1753.255866164708,572.6996220182627,4020.2549140667543,184.34333881578948
1760563875,0,,Aggregated,39.800000,0.000000,1700,1900,1900,2000,2200,2400,2600,2900,3400,4000,4000,2432,0,1700.0,1753.255866164708,572.6996220182627,4020.2549140667543,184.34333881578948
1760563876,0,,Aggregated,39.800000,0.000000,1700,1900,1900,2000,2200,2400,2600,2900,3400,4000,4000,2432,0,1700.0,1753.255866164708,572.6996220182627,4020.2549140667543,184.34333881578948
1760563877,0,,Aggregated,39.800000,0.000000,1700,1900,1900,2000,2200,2400,2600,2900,3400,4000,4000,2432,0,1700.0,1753.255866164708,572.6996220182627,4020.2549140667543,184.34333881578948
1760563878,0,,Aggregated,39.800000,0.000000,1700,1900,1900,2000,2200,2400,2600,2900,3400,4000,4000,2432,0,1700.0,1753.255866164708,572.6996220182627,4020.2549140667543,184.34333881578948
1760563879,0,,Aggregated,39.800000,0.000000,1700,1900,1900,2000,2200,2400,2600,2900,3400,4000,4000,2432,0,1700.0,1753.255866164708,572.6996220182627,4020.2549140667543,184.34333881578948
1760563880,0,,Aggregated,39.800000,0.000000,1700,1900,1900,2000,2200,2400,2600,2900,3400,4000,4000,2432,0,1700.0,1753.255866164708,572.6996220182627,4020.2549140667543,184.34333881578948
1760563881,0,,Aggregated,39.800000,0.000000,1700,1900,1900,2000,2200,2400,2600,2900,3400,4000,4000,2432,0,1700.0,1753.255866164708,572.6996220182627,4020.2549140667543,184.34333881578948
1760563882,0,,Aggregated,39.800000,0.000000,1700,1900,1900,2000,2200,2400,2600,2900,3400,4000,4000,2432,0,1700.0,1753.255866164708,572.6996220182627,4020.2549140667543,184.34333881578948
1760563883,0,,Aggregated,39.800000,0.000000,1700,1900,1900,2000,2200,2400,2600,2900,3400,4000,4000,2432,0,1700.0,1753.255866164708,572.6996220182627,4020.2549140667543,184.34333881578948
1760563884,0,,Aggregated,39.800000,0.000000,1700,1900,1900,2000,2200,2400,2600,2900,3400,4000,4000,2432,0,1700.0,1753.255866164708,572.6996220182627,4020.2549140667543,184.34333881578948
1760563885,0,,Aggregated,39.800000,0.000000,1700,1900,1900,2000,2200,2400,2600,2900,3400,4000,4000,2432,0,1700.0,1753.255866164708,572.6996220182627,4020.2549140667543,184.34333881578948
1760563886,0,,Aggregated,39.800000,0.000000,1700,1900,1900,2000,2200,2400,2600,2900,3400,4000,4000,2432,0,1700.0,1753.255866164708,572.6996220182627,4020.2549140667543,184.34333881578948
1760563887,0,,Aggregated,39.800000,0.000000,1700,1900,1900,2000,2200,2400,2600,2900,3400,4000,4000,2432,0,1700.0,1753.255866164708,572.6996220182627,4020.2549140667543,184.34333881578948
1760563888,0,,Aggregated,39.800000,0.000000,1700,1900,1900,2000,2200,2400,2600,2900,3400,4000,4000,2432,0,1700.0,1753.255866164708,572.6996220182627,4020.2549140667543,184.34333881578948
1760563889,0,,Aggregated,39.800000,0.000000,1700,1900,1900,2000,2200,2400,2600,2900,3400,4000,4000,2432,0,1700.0,1753.255866164708,572.6996220182627,4020.2549140667543,184.34333881578948
1760563890,0,,Aggregated,39.800000,0.000000,1700,1900,1900,2000,2200,2400,2600,2900,3400,4000,4000,2432,0,1700.0,1753.255866164708,572.6996220182627,4020.2549140667543,184.34333881578948
1760563891,0,,Aggregated,39.800000,0.000000,1700,1900,1900,2000,2200,2400,2600,2900,3400,4000,4000,2432,0,1700.0,1753.255866164708,572.6996220182627,4020.2549140667543,184.34333881578948
1760563892,0,,Aggregated,39.800000,0.000000,1700,1900,1900,2000,2200,2400,2600,2900,3400,4000,4000,2432,0,1700.0,1753.255866164708,572.6996220182627,4020.2549140667543,184.34333881578948
1760563893,0,,Aggregated,39.800000,0.000000,1700,1900,1900,2000,2200,2400,2600,2900,3400,4000,4000,2432,0,1700.0,1753.255866164708,572.6996220182627,4020.2549140667543,184.34333881578948
1760563894,0,,Aggregated,39.800000,0.000000,1700,1900,1900,2000,2200,2400,2600,2900,3400,4000,4000,2432,0,1700.0,1753.255866164708,572.6996220182627,4020.2549140667543,184.34333881578948
1760563895,0,,Aggregated,39.800000,0.000000,1700,1900,1900,2000,2200,2400,2600,2900,3400,4000,4000,2432,0,1700.0,1753.255866164708,572.6996220182627,4020.2549140667543,184.34333881578948
1760563896,0,,Aggregated,39.800000,0.000000,1700,1900,1900,2000,2200,2400,2600,2900,3400,4000,4000,2432,0,1700.0,1753.255866164708,572.6996220182627,4020.2549140667543,184.34333881578948
1760563897,0,,Aggregated,39.800000,0.000000,1700,1900,1900,2000,2200,2400,2600,2900,3400,4000,4000,2432,0,1700.0,1753.255866164708,572.6996220182627,4020.2549140667543,184.34333881578948
1760563898,0,,Aggregated,39.800000,0.000000,1700,1900,1900,2000,2200,2400,2600,2900,3400,4000,4000,2432,0,1700.0,1753.255866164708,572.6996220182627,4020.2549140667543,184.34333881578948
1760563899,0,,Aggregated,39.800000,0.000000,1700,1900,1900,2000,2200,2400,2600,2900,3400,4000,4000,2432,0,1700.0,1753.255866164708,572.6996220182627,4020.2549140667543,184.34333881578948
1760563900,0,,Aggregated,39.800000,0.000000,1700,1900,1900,2000,2200,2400,2600,2900,3400,4000,4000,2432,0,1700.0,1753.255866164708,572.6996220182627,4020.2549140667543,184.34333881578948
1760563901,0,,Aggregated,39.800000,0.000000,1700,1900,1900,2000,2200,2400,2600,2900,3400,4000,4000,2432,0,1700.0,1753.255866164708,572.6996220182627,4020.2549140667543,184.34333881578948
1760563902,0,,Aggregated,39.800000,0.000000,1700,1900,1900,2000,2200,2400,2600,2900,3400,4000,4000,2432,0,1700.0,1753.255866164708,572.6996220182627,4020.2549140667543,184.34333881578948
1760563903,0,,Aggregated,39.800000,0.000000,1700,1900,1900,2000,2200,2400,2600,2900,3400,4000,4000,2432,0,1700.0,1753.255866164708,572.6996220182627,4020.2549140667543,184.34333881578948
1760563904,0,,Aggregated,39.800000,0.000000,1700,1900,1900,2000,2200,2400,2600,2900,3400,4000,4000,2432,0,1700.0,1753.255866164708,572.6996220182627,4020.2549140667543,184.34333881578948
1760563905,0,,Aggregated,39.800000,0.000000,1700,1900,1900,2000,2200,2400,2600,2900,3400,4000,4000,2432,0,1700.0,1753.255866164708,572.6996220182627,4020.2549140667543,184.34333881578948
1760563906,0,,Aggregated,39.800000,0.000000,1700,1900,1900,2000,2200,2400,2600,2900,3400,4000,4000,2432,0,1700.0,1753.255866164708,572.6996220182627,4020.2549140667543,184.34333881578948
1760563907,0,,Aggregated,39.800000,0.000000,1700,1900,1900,2000,2200,2400,2600,2900,3400,4000,4000,2432,0,1700.0,1753.255866164708,572.6996220182627,4020.2549140667543,184.34333881578948
1760563908,0,,Aggregated,39.800000,0.000000,1700,1900,1900,2000,2200,2400,2600,2900,3400,4000,4000,2432,0,1700.0,1753.255866164708,572.6996220182627,4020.2549140667543,184.34333881578948
1760563909,0,,Aggregated,39.800000,0.000000,1700,1900,1900,2000,2200,2400,2600,2900,3400,4000,4000,2432,0,1700.0,1753.255866164708,572.6996220182627,4020.2549140667543,184.34333881578948
1760563910,0,,Aggregated,39.800000,0.000000,1700,1900,1900,2000,2200,2400,2600,2900,3400,4000,4000,2432,0,1700.0,1753.255866164708,572.6996220182627,4020.2549140667543,184.34333881578948
1760563911,0,,Aggregated,39.800000,0.000000,1700,1900,1900,2000,2200,2400,2600,2900,3400,4000,4000,2432,0,1700.0,1753.255866164708,572.6996220182627,4020.2549140667543,184.34333881578948
1760563912,0,,Aggregated,39.800000,0.000000,1700,1900,1900,2000,2200,2400,2600,2900,3400,4000,4000,2432,0,1700.0,1753.255866164708,572.6996220182627,4020.2549140667543,184.34333881578948
1760563913,0,,Aggregated,39.800000,0.000000,1700,1900,1900,2000,2200,2400,2600,2900,3400,4000,4000,2432,0,1700.0,1753.255866164708,572.6996220182627,4020.2549140667543,184.34333881578948
1760563914,0,,Aggregated,39.800000,0.000000,1700,1900,1900,2000,2200,2400,2600,2900,3400,4000,4000,2432,0,1700.0,1753.255866164708,572.6996220182627,4020.2549140667543,184.34333881578948
1760563915,0,,Aggregated,39.800000,0.000000,1700,1900,1900,2000,2200,2400,2600,2900,3400,4000,4000,2432,0,1700.0,1753.255866164708,572.6996220182627,4020.2549140667543,184.34333881578948
1760563916,0,,Aggregated,39.800000,0.000000,1700,1900,1900,2000,2200,2400,2600,2900,3400,4000,4000,2432,0,1700.0,1753.255866164708,572.6996220182627,4020.2549140667543,184.34333881578948
1760563917,0,,Aggregated,39.800000,0.000000,1700,1900,1900,2000,2200,2400,2600,2900,3400,4000,4000,2432,0,1700.0,1753.255866164708,572.6996220182627,4020.2549140667543,184.34333881578948
1760563918,0,,Aggregated,39.800000,0.000000,1700,1900,1900,2000,2200,2400,2600,2900,3400,4000,4000,2432,0,1700.0,1753.255866164708,572.6996220182627,4020.2549140667543,184.34333881578948
1760563919,0,,Aggregated,39.800000,0.000000,1700,1900,1900,2000,2200,2400,2600,2900,3400,4000,4000,2432,0,1700.0,1753.255866164708,572.6996220182627,4020.2549140667543,184.34333881578948
1760563920,0,,Aggregated,39.800000,0.000000,1700,1900,1900,2000,2200,2400,2600,2900,3400,4000,4000,2432,0,1700.0,1753.255866164708,572.6996220182627,4020.2549140667543,184.34333881578948
1760563921,0,,Aggregated,39.800000,0.000000,1700,1900,1900,2000,2200,2400,2600,2900,3400,4000,4000,2432,0,1700.0,1753.255866164708,572.6996220182627,4020.2549140667543,184.34333881578948
1760563922,0,,Aggregated,39.800000,0.000000,1700,1900,1900,2000,2200,2400,2600,2900,3400,4000,4000,2432,0,1700.0,1753.255866164708,572.6996220182627,4020.2549140667543,184.34333881578948
1760563923,0,,Aggregated,39.800000,0.000000,1700,1900,1900,2000,2200,2400,2600,2900,3400,4000,4000,2432,0,1700.0,1753.255866164708,572.6996220182627,4020.2549140667543,184.34333881578948
1760563924,0,,Aggregated,39.800000,0.000000,1700,1900,1900,2000,2200,2400,2600,2900,3400,4000,4000,2432,0,1700.0,1753.255866164708,572.6996220182627,4020.2549140667543,184.34333881578948
1760563925,0,,Aggregated,39.800000,0.000000,1700,1900,1900,2000,2200,2400,2600,2900,3400,4000,4000,2432,0,1700.0,1753.255866164708,572.6996220182627,4020.2549140667543,184.34333881578948
1760563926,0,,Aggregated,39.800000,0.000000,1700,1900,1900,2000,2200,2400,2600,2900,3400,4000,4000,2432,0,1700.0,1753.255866164708,572.6996220182627,4020.2549140667543,184.34333881578948
1760563927,0,,Aggregated,39.800000,0.000000,1700,1900,1900,2000,2200,2400,2600,2900,3400,4000,4000,2432,0,1700.0,1753.255866164708,572.6996220182627,4020.2549140667543,184.34333881578948
1760563928,0,,Aggregated,39.800000,0.000000,1700,1900,1900,2000,2200,2400,2600,2900,3400,4000,4000,2432,0,1700.0,1753.255866164708,572.6996220182627,4020.2549140667543,184.34333881578948
1760563929,0,,Aggregated,39.800000,0.000000,1700,1900,1900,2000,2200,2400,2600,2900,3400,4000,4000,2432,0,1700.0,1753.255866164708,572.6996220182627,4020.2549140667543,184.34333881578948
1760563930,0,,Aggregated,39.800000,0.000000,1700,1900,1900,2000,2200,2400,2600,2900,3400,4000,4000,2432,0,1700.0,1753.255866164708,572.6996220182627,4020.2549140667543,184.34333881578948
1760563931,0,,Aggregated,39.800000,0.000000,1700,1900,1900,2000,2200,2400,2600,2900,3400,4000,4000,2432,0,1700.0,1753.255866164708,572.6996220182627,4020.2549140667543,184.34333881578948
1760563932,0,,Aggregated,39.800000,0.000000,1700,1900,1900,2000,2200,2400,2600,2900,3400,4000,4000,2432,0,1700.0,1753.255866164708,572.6996220182627,4020.2549140667543,184.34333881578948
1760563933,0,,Aggregated,39.800000,0.000000,1700,1900,1900,2000,2200,2400,2600,2900,3400,4000,4000,2432,0,1700.0,1753.255866164708,572.6996220182627,4020.2549140667543,184.34333881578948
1760563934,0,,Aggregated,39.800000,0.000000,1700,1900,1900,2000,2200,2400,2600,2900,3400,4000,4000,2432,0,1700.0,1753.255866164708,572.6996220182627,4020.2549140667543,184.34333881578948
1760563935,0,,Aggregated,39.800000,0.000000,1700,1900,1900,2000,2200,2400,2600,2900,3400,4000,4000,2432,0,1700.0,1753.255866164708,572.6996220182627,4020.2549140667543,184.34333881578948
1760563936,0,,Aggregated,39.800000,0.000000,1700,1900,1900,2000,2200,2400,2600,2900,3400,4000,4000,2432,0,1700.0,1753.255866164708,572.6996220182627,4020.2549140667543,184.34333881578948
1760563937,0,,Aggregated,39.800000,0.000000,1700,1900,1900,2000,2200,2400,2600,2900,3400,4000,4000,2432,0,1700.0,1753.255866164708,572.6996220182627,4020.2549140667543,184.34333881578948
1760563938,0,,Aggregated,39.800000,0.000000,1700,1900,1900,2000,2200,2400,2600,2900,3400,4000,4000,2432,0,1700.0,1753.255866164708,572.6996220182627,4020.2549140667543,184.34333881578948
1760563939,0,,Aggregated,39.800000,0.000000,1700,1900,1900,2000,2200,2400,2600,2900,3400,4000,4000,2432,0,1700.0,1753.255866164708,572.6996220182627,4020.2549140667543,184.34333881578948
1760563940,0,,Aggregated,39.800000,0.000000,1700,1900,1900,2000,2200,2400,2600,2900,3400,4000,4000,2432,0,1700.0,1753.255866164708,572.6996220182627,4020.2549140667543,184.34333881578948
1760563941,0,,Aggregated,39.800000,0.000000,1700,1900,1900,2000,2200,2400,2600,2900,3400,4000,4000,2432,0,1700.0,1753.255866164708,572.6996220182627,4020.2549140667543,184.34333881578948
1760563942,0,,Aggregated,39.800000,0.000000,1700,1900,1900,2000,2200,2400,2600,2900,3400,4000,4000,2432,0,1700.0,1753.255866164708,572.6996220182627,4020.2549140667543,184.34333881578948
1760563943,0,,Aggregated,39.800000,0.000000,1700,1900,1900,2000,2200,2400,2600,2900,3400,4000,4000,2432,0,1700.0,1753.255866164708,572.6996220182627,4020.2549140667543,184.34333881578948
1760563944,0,,Aggregated,39.800000,0.000000,1700,1900,1900,2000,2200,2400,2600,2900,3400,4000,4000,2432,0,1700.0,1753.255866164708,572.6996220182627,4020.2549140667543,184.34333881578948
1760563945,0,,Aggregated,39.800000,0.000000,1700,1900,1900,2000,2200,2400,2600,2900,3400,4000,4000,2432,0,1700.0,1753.255866164708,572.6996220182627,4020.2549140667543,184.34333881578948
1760563946,0,,Aggregated,39.800000,0.000000,1700,1900,1900,2000,2200,2400,2600,2900,3400,4000,4000,2432,0,1700.0,1753.255866164708,572.6996220182627,4020.2549140667543,184.34333881578948
1760563947,0,,Aggregated,39.800000,0.000000,1700,1900,1900,2000,2200,2400,2600,2900,3400,4000,4000,2432,0,1700.0,1753.255866164708,572.6996220182627,4020.2549140667543,184.34333881578948
1760563948,0,,Aggregated,39.800000,0.000000,1700,1900,1900,2000,2200,2400,2600,2900,3400,4000,4000,2432,0,1700.0,1753.255866164708,572.6996220182627,4020.2549140667543,184.34333881578948
1760563949,0,,Aggregated,39.800000,0.000000,1700,1900,1900,2000,2200,2400,2600,2900,3400,4000,4000,2432,0,1700.0,1753.255866164708,572.6996220182627,4020.2549140667543,184.34333881578948
1760563950,0,,Aggregated,39.800000,0.000000,1700,1900,1900,2000,2200,2400,2600,2900,3400,4000,4000,2432,0,1700.0,1753.255866164708,572.6996220182627,4020.2549140667543,184.34333881578948
1760563951,0,,Aggregated,39.800000,0.000000,1700,1900,1900,2000,2200,2400,2600,2900,3400,4000,4000,2432,0,1700.0,1753.255866164708,572.6996220182627,4020.2549140667543,184.34333881578948
1760563952,0,,Aggregated,39.800000,0.000000,1700,1900,1900,2000,2200,2400,2600,2900,3400,4000,4000,2432,0,1700.0,1753.255866164708,572.6996220182627,4020.2549140667543,184.34333881578948
1760563953,0,,Aggregated,39.800000,0.000000,1700,1900,1900,2000,2200,2400,2600,2900,3400,4000,4000,2432,0,1700.0,1753.255866164708,572.6996220182627,4020.2549140667543,184.34333881578948
1760563954,0,,Aggregated,39.800000,0.000000,1700,1900,1900,2000,2200,2400,2600,2900,3400,4000,4000,2432,0,1700.0,1753.255866164708,572.6996220182627,4020.2549140667543,184.34333881578948
1760563955,0,,Aggregated,39.800000,0.000000,1700,1900,1900,2000,2200,2400,2600,2900,3400,4000,4000,2432,0,1700.0,1753.255866164708,572.6996220182627,4020.2549140667543,184.34333881578948
1760563956,0,,Aggregated,39.800000,0.000000,1700,1900,1900,2000,2200,2400,2600,2900,3400,4000,4000,2432,0,1700.0,1753.255866164708,572.6996220182627,4020.2549140667543,184.34333881578948
1760563957,0,,Aggregated,39.800000,0.000000,1700,1900,1900,2000,2200,2400,2600,2900,3400,4000,4000,2432,0,1700.0,1753.255866164708,572.6996220182627,4020.2549140667543,184.34333881578948
1760563958,0,,Aggregated,39.800000,0.000000,1700,1900,1900,2000,2200,2400,2600,2900,3400,4000,4000,2432,0,1700.0,1753.255866164708,572.6996220182627,4020.2549140667543,184.34333881578948
1760563959,0,,Aggregated,39.800000,0.000000,1700,1900,1900,2000,2200,2400,2600,2900,3400,4000,4000,2432,0,1700.0,1753.255866164708,572.6996220182627,4020.2549140667543,184.34333881578948
1760563960,0,,Aggregated,39.800000,0.000000,1700,1900,1900,2000,2200,2400,2600,2900,3400,4000,4000,2432,0,1700.0,1753.255866164708,572.6996220182627,4020.2549140667543,184.34333881578948
1760563961,0,,Aggregated,39.800000,0.000000,1700,1900,1900,2000,2200,2400,2600,2900,3400,4000,4000,2432,0,1700.0,1753.255866164708,572.6996220182627,4020.2549140667543,184.34333881578948
1760563962,0,,Aggregated,39.800000,0.000000,1700,1900,1900,2000,2200,2400,2600,2900,3400,4000,4000,2432,0,1700.0,1753.255866164708,572.6996220182627,4020.2549140667543,184.34333881578948
1760563963,0,,Aggregated,39.800000,0.000000,1700,1900,1900,2000,2200,2400,2600,2900,3400,4000,4000,2432,0,1700.0,1753.255866164708,572.6996220182627,4020.2549140667543,184.34333881578948
1760563964,0,,Aggregated,39.800000,0.000000,1700,1900,1900,2000,2200,2400,2600,2900,3400,4000,4000,2432,0,1700.0,1753.255866164708,572.6996220182627,4020.2549140667543,184.34333881578948
1760563965,0,,Aggregated,39.800000,0.000000,1700,1900,1900,2000,2200,2400,2600,2900,3400,4000,4000,2432,0,1700.0,1753.255866164708,572.6996220182627,4020.2549140667543,184.34333881578948
1760563966,0,,Aggregated,39.800000,0.000000,1700,1900,1900,2000,2200,2400,2600,2900,3400,4000,4000,2432,0,1700.0,1753.255866164708,572.6996220182627,4020.2549140667543,184.34333881578948
1760563967,0,,Aggregated,39.800000,0.000000,1700,1900,1900,2000,2200,2400,2600,2900,3400,4000,4000,2432,0,1700.0,1753.255866164708,572.6996220182627,4020.2549140667543,184.34333881578948
1760563968,0,,Aggregated,39.800000,0.000000,1700,1900,1900,2000,2200,2400,2600,2900,3400,4000,4000,2432,0,1700.0,1753.255866164708,572.6996220182627,4020.2549140667543,184.34333881578948
1760563969,0,,Aggregated,39.800000,0.000000,1700,1900,1900,2000,2200,2400,2600,2900,3400,4000,4000,2432,0,1700.0,1753.255866164708,572.6996220182627,4020.2549140667543,184.34333881578948
1760563970,0,,Aggregated,39.800000,0.000000,1700,1900,1900,2000,2200,2400,2600,2900,3400,4000,4000,2432,0,1700.0,1753.255866164708,572.6996220182627,4020.2549140667543,184.34333881578948
1760563971,0,,Aggregated,39.800000,0.000000,1700,1900,1900,2000,2200,2400,2600,2900,3400,4000,4000,2432,0,1700.0,1753.255866164708,572.6996220182627,4020.2549140667543,184.34333881578948
1760563972,0,,Aggregated,39.800000,0.000000,1700,1900,1900,2000,2200,2400,2600,2900,3400,4000,4000,2432,0,1700.0,1753.255866164708,572.6996220182627,4020.2549140667543,184.34333881578948
1760563973,0,,Aggregated,39.800000,0.000000,1700,1900,1900,2000,2200,2400,2600,2900,3400,4000,4000,2432,0,1700.0,1753.255866164708,572.6996220182627,4020.2549140667543,184.34333881578948
1760563974,0,,Aggregated,39.800000,0.000000,1700,1900,1900,2000,2200,2400,2600,2900,3400,4000,4000,2432,0,1700.0,1753.255866164708,572.6996220182627,4020.2549140667543,184.34333881578948
1760563975,0,,Aggregated,39.800000,0.000000,1700,1900,1900,2000,2200,2400,2600,2900,3400,4000,4000,2432,0,1700.0,1753.255866164708,572.6996220182627,4020.2549140667543,184.34333881578948
1760563976,0,,Aggregated,39.800000,0.000000,1700,1900,1900,2000,2200,2400,2600,2900,3400,4000,4000,2432,0,1700.0,1753.255866164708,572.6996220182627,4020.2549140667543,184.34333881578948
1760563977,0,,Aggregated,39.800000,0.000000,1700,1900,1900,2000,2200,2400,2600,2900,3400,4000,4000,2432,0,1700.0,1753.255866164708,572.6996220182627,4020.2549140667543,184.34333881578948
1760563978,0,,Aggregated,39.800000,0.000000,1700,1900,1900,2000,2200,2400,2600,2900,3400,4000,4000,2432,0,1700.0,1753.255866164708,572.6996220182627,4020.2549140667543,184.34333881578948
1760563979,0,,Aggregated,39.800000,0.000000,1700,1900,1900,2000,2200,2400,2600,2900,3400,4000,4000,2432,0,1700.0,1753.255866164708,572.6996220182627,4020.2549140667543,184.34333881578948
1760563980,0,,Aggregated,39.800000,0.000000,1700,1900,1900,2000,2200,2400,2600,2900,3400,4000,4000,2432,0,1700.0,1753.255866164708,572.6996220182627,4020.2549140667543,184.34333881578948
1760563981,0,,Aggregated,39.800000,0.000000,1700,1900,1900,2000,2200,2400,2600,2900,3400,4000,4000,2432,0,1700.0,1753.255866164708,572.6996220182627,4020.2549140667543,184.34333881578948
1760563982,0,,Aggregated,39.800000,0.000000,1700,1900,1900,2000,2200,2400,2600,2900,3400,4000,4000,2432,0,1700.0,1753.255866164708,572.6996220182627,4020.2549140667543,184.34333881578948
1760563983,0,,Aggregated,39.800000,0.000000,1700,1900,1900,2000,2200,2400,2600,2900,3400,4000,4000,2432,0,1700.0,1753.255866164708,572.6996220182627,4020.2549140667543,184.34333881578948
1760563984,0,,Aggregated,39.800000,0.000000,1700,1900,1900,2000,2200,2400,2600,2900,3400,4000,4000,2432,0,1700.0,1753.255866164708,572.6996220182627,4020.2549140667543,184.34333881578948
1760563985,0,,Aggregated,39.800000,0.000000,1700,1900,1900,2000,2200,2400,2600,2900,3400,4000,4000,2432,0,1700.0,1753.255866164708,572.6996220182627,4020.2549140667543,184.34333881578948
1760563986,0,,Aggregated,39.800000,0.000000,1700,1900,1900,2000,2200,2400,2600,2900,3400,4000,4000,2432,0,1700.0,1753.255866164708,572.6996220182627,4020.2549140667543,184.34333881578948
1760563987,0,,Aggregated,39.800000,0.000000,1700,1900,1900,2000,2200,2400,2600,2900,3400,4000,4000,2432,0,1700.0,1753.255866164708,572.6996220182627,4020.2549140667543,184.34333881578948
1760563988,0,,Aggregated,39.800000,0.000000,1700,1900,1900,2000,2200,2400,2600,2900,3400,4000,4000,2432,0,1700.0,1753.255866164708,572.6996220182627,4020.2549140667543,184.34333881578948
1760563989,0,,Aggregated,39.800000,0.000000,1700,1900,1900,2000,2200,2400,2600,2900,3400,4000,4000,2432,0,1700.0,1753.255866164708,572.6996220182627,4020.2549140667543,184.34333881578948
1760563990,0,,Aggregated,39.800000,0.000000,1700,1900,1900,2000,2200,2400,2600,2900,3400,4000,4000,2432,0,1700.0,1753.255866164708,572.6996220182627,4020.2549140667543,184.34333881578948
1760563991,0,,Aggregated,39.800000,0.000000,1700,1900,1900,2000,2200,2400,2600,2900,3400,4000,4000,2432,0,1700.0,1753.255866164708,572.6996220182627,4020.2549140667543,184.34333881578948
1760563992,0,,Aggregated,39.800000,0.000000,1700,1900,1900,2000,2200,2400,2600,2900,3400,4000,4000,2432,0,1700.0,1753.255866164708,572.6996220182627,4020.2549140667543,184.34333881578948
1760563993,0,,Aggregated,39.800000,0.000000,1700,1900,1900,2000,2200,2400,2600,2900,3400,4000,4000,2432,0,1700.0,1753.255866164708,572.6996220182627,4020.2549140667543,184.34333881578948
1760563994,0,,Aggregated,39.800000,0.000000,1700,1900,1900,2000,2200,2400,2600,2900,3400,4000,4000,2432,0,1700.0,1753.255866164708,572.6996220182627,4020.2549140667543,184.34333881578948
1760563995,0,,Aggregated,39.800000,0.000000,1700,1900,1900,2000,2200,2400,2600,2900,3400,4000,4000,2432,0,1700.0,1753.255866164708,572.6996220182627,4020.2549140667543,184.34333881578948
1760563996,0,,Aggregated,39.800000,0.000000,1700,1900,1900,2000,2200,2400,2600,2900,3400,4000,4000,2432,0,1700.0,1753.255866164708,572.6996220182627,4020.2549140667543,184.34333881578948
1760563997,0,,Aggregated,39.800000,0.000000,1700,1900,1900,2000,2200,2400,2600,2900,3400,4000,4000,2432,0,1700.0,1753.255866164708,572.6996220182627,4020.2549140667543,184.34333881578948
1760563998,0,,Aggregated,39.800000,0.000000,1700,1900,1900,2000,2200,2400,2600,2900,3400,4000,4000,2432,0,1700.0,1753.255866164708,572.6996220182627,4020.2549140667543,184.34333881578948
1760563999,0,,Aggregated,39.800000,0.000000,1700,1900,1900,2000,2200,2400,2600,2900,3400,4000,4000,2432,0,1700.0,1753.255866164708,572.6996220182627,4020.2549140667543,184.34333881578948
1760564000,0,,Aggregated,39.800000,0.000000,1700,1900,1900,2000,2200,2400,2600,2900,3400,4000,4000,2432,0,1700.0,1753.255866164708,572.6996220182627,4020.2549140667543,184.34333881578948
1760564001,0,,Aggregated,39.800000,0.000000,1700,1900,1900,2000,2200,2400,2600,2900,3400,4000,4000,2432,0,1700.0,1753.255866164708,572.6996220182627,4020.2549140667543,184.34333881578948
1760564002,0,,Aggregated,39.800000,0.000000,1700,1900,1900,2000,2200,2400,2600,2900,3400,4000,4000,2432,0,1700.0,1753.255866164708,572.6996220182627,4020.2549140667543,184.34333881578948
1760564003,0,,Aggregated,39.800000,0.000000,1700,1900,1900,2000,2200,2400,2600,2900,3400,4000,4000,2432,0,1700.0,1753.255866164708,572.6996220182627,4020.2549140667543,184.34333881578948
1760564004,0,,Aggregated,39.800000,0.000000,1700,1900,1900,2000,2200,2400,2600,2900,3400,4000,4000,2432,0,1700.0,1753.255866164708,572.6996220182627,4020.2549140667543,184.34333881578948
1760564005,0,,Aggregated,39.800000,0.000000,1700,1900,1900,2000,2200,2400,2600,2900,3400,4000,4000,2432,0,1700.0,1753.255866164708,572.6996220182627,4020.2549140667543,184.34333881578948
1760564006,0,,Aggregated,39.800000,0.000000,1700,1900,1900,2000,2200,2400,2600,2900,3400,4000,4000,2432,0,1700.0,1753.255866164708,572.6996220182627,4020.2549140667543,184.34333881578948
1760564007,0,,Aggregated,39.800000,0.000000,1700,1900,1900,2000,2200,2400,2600,2900,3400,4000,4000,2432,0,1700.0,1753.255866164708,572.6996220182627,4020.2549140667543,184.34333881578948
1760564008,0,,Aggregated,39.800000,0.000000,1700,1900,1900,2000,2200,2400,2600,2900,3400,4000,4000,2432,0,1700.0,1753.255866164708,572.6996220182627,4020.2549140667543,184.34333881578948
1760564009,0,,Aggregated,39.800000,0.000000,1700,1900,1900,2000,2200,2400,2600,2900,3400,4000,4000,2432,0,1700.0,1753.255866164708,572.6996220182627,4020.2549140667543,184.34333881578948
1760564010,0,,Aggregated,39.800000,0.000000,1700,1900,1900,2000,2200,2400,2600,2900,3400,4000,4000,2432,0,1700.0,1753.255866164708,572.6996220182627,4020.2549140667543,184.34333881578948
1760564011,0,,Aggregated,39.800000,0.000000,1700,1900,1900,2000,2200,2400,2600,2900,3400,4000,4000,2432,0,1700.0,1753.255866164708,572.6996220182627,4020.2549140667543,184.34333881578948
1760564012,0,,Aggregated,39.800000,0.000000,1700,1900,1900,2000,2200,2400,2600,2900,3400,4000,4000,2432,0,1700.0,1753.255866164708,572.6996220182627,4020.2549140667543,184.34333881578948
1760564013,0,,Aggregated,39.800000,0.000000,1700,1900,1900,2000,2200,2400,2600,2900,3400,4000,4000,2432,0,1700.0,1753.255866164708,572.6996220182627,4020.2549140667543,184.34333881578948
1760564014,0,,Aggregated,39.800000,0.000000,1700,1900,1900,2000,2200,2400,2600,2900,3400,4000,4000,2432,0,1700.0,1753.255866164708,572.6996220182627,4020.2549140667543,184.34333881578948
1760564015,0,,Aggregated,39.800000,0.000000,1700,1900,1900,2000,2200,2400,2600,2900,3400,4000,4000,2432,0,1700.0,1753.255866164708,572.6996220182627,4020.2549140667543,184.34333881578948
1760564016,0,,Aggregated,39.800000,0.000000,1700,1900,1900,2000,2200,2400,2600,2900,3400,4000,4000,2432,0,1700.0,1753.255866164708,572.6996220182627,4020.2549140667543,184.34333881578948
1760564017,0,,Aggregated,39.800000,0.000000,1700,1900,1900,2000,2200,2400,2600,2900,3400,4000,4000,2432,0,1700.0,1753.255866164708,572.6996220182627,4020.2549140667543,184.34333881578948
1760564018,0,,Aggregated,39.800000,0.000000,1700,1900,1900,2000,2200,2400,2600,2900,3400,4000,4000,2432,0,1700.0,1753.255866164708,572.6996220182627,4020.2549140667543,184.34333881578948
1760564019,0,,Aggregated,39.800000,0.000000,1700,1900,1900,2000,2200,2400,2600,2900,3400,4000,4000,2432,0,1700.0,1753.255866164708,572.6996220182627,4020.2549140667543,184.34333881578948
1760564020,0,,Aggregated,39.800000,0.000000,1700,1900,1900,2000,2200,2400,2600,2900,3400,4000,4000,2432,0,1700.0,1753.255866164708,572.6996220182627,4020.2549140667543,184.34333881578948
1760564021,0,,Aggregated,39.800000,0.000000,1700,1900,1900,2000,2200,2400,2600,2900,3400,4000,4000,2432,0,1700.0,1753.255866164708,572.6996220182627,4020.2549140667543,184.34333881578948
1760564022,0,,Aggregated,39.800000,0.000000,1700,1900,1900,2000,2200,2400,2600,2900,3400,4000,4000,2432,0,1700.0,1753.255866164708,572.6996220182627,4020.2549140667543,184.34333881578948
1760564023,0,,Aggregated,39.800000,0.000000,1700,1900,1900,2000,2200,2400,2600,2900,3400,4000,4000,2432,0,1700.0,1753.255866164708,572.6996220182627,4020.2549140667543,184.34333881578948
1760564024,0,,Aggregated,39.800000,0.000000,1700,1900,1900,2000,2200,2400,2600,2900,3400,4000,4000,2432,0,1700.0,1753.255866164708,572.6996220182627,4020.2549140667543,184.34333881578948
1760564025,0,,Aggregated,39.800000,0.000000,1700,1900,1900,2000,2200,2400,2600,2900,3400,4000,4000,2432,0,1700.0,1753.255866164708,572.6996220182627,4020.2549140667543,184.34333881578948
1760564026,0,,Aggregated,39.800000,0.000000,1700,1900,1900,2000,2200,2400,2600,2900,3400,4000,4000,2432,0,1700.0,1753.255866164708,572.6996220182627,4020.2549140667543,184.34333881578948
1760564027,0,,Aggregated,39.800000,0.000000,1700,1900,1900,2000,2200,2400,2600,2900,3400,4000,4000,2432,0,1700.0,1753.255866164708,572.6996220182627,4020.2549140667543,184.34333881578948
1760564028,0,,Aggregated,39.800000,0.000000,1700,1900,1900,2000,2200,2400,2600,2900,3400,4000,4000,2432,0,1700.0,1753.255866164708,572.6996220182627,4020.2549140667543,184.34333881578948
1760564029,0,,Aggregated,39.800000,0.000000,1700,1900,1900,2000,2200,2400,2600,2900,3400,4000,4000,2432,0,1700.0,1753.255866164708,572.6996220182627,4020.2549140667543,184.34333881578948
1760564030,0,,Aggregated,39.800000,0.000000,1700,1900,1900,2000,2200,2400,2600,2900,3400,4000,4000,2432,0,1700.0,1753.255866164708,572.6996220182627,4020.2549140667543,184.34333881578948
1760564031,0,,Aggregated,39.800000,0.000000,1700,1900,1900,2000,2200,2400,2600,2900,3400,4000,4000,2432,0,1700.0,1753.255866164708,572.6996220182627,4020.2549140667543,184.34333881578948
1760564032,0,,Aggregated,39.800000,0.000000,1700,1900,1900,2000,2200,2400,2600,2900,3400,4000,4000,2432,0,1700.0,1753.255866164708,572.6996220182627,4020.2549140667543,184.34333881578948
1760564033,0,,Aggregated,39.800000,0.000000,1700,1900,1900,2000,2200,2400,2600,2900,3400,4000,4000,2432,0,1700.0,1753.255866164708,572.6996220182627,4020.2549140667543,184.34333881578948
1760564034,0,,Aggregated,39.800000,0.000000,1700,1900,1900,2000,2200,2400,2600,2900,3400,4000,4000,2432,0,1700.0,1753.255866164708,572.6996220182627,4020.2549140667543,184.34333881578948
1760564035,0,,Aggregated,39.800000,0.000000,1700,1900,1900,2000,2200,2400,2600,2900,3400,4000,4000,2432,0,1700.0,1753.255866164708,572.6996220182627,4020.2549140667543,184.34333881578948
1760564036,0,,Aggregated,39.800000,0.000000,1700,1900,1900,2000,2200,2400,2600,2900,3400,4000,4000,2432,0,1700.0,1753.255866164708,572.6996220182627,4020.2549140667543,184.34333881578948
1760564037,0,,Aggregated,39.800000,0.000000,1700,1900,1900,2000,2200,2400,2600,2900,3400,4000,4000,2432,0,1700.0,1753.255866164708,572.6996220182627,4020.2549140667543,184.34333881578948
1760564038,0,,Aggregated,39.800000,0.000000,1700,1900,1900,2000,2200,2400,2600,2900,3400,4000,4000,2432,0,1700.0,1753.255866164708,572.6996220182627,4020.2549140667543,184.34333881578948
1760564039,0,,Aggregated,39.800000,0.000000,1700,1900,1900,2000,2200,2400,2600,2900,3400,4000,4000,2432,0,1700.0,1753.255866164708,572.6996220182627,4020.2549140667543,184.34333881578948
1760564040,0,,Aggregated,39.800000,0.000000,1700,1900,1900,2000,2200,2400,2600,2900,3400,4000,4000,2432,0,1700.0,1753.255866164708,572.6996220182627,4020.2549140667543,184.34333881578948
1760564041,0,,Aggregated,39.800000,0.000000,1700,1900,1900,2000,2200,2400,2600,2900,3400,4000,4000,2432,0,1700.0,1753.255866164708,572.6996220182627,4020.2549140667543,184.34333881578948
1760564042,0,,Aggregated,39.800000,0.000000,1700,1900,1900,2000,2200,2400,2600,2900,3400,4000,4000,2432,0,1700.0,1753.255866164708,572.6996220182627,4020.2549140667543,184.34333881578948
1760564043,0,,Aggregated,39.800000,0.000000,1700,1900,1900,2000,2200,2400,2600,2900,3400,4000,4000,2432,0,1700.0,1753.255866164708,572.6996220182627,4020.2549140667543,184.34333881578948
1760564044,0,,Aggregated,39.800000,0.000000,1700,1900,1900,2000,2200,2400,2600,2900,3400,4000,4000,2432,0,1700.0,1753.255866164708,572.6996220182627,4020.2549140667543,184.34333881578948
1760564045,0,,Aggregated,39.800000,0.000000,1700,1900,1900,2000,2200,2400,2600,2900,3400,4000,4000,2432,0,1700.0,1753.255866164708,572.6996220182627,4020.2549140667543,184.34333881578948
1760564046,0,,Aggregated,39.800000,0.000000,1700,1900,1900,2000,2200,2400,2600,2900,3400,4000,4000,2432,0,1700.0,1753.255866164708,572.6996220182627,4020.2549140667543,184.34333881578948
1760564047,0,,Aggregated,39.800000,0.000000,1700,1900,1900,2000,2200,2400,2600,2900,3400,4000,4000,2432,0,1700.0,1753.255866164708,572.6996220182627,4020.2549140667543,184.34333881578948
1760564048,0,,Aggregated,39.800000,0.000000,1700,1900,1900,2000,2200,2400,2600,2900,3400,4000,4000,2432,0,1700.0,1753.255866164708,572.6996220182627,4020.2549140667543,184.34333881578948
1760564049,0,,Aggregated,39.800000,0.000000,1700,1900,1900,2000,2200,2400,2600,2900,3400,4000,4000,2432,0,1700.0,1753.255866164708,572.6996220182627,4020.2549140667543,184.34333881578948
1760564050,0,,Aggregated,39.800000,0.000000,1700,1900,1900,2000,2200,2400,2600,2900,3400,4000,4000,2432,0,1700.0,1753.255866164708,572.6996220182627,4020.2549140667543,184.34333881578948
1760564051,0,,Aggregated,39.800000,0.000000,1700,1900,1900,2000,2200,2400,2600,2900,3400,4000,4000,2432,0,1700.0,1753.255866164708,572.6996220182627,4020.2549140667543,184.34333881578948
1760564052,0,,Aggregated,39.800000,0.000000,1700,1900,1900,2000,2200,2400,2600,2900,3400,4000,4000,2432,0,1700.0,1753.255866164708,572.6996220182627,4020.2549140667543,184.34333881578948
1760564053,0,,Aggregated,39.800000,0.000000,1700,1900,1900,2000,2200,2400,2600,2900,3400,4000,4000,2432,0,1700.0,1753.255866164708,572.6996220182627,4020.2549140667543,184.34333881578948
1760564054,0,,Aggregated,39.800000,0.000000,1700,1900,1900,2000,2200,2400,2600,2900,3400,4000,4000,2432,0,1700.0,1753.255866164708,572.6996220182627,4020.2549140667543,184.34333881578948
1760564055,0,,Aggregated,39.800000,0.000000,1700,1900,1900,2000,2200,2400,2600,2900,3400,4000,4000,2432,0,1700.0,1753.255866164708,572.6996220182627,4020.2549140667543,184.34333881578948
1760564056,0,,Aggregated,39.800000,0.000000,1700,1900,1900,2000,2200,2400,2600,2900,3400,4000,4000,2432,0,1700.0,1753.255866164708,572.6996220182627,4020.2549140667543,184.34333881578948
1760564057,0,,Aggregated,39.800000,0.000000,1700,1900,1900,2000,2200,2400,2600,2900,3400,4000,4000,2432,0,1700.0,1753.255866164708,572.6996220182627,4020.2549140667543,184.34333881578948
1760564058,0,,Aggregated,39.800000,0.000000,1700,1900,1900,2000,2200,2400,2600,2900,3400,4000,4000,2432,0,1700.0,1753.255866164708,572.6996220182627,4020.2549140667543,184.34333881578948
1760564059,0,,Aggregated,39.800000,0.000000,1700,1900,1900,2000,2200,2400,2600,2900,3400,4000,4000,2432,0,1700.0,1753.255866164708,572.6996220182627,4020.2549140667543,184.34333881578948
1760564060,0,,Aggregated,39.800000,0.000000,1700,1900,1900,2000,2200,2400,2600,2900,3400,4000,4000,2432,0,1700.0,1753.255866164708,572.6996220182627,4020.2549140667543,184.34333881578948
1760564061,0,,Aggregated,39.800000,0.000000,1700,1900,1900,2000,2200,2400,2600,2900,3400,4000,4000,2432,0,1700.0,1753.255866164708,572.6996220182627,4020.2549140667543,184.34333881578948
1760564062,0,,Aggregated,39.800000,0.000000,1700,1900,1900,2000,2200,2400,2600,2900,3400,4000,4000,2432,0,1700.0,1753.255866164708,572.6996220182627,4020.2549140667543,184.34333881578948
1760564063,0,,Aggregated,39.800000,0.000000,1700,1900,1900,2000,2200,2400,2600,2900,3400,4000,4000,2432,0,1700.0,1753.255866164708,572.6996220182627,4020.2549140667543,184.34333881578948
1760564064,0,,Aggregated,39.800000,0.000000,1700,1900,1900,2000,2200,2400,2600,2900,3400,4000,4000,2432,0,1700.0,1753.255866164708,572.6996220182627,4020.2549140667543,184.34333881578948
1760564065,0,,Aggregated,39.800000,0.000000,1700,1900,1900,2000,2200,2400,2600,2900,3400,4000,4000,2432,0,1700.0,1753.255866164708,572.6996220182627,4020.2549140667543,184.34333881578948
1760564066,0,,Aggregated,39.800000,0.000000,1700,1900,1900,2000,2200,2400,2600,2900,3400,4000,4000,2432,0,1700.0,1753.255866164708,572.6996220182627,4020.2549140667543,184.34333881578948
1760564067,0,,Aggregated,39.800000,0.000000,1700,1900,1900,2000,2200,2400,2600,2900,3400,4000,4000,2432,0,1700.0,1753.255866164708,572.6996220182627,4020.2549140667543,184.34333881578948
1760564068,0,,Aggregated,39.800000,0.000000,1700,1900,1900,2000,2200,2400,2600,2900,3400,4000,4000,2432,0,1700.0,1753.255866164708,572.6996220182627,4020.2549140667543,184.34333881578948
1760564069,0,,Aggregated,39.800000,0.000000,1700,1900,1900,2000,2200,2400,2600,2900,3400,4000,4000,2432,0,1700.0,1753.255866164708,572.6996220182627,4020.2549140667543,184.34333881578948
1760564070,0,,Aggregated,39.800000,0.000000,1700,1900,1900,2000,2200,2400,2600,2900,3400,4000,4000,2432,0,1700.0,1753.255866164708,572.6996220182627,4020.2549140667543,184.34333881578948
1760564071,0,,Aggregated,39.800000,0.000000,1700,1900,1900,2000,2200,2400,2600,2900,3400,4000,4000,2432,0,1700.0,1753.255866164708,572.6996220182627,4020.2549140667543,184.34333881578948
1760564072,0,,Aggregated,39.800000,0.000000,1700,1900,1900,2000,2200,2400,2600,2900,3400,4000,4000,2432,0,1700.0,1753.255866164708,572.6996220182627,4020.2549140667543,184.34333881578948
1760564073,0,,Aggregated,39.800000,0.000000,1700,1900,1900,2000,2200,2400,2600,2900,3400,4000,4000,2432,0,1700.0,1753.255866164708,572.6996220182627,4020.2549140667543,184.34333881578948
1760564074,0,,Aggregated,39.800000,0.000000,1700,1900,1900,2000,2200,2400,2600,2900,3400,4000,4000,2432,0,1700.0,1753.255866164708,572.6996220182627,4020.2549140667543,184.34333881578948
1760564075,0,,Aggregated,39.800000,0.000000,1700,1900,1900,2000,2200,2400,2600,2900,3400,4000,4000,2432,0,1700.0,1753.255866164708,572.6996220182627,4020.2549140667543,184.34333881578948
1760564076,0,,Aggregated,39.800000,0.000000,1700,1900,1900,2000,2200,2400,2600,2900,3400,4000,4000,2432,0,1700.0,1753.255866164708,572.6996220182627,4020.2549140667543,184.34333881578948
1760564077,0,,Aggregated,39.800000,0.000000,1700,1900,1900,2000,2200,2400,2600,2900,3400,4000,4000,2432,0,1700.0,1753.255866164708,572.6996220182627,4020.2549140667543,184.34333881578948
1760564078,0,,Aggregated,39.800000,0.000000,1700,1900,1900,2000,2200,2400,2600,2900,3400,4000,4000,2432,0,1700.0,1753.255866164708,572.6996220182627,4020.2549140667543,184.34333881578948
1760564079,0,,Aggregated,39.800000,0.000000,1700,1900,1900,2000,2200,2400,2600,2900,3400,4000,4000,2432,0,1700.0,1753.255866164708,572.6996220182627,4020.2549140667543,184.34333881578948
1760564080,0,,Aggregated,39.800000,0.000000,1700,1900,1900,2000,2200,2400,2600,2900,3400,4000,4000,2432,0,1700.0,1753.255866164708,572.6996220182627,4020.2549140667543,184.34333881578948
1760564081,0,,Aggregated,39.800000,0.000000,1700,1900,1900,2000,2200,2400,2600,2900,3400,4000,4000,2432,0,1700.0,1753.255866164708,572.6996220182627,4020.2549140667543,184.34333881578948
1760564082,0,,Aggregated,39.800000,0.000000,1700,1900,1900,2000,2200,2400,2600,2900,3400,4000,4000,2432,0,1700.0,1753.255866164708,572.6996220182627,4020.2549140667543,184.34333881578948
1760564083,0,,Aggregated,39.800000,0.000000,1700,1900,1900,2000,2200,2400,2600,2900,3400,4000,4000,2432,0,1700.0,1753.255866164708,572.6996220182627,4020.2549140667543,184.34333881578948
1760564084,0,,Aggregated,39.800000,0.000000,1700,1900,1900,2000,2200,2400,2600,2900,3400,4000,4000,2432,0,1700.0,1753.255866164708,572.6996220182627,4020.2549140667543,184.34333881578948
1760564085,0,,Aggregated,39.800000,0.000000,1700,1900,1900,2000,2200,2400,2600,2900,3400,4000,4000,2432,0,1700.0,1753.255866164708,572.6996220182627,4020.2549140667543,184.34333881578948
1760564086,0,,Aggregated,39.800000,0.000000,1700,1900,1900,2000,2200,2400,2600,2900,3400,4000,4000,2432,0,1700.0,1753.255866164708,572.6996220182627,4020.2549140667543,184.34333881578948
1760564087,0,,Aggregated,39.800000,0.000000,1700,1900,1900,2000,2200,2400,2600,2900,3400,4000,4000,2432,0,1700.0,1753.255866164708,572.6996220182627,4020.2549140667543,184.34333881578948
1760564088,0,,Aggregated,39.800000,0.000000,1700,1900,1900,2000,2200,2400,2600,2900,3400,4000,4000,2432,0,1700.0,1753.255866164708,572.6996220182627,4020.2549140667543,184.34333881578948
1760564089,0,,Aggregated,39.800000,0.000000,1700,1900,1900,2000,2200,2400,2600,2900,3400,4000,4000,2432,0,1700.0,1753.255866164708,572.6996220182627,4020.2549140667543,184.34333881578948
1760564090,0,,Aggregated,39.800000,0.000000,1700,1900,1900,2000,2200,2400,2600,2900,3400,4000,4000,2432,0,1700.0,1753.255866164708,572.6996220182627,4020.2549140667543,184.34333881578948
1760564091,0,,Aggregated,39.800000,0.000000,1700,1900,1900,2000,2200,2400,2600,2900,3400,4000,4000,2432,0,1700.0,1753.255866164708,572.6996220182627,4020.2549140667543,184.34333881578948
1760564092,0,,Aggregated,39.800000,0.000000,1700,1900,1900,2000,2200,2400,2600,2900,3400,4000,4000,2432,0,1700.0,1753.255866164708,572.6996220182627,4020.2549140667543,184.34333881578948
1760564093,0,,Aggregated,39.800000,0.000000,1700,1900,1900,2000,2200,2400,2600,2900,3400,4000,4000,2432,0,1700.0,1753.255866164708,572.6996220182627,4020.2549140667543,184.34333881578948
1760564094,0,,Aggregated,39.800000,0.000000,1700,1900,1900,2000,2200,2400,2600,2900,3400,4000,4000,2432,0,1700.0,1753.255866164708,572.6996220182627,4020.2549140667543,184.34333881578948
1760564095,0,,Aggregated,39.800000,0.000000,1700,1900,1900,2000,2200,2400,2600,2900,3400,4000,4000,2432,0,1700.0,1753.255866164708,572.6996220182627,4020.2549140667543,184.34333881578948
1760564096,0,,Aggregated,39.800000,0.000000,1700,1900,1900,2000,2200,2400,2600,2900,3400,4000,4000,2432,0,1700.0,1753.255866164708,572.6996220182627,4020.2549140667543,184.34333881578948
1760564097,0,,Aggregated,39.800000,0.000000,1700,1900,1900,2000,2200,2400,2600,2900,3400,4000,4000,2432,0,1700.0,1753.255866164708,572.6996220182627,4020.2549140667543,184.34333881578948
1760564098,0,,Aggregated,39.800000,0.000000,1700,1900,1900,2000,2200,2400,2600,2900,3400,4000,4000,2432,0,1700.0,1753.255866164708,572.6996220182627,4020.2549140667543,184.34333881578948
1760564099,0,,Aggregated,39.800000,0.000000,1700,1900,1900,2000,2200,2400,2600,2900,3400,4000,4000,2432,0,1700.0,1753.255866164708,572.6996220182627,4020.2549140667543,184.34333881578948
1760564100,0,,Aggregated,39.800000,0.000000,1700,1900,1900,2000,2200,2400,2600,2900,3400,4000,4000,2432,0,1700.0,1753.255866164708,572.6996220182627,4020.2549140667543,184.34333881578948
1760564101,0,,Aggregated,39.800000,0.000000,1700,1900,1900,2000,2200,2400,2600,2900,3400,4000,4000,2432,0,1700.0,1753.255866164708,572.6996220182627,4020.2549140667543,184.34333881578948
1760564102,0,,Aggregated,39.800000,0.000000,1700,1900,1900,2000,2200,2400,2600,2900,3400,4000,4000,2432,0,1700.0,1753.255866164708,572.6996220182627,4020.2549140667543,184.34333881578948
1760564103,0,,Aggregated,39.800000,0.000000,1700,1900,1900,2000,2200,2400,2600,2900,3400,4000,4000,2432,0,1700.0,1753.255866164708,572.6996220182627,4020.2549140667543,184.34333881578948
1760564104,0,,Aggregated,39.800000,0.000000,1700,1900,1900,2000,2200,2400,2600,2900,3400,4000,4000,2432,0,1700.0,1753.255866164708,572.6996220182627,4020.2549140667543,184.34333881578948
1760564105,0,,Aggregated,39.800000,0.000000,1700,1900,1900,2000,2200,2400,2600,2900,3400,4000,4000,2432,0,1700.0,1753.255866164708,572.6996220182627,4020.2549140667543,184.34333881578948
1760564106,0,,Aggregated,39.800000,0.000000,1700,1900,1900,2000,2200,2400,2600,2900,3400,4000,4000,2432,0,1700.0,1753.255866164708,572.6996220182627,4020.2549140667543,184.34333881578948
1760564107,0,,Aggregated,39.800000,0.000000,1700,1900,1900,2000,2200,2400,2600,2900,3400,4000,4000,2432,0,1700.0,1753.255866164708,572.6996220182627,4020.2549140667543,184.34333881578948
1760564108,0,,Aggregated,39.800000,0.000000,1700,1900,1900,2000,2200,2400,2600,2900,3400,4000,4000,2432,0,1700.0,1753.255866164708,572.6996220182627,4020.2549140667543,184.34333881578948
1760564109,0,,Aggregated,39.800000,0.000000,1700,1900,1900,2000,2200,2400,2600,2900,3400,4000,4000,2432,0,1700.0,1753.255866164708,572.6996220182627,4020.2549140667543,184.34333881578948
1760564110,0,,Aggregated,39.800000,0.000000,1700,1900,1900,2000,2200,2400,2600,2900,3400,4000,4000,2432,0,1700.0,1753.255866164708,572.6996220182627,4020.2549140667543,184.34333881578948
1760564111,0,,Aggregated,39.800000,0.000000,1700,1900,1900,2000,2200,2400,2600,2900,3400,4000,4000,2432,0,1700.0,1753.255866164708,572.6996220182627,4020.2549140667543,184.34333881578948
1760564112,0,,Aggregated,39.800000,0.000000,1700,1900,1900,2000,2200,2400,2600,2900,3400,4000,4000,2432,0,1700.0,1753.255866164708,572.6996220182627,4020.2549140667543,184.34333881578948
1760564113,0,,Aggregated,39.800000,0.000000,1700,1900,1900,2000,2200,2400,2600,2900,3400,4000,4000,2432,0,1700.0,1753.255866164708,572.6996220182627,4020.2549140667543,184.34333881578948
1760564114,0,,Aggregated,39.800000,0.000000,1700,1900,1900,2000,2200,2400,2600,2900,3400,4000,4000,2432,0,1700.0,1753.255866164708,572.6996220182627,4020.2549140667543,184.34333881578948
1760564115,0,,Aggregated,39.800000,0.000000,1700,1900,1900,2000,2200,2400,2600,2900,3400,4000,4000,2432,0,1700.0,1753.255866164708,572.6996220182627,4020.2549140667543,184.34333881578948
1760564116,0,,Aggregated,39.800000,0.000000,1700,1900,1900,2000,2200,2400,2600,2900,3400,4000,4000,2432,0,1700.0,1753.255866164708,572.6996220182627,4020.2549140667543,184.34333881578948
1760564117,0,,Aggregated,39.800000,0.000000,1700,1900,1900,2000,2200,2400,2600,2900,3400,4000,4000,2432,0,1700.0,1753.255866164708,572.6996220182627,4020.2549140667543,184.34333881578948
1760564118,0,,Aggregated,39.800000,0.000000,1700,1900,1900,2000,2200,2400,2600,2900,3400,4000,4000,2432,0,1700.0,1753.255866164708,572.6996220182627,4020.2549140667543,184.34333881578948
1760564119,0,,Aggregated,39.800000,0.000000,1700,1900,1900,2000,2200,2400,2600,2900,3400,4000,4000,2432,0,1700.0,1753.255866164708,572.6996220182627,4020.2549140667543,184.34333881578948
1760564120,0,,Aggregated,39.800000,0.000000,1700,1900,1900,2000,2200,2400,2600,2900,3400,4000,4000,2432,0,1700.0,1753.255866164708,572.6996220182627,4020.2549140667543,184.34333881578948
1760564121,0,,Aggregated,39.800000,0.000000,1700,1900,1900,2000,2200,2400,2600,2900,3400,4000,4000,2432,0,1700.0,1753.255866164708,572.6996220182627,4020.2549140667543,184.34333881578948
1760564122,0,,Aggregated,39.800000,0.000000,1700,1900,1900,2000,2200,2400,2600,2900,3400,4000,4000,2432,0,1700.0,1753.255866164708,572.6996220182627,4020.2549140667543,184.34333881578948
1760564123,0,,Aggregated,39.800000,0.000000,1700,1900,1900,2000,2200,2400,2600,2900,3400,4000,4000,2432,0,1700.0,1753.255866164708,572.6996220182627,4020.2549140667543,184.34333881578948
1760564124,0,,Aggregated,39.800000,0.000000,1700,1900,1900,2000,2200,2400,2600,2900,3400,4000,4000,2432,0,1700.0,1753.255866164708,572.6996220182627,4020.2549140667543,184.34333881578948
1760564125,0,,Aggregated,39.800000,0.000000,1700,1900,1900,2000,2200,2400,2600,2900,3400,4000,4000,2432,0,1700.0,1753.255866164708,572.6996220182627,4020.2549140667543,184.34333881578948
1760564126,0,,Aggregated,39.800000,0.000000,1700,1900,1900,2000,2200,2400,2600,2900,3400,4000,4000,2432,0,1700.0,1753.255866164708,572.6996220182627,4020.2549140667543,184.34333881578948
1760564127,0,,Aggregated,39.800000,0.000000,1700,1900,1900,2000,2200,2400,2600,2900,3400,4000,4000,2432,0,1700.0,1753.255866164708,572.6996220182627,4020.2549140667543,184.34333881578948
1760564128,0,,Aggregated,39.800000,0.000000,1700,1900,1900,2000,2200,2400,2600,2900,3400,4000,4000,2432,0,1700.0,1753.255866164708,572.6996220182627,4020.2549140667543,184.34333881578948
1760564129,0,,Aggregated,39.800000,0.000000,1700,1900,1900,2000,2200,2400,2600,2900,3400,4000,4000,2432,0,1700.0,1753.255866164708,572.6996220182627,4020.2549140667543,184.34333881578948
1760564130,0,,Aggregated,39.800000,0.000000,1700,1900,1900,2000,2200,2400,2600,2900,3400,4000,4000,2432,0,1700.0,1753.255866164708,572.6996220182627,4020.2549140667543,184.34333881578948
1760564131,0,,Aggregated,39.800000,0.000000,1700,1900,1900,2000,2200,2400,2600,2900,3400,4000,4000,2432,0,1700.0,1753.255866164708,572.6996220182627,4020.2549140667543,184.34333881578948
1760564132,0,,Aggregated,39.800000,0.000000,1700,1900,1900,2000,2200,2400,2600,2900,3400,4000,4000,2432,0,1700.0,1753.255866164708,572.6996220182627,4020.2549140667543,184.34333881578948
1760564133,0,,Aggregated,39.800000,0.000000,1700,1900,1900,2000,2200,2400,2600,2900,3400,4000,4000,2432,0,1700.0,1753.255866164708,572.6996220182627,4020.2549140667543,184.34333881578948
1760564134,0,,Aggregated,39.800000,0.000000,1700,1900,1900,2000,2200,2400,2600,2900,3400,4000,4000,2432,0,1700.0,1753.255866164708,572.6996220182627,4020.2549140667543,184.34333881578948
1760564135,0,,Aggregated,39.800000,0.000000,1700,1900,1900,2000,2200,2400,2600,2900,3400,4000,4000,2432,0,1700.0,1753.255866164708,572.6996220182627,4020.2549140667543,184.34333881578948
1760564136,0,,Aggregated,39.800000,0.000000,1700,1900,1900,2000,2200,2400,2600,2900,3400,4000,4000,2432,0,1700.0,1753.255866164708,572.6996220182627,4020.2549140667543,184.34333881578948
1760564137,0,,Aggregated,39.800000,0.000000,1700,1900,1900,2000,2200,2400,2600,2900,3400,4000,4000,2432,0,1700.0,1753.255866164708,572.6996220182627,4020.2549140667543,184.34333881578948
1760564138,0,,Aggregated,39.800000,0.000000,1700,1900,1900,2000,2200,2400,2600,2900,3400,4000,4000,2432,0,1700.0,1753.255866164708,572.6996220182627,4020.2549140667543,184.34333881578948
1760564139,0,,Aggregated,39.800000,0.000000,1700,1900,1900,2000,2200,2400,2600,2900,3400,4000,4000,2432,0,1700.0,1753.255866164708,572.6996220182627,4020.2549140667543,184.34333881578948
1760564140,0,,Aggregated,39.800000,0.000000,1700,1900,1900,2000,2200,2400,2600,2900,3400,4000,4000,2432,0,1700.0,1753.255866164708,572.6996220182627,4020.2549140667543,184.34333881578948
1760564141,0,,Aggregated,39.800000,0.000000,1700,1900,1900,2000,2200,2400,2600,2900,3400,4000,4000,2432,0,1700.0,1753.255866164708,572.6996220182627,4020.2549140667543,184.34333881578948
